<?xml version="1.0" encoding="UTF-8"?>
<addon id="skin.xperience1080" version="2.2.0" name="Xperience1080" provider-name="`Black">
	<requires>
		<import addon="xbmc.gui" version="5.0.1" />
		<import addon="service.skin.widgets" version="0.0.29" />
		<import addon="script.artwork.downloader" version="12.0.29" />
		<import addon="script.tv.show.next.aired" version="6.0.10" />
		<import addon="script.tvtunes" version="4.4.6" />
		<import addon="script.globalsearch" version="2.0.8" />
		<import addon="script.favourites" version="5.0.2" />
		<import addon="script.artistslideshow" version="1.6.7" />
		<import addon="script.videolanguage" version="0.1.0" />
		<import addon="script.randomandlastitems" version="2.2.0" />
	</requires>
	<extension point="xbmc.gui.skin" defaultthemename="Textures.xbt" effectslowdown="1.00" debugging="false">
		<res width="1920" height="1080" aspect="16:9" default="true" folder="1080i" />
	</extension>
	<extension point="xbmc.addon.metadata">
        <summary lang="de">Black's 1080p Mod des Xperience Skins</summary>
        <summary lang="el">Τροποποίηση (mod) ανάλυσης 1080p του Black για το κέλυφος Xperience</summary>
        <summary lang="en">Black's 1080p mod of the Xperience skin</summary>
        <summary lang="es">Modificación 1080p del skin Xperience, por Black</summary>
        <summary lang="fr">Mod en 1080p du skin Xperience par Black</summary>
        <summary lang="gl">Modificación a 1080p do tema Xperience por Blackbolt</summary>
        <summary lang="he">הפעלת מצב מחשב ציבורי</summary>
        <summary lang="hu">Black 1080p mod az Xperience felszínhez</summary>
        <summary lang="it">Mod 1080p dello skin Xperience</summary>
        <summary lang="ko">Xperience 스킨을 Black이 1080p로 수정한 스킨</summary>
        <summary lang="nl">Black's 1080p mod van de Xperience skin</summary>
        <summary lang="pl">Black 1080p - modyfikacja skórki Xperience</summary>
        <summary lang="ru">1080p мод скина Xperience от Black</summary>
        <description lang="de">Xperience1080 startete als reiner 1080p Mod des Xperience Skins von Team Blackbolt. Mittlerweile wurde der Skin so grundlegend verändert, dass er mit dem originalen Xperience Skin nicht mehr viel gemein hat. Xperience1080 verspricht einen Skin mit hohem Anspruch auf grafische Qualität, flüssigen Animationen und optimal in den Skin integrierten Funktionen/Add-Ons.</description>
        <description lang="el">Το Xperience1080 ξεκίνησε σαν ένα απλό 1080p mod του κελύφους Xperience από την Team Blackbolt. Εν τω μεταξύ το κέλυφος άλλαξε εκ βάθρων σε σημείο που να μην έχει πλέον πολλά κοινά με το αρχικό Xperience. Το Xperience1080 είναι ένα κέλυφος που επικεντρώνεται στην οπτική ποιότητα, τις ομαλές μεταβάσεις και την πολύ καλή ενσωμάτωση λειτουργιών και πρόσθετων.</description>
        <description lang="en">Xperience1080 started as a pure 1080p mod of the Xperience skin by Team Blackbolt. In the meantime the skin changed fundamentally so it now hasn't much in common with the original Xperience skin. Xperience1080 delivers you a skin with focus on graphical quality, smooth animations and very well integrated functions/add-ons.</description>
        <description lang="es">Xperience1080 comenzó como una modificación a 1080p del skin Xperience por Team Blackbolt. Desde entonces, el skin ha cambiado tanto que ya no tiene mucho en común con el skin Xperience original. Xperience1080 le ofrece un skin centrado en la calidad gráfica, las transiciones fluidas y una gran integración con funciones/ complementos.</description>
        <description lang="hu">Az Xperience1080 egy letisztult 1080p mod az Xperience felszínből (Blackbolt). Az eredeti témához képest jelentősen megváltozott, így nem sok köze van az eredeti Xperience felszínhez. Az Xperience1080 fejlesztői a grafikai minőséget, a leggördülékenyebb animációkat és a lehető legjobban integrált extra kiegészítőket és funkciókat tartották szem előtt a felszín készítésekor.</description>
        <description lang="it">Xperience 1080 è partito come mod pura a 1080p dello skin Xperience del Team Blackbolt. Nel frattempo lo skin è cambiato profondamente cosi' ora non ha molto in comune con l'Xperience originale. Xperiece1080 ti consegna uno skin focalizzato sulla qualità della grafica, animazioni morbide e funzioni/add-ons molto ben integrate.</description>
        <description lang="ko">Xperience1080는 Xperience 스킨의 1080p 지원을 위한 Blackbolt팀의 수정판에서 시작하였습니다. 그동안 스킨은 근본적인 변화가 있었고 지금은 원래의 Xperience 스킨과 공통점이 거의 없습니다. Xperience1080는 높은 그래픽 품질, 부드러운 움직임, 기능과 애드온이 잘 통합된 스킨 환경을 제공합니다.</description>
        <description lang="nl">Xperience1080 begon als 1080p modificatie van Team Blackbolt's  Xperience skin. Sindsdien is de skin drastisch gewijzigd, waardoor het tegenwoordig niet veel gemeen heeft met de oorspronkelijke Xperience skin. Xperience1080 presenteert u een skin met de nadruk op grafische kwaliteit, vloeiende animaties en goed geïntegreerde functies en add-ons.</description>
        <description lang="pl">Xperience1080 powstało jako modyfikacja skórki Xperience. Z biegiem czasu skóra zasadniczo się zmieniała, więc teraz nie ma wiele wspólnego z oryginalną skórką Xperience. Xperience1080 kładzie szczególny nacisk na jakość grafiki, animacji i bardzo dobrze zintegrowane funkcje oraz dodatki.</description>
        <description lang="ru">Изначально скин Xperience1080 был создан как адаптация скина Xperience от Team Blackbolt под 1080p. Однако со временем он кардинально изменился и сейчас в нем осталось не так много от своего предка. Xperience1080 спроектирован с упором на высочайшее качество графики, гладкость анимации и хорошую интеграцию функционала и дополнений.</description>
        <disclaimer lang="de">Nur kompatibel mit XBMC 13.x "Gotham".</disclaimer>
        <disclaimer lang="el">Συμβατό μόνο με την έκδοση XBMC 13.x "Gotham".</disclaimer>
        <disclaimer lang="en">Compatible with XBMC 13.x "Gotham" only.</disclaimer>
        <disclaimer lang="es">Solo compatible con XBMC 13.x "Gotham".</disclaimer>
        <disclaimer lang="fr">Compatible avec XBMC 13.x "Gotham" uniquement.</disclaimer>
        <disclaimer lang="gl">Solo compatible con XBMC 13.x "Gotham"</disclaimer>
        <disclaimer lang="he">תומך בגירסת "פרודו" XMBC 13.x בלבד</disclaimer>
        <disclaimer lang="hu">Csak az XBMC 13.x "Gotham"-val kompatibilis</disclaimer>
        <disclaimer lang="it">Compatibile solo con XBMC 13.x "Gotham"</disclaimer>
        <disclaimer lang="ko">XBMC 13.x "Gotham"에서만 사용할 수 있습니다.</disclaimer>
        <disclaimer lang="nl">Alleen compatibel met XBMC 13.x "Gotham".</disclaimer>
        <disclaimer lang="pl">Skóra kompatybilna wyłącznie z XBMC 13.x "Gotham".</disclaimer>
        <disclaimer lang="ru">Совместим только с последними сборками XBMC 13.x "Gotham".</disclaimer>
        <platform>all</platform>
        <license>Creative Commons Attribution-Noncommercial-Share Alike 3.0</license>
        <forum>http://forum.xbmc.org/showthread.php?tid=146690</forum>
        <source>https://github.com/Black09/Xperience1080</source>
        <email>xperience1080 at iCloud dot com</email>
	</extension>
</addon>
