<?xml version="1.0" encoding="UTF-8"?>
<window type="dialog" id="1114">
	<defaultcontrol>22</defaultcontrol>
	<controls>
	<include>HomeWidgetsFanart</include>
	<control type="group" id="22">
    <animation type="WindowOpen" reversible="true">
      <effect type="fade" start="0" end="100" time="300" tween="sine" easing="in"  />
      <effect type="slide" start="0,-55" end="0,0" time="350" tween="cubic" easing="out" />
    </animation>
    <animation type="WindowClose" reversible="true">
      <effect type="fade" start="100" end="0" time="300" tween="sine" easing="inout" />
      <effect type="slide" start="0,0" end="0,-55" time="350" tween="sine" easing="inout" />
    </animation>
    <animation type="Conditional" reversible="false" condition="![Window.IsActive(ShutdownMenu) | Window.IsActive(PlayerControls) | Window.IsActive(Favourites)]">
      <effect type="fade" start="0" end="100" time="300" tween="sine" easing="in"  />
      <effect type="slide" start="0,55" end="0,0" time="350" tween="cubic" easing="out" />
    </animation>
    <animation type="Conditional" reversible="false" condition="Window.IsActive(ShutdownMenu) | Window.IsActive(PlayerControls) | Window.IsActive(Favourites)">
      <effect type="fade" start="100" end="0" time="300" tween="sine" easing="out" />
      <effect type="slide" start="0,0" end="0,55" time="350" tween="sine" easing="out" />
    </animation>

		<!-- ============== -->
		<!-- === Recent === -->
		<!-- ============== -->
		<control type="image">
	    <include>VisibleFadeEffectRecent</include>
		  <visible>Control.HasFocus(81)</visible>
			<top>55</top>
			<width>1280</width>
			<height>593</height>
			<aspectratio align="center">stretch</aspectratio>
			<texture background="true">views/slide/top_bottom_shadows_videos.png</texture>
	  </control>
		<control type="wraplist" id="81">
		 <visible allowhiddenfocus="true">Control.HasFocus(81)</visible>
	    <include>VisibleFadeEffectRecent</include>
			<include>HomeWidgets_ListVars</include>
      <onup>83</onup>
      <ondown>82</ondown>
			<itemlayout width="200" height="280">
				<control type="image">
					<width>200</width>
					<height>280</height>
	        <colordiffuse>FFbbbbbb</colordiffuse>
					<aspectratio aligny="center" align="center">stretch</aspectratio>
					<texture background="true" diffuse="views/slide/poster_diffuse_nf.png" fallback="thumbs/fallback_poster.png">$INFO[ListItem.Icon]</texture>
				</control>
				<control type="group">
					<visible>![IsEmpty(ListItem.Property(RecentEpisode1)) | IsEmpty(ListItem.Property(RecentEpisode2)) | IsEmpty(ListItem.Property(RecentEpisode3)) | IsEmpty(ListItem.Property(RecentEpisode4))]</visible>
					<control type="image">
						<width>100</width>
						<height>140</height>
		        <colordiffuse>FFbbbbbb</colordiffuse>
						<aspectratio aligny="center" align="center">stretch</aspectratio>
						<texture background="true" diffuse="views/slide/poster_diffuse_nf.png">$INFO[ListItem.Property(RecentEpisode1)]</texture>
					</control>
					<control type="image">
						<top>140</top>
						<width>100</width>
						<height>140</height>
		        <colordiffuse>FFbbbbbb</colordiffuse>
						<aspectratio aligny="center" align="center">stretch</aspectratio>
						<texture background="true" diffuse="views/slide/poster_diffuse_nf.png">$INFO[ListItem.Property(RecentEpisode3)]</texture>
					</control>
					<control type="image">
						<left>100</left>
						<width>100</width>
						<height>140</height>
		        <colordiffuse>FFbbbbbb</colordiffuse>
						<aspectratio aligny="center" align="center">stretch</aspectratio>
						<texture background="true" diffuse="views/slide/poster_diffuse_nf.png">$INFO[ListItem.Property(RecentEpisode2)]</texture>
					</control>
					<control type="image">
						<left>100</left>
						<top>140</top>
						<width>100</width>
						<height>140</height>
		        <colordiffuse>FFbbbbbb</colordiffuse>
						<aspectratio aligny="center" align="center">stretch</aspectratio>
						<texture background="true" diffuse="views/slide/poster_diffuse_nf.png">$INFO[ListItem.Property(RecentEpisode4)]</texture>
					</control>
				</control>
			</itemlayout>
			<focusedlayout width="200" height="280">
				<control type="image">
					<width>200</width>
					<height>280</height>
					<aspectratio aligny="center" align="center">stretch</aspectratio>
					<texture background="true" fallback="thumbs/fallback_poster.png">$INFO[ListItem.Icon]</texture>
				</control>
				<control type="group">
					<visible>![IsEmpty(ListItem.Property(RecentEpisode1)) | IsEmpty(ListItem.Property(RecentEpisode2)) | IsEmpty(ListItem.Property(RecentEpisode3)) | IsEmpty(ListItem.Property(RecentEpisode4))]</visible>
					<control type="image">
						<width>100</width>
						<height>140</height>
					  <aspectratio aligny="center" align="center">stretch</aspectratio>
						<texture background="true">$INFO[ListItem.Property(RecentEpisode1)]</texture>
					</control>
					<control type="image">
						<top>140</top>
						<width>100</width>
						<height>140</height>
					  <aspectratio aligny="center" align="center">stretch</aspectratio>
						<texture background="true">$INFO[ListItem.Property(RecentEpisode3)]</texture>
					</control>
					<control type="image">
						<left>100</left>
						<width>100</width>
						<height>140</height>
					  <aspectratio aligny="center" align="center">stretch</aspectratio>
						<texture background="true">$INFO[ListItem.Property(RecentEpisode2)]</texture>
					</control>
					<control type="image">
						<left>100</left>
						<top>140</top>
						<width>100</width>
						<height>140</height>
					   <aspectratio aligny="center" align="center">stretch</aspectratio>
						<texture background="true">$INFO[ListItem.Property(RecentEpisode4)]</texture>
					</control>
				</control>
	      <include>HomeWidgetsLists_VideoLabels</include>
			</focusedlayout>
      <content>
        <include>RecentTVShows</include>
      </content>
		</control>
		<control type="image">
	    <include>VisibleFadeEffectRecent</include>
		  <visible>Control.HasFocus(81)</visible>
			<left>38</left>
			<top>214</top>
			<width>215</width>
			<height>292</height>
			<aspectratio align="center" aligny="center">stretch</aspectratio>
			<texture border="30">views/slide/focus.png</texture>
		</control>


		<!-- =================== -->
		<!-- === Recommended === -->
		<!-- =================== -->
		<control type="image">
	    <include>VisibleFadeEffectRecommended</include>
		  <visible>Control.HasFocus(82)</visible>
			<top>55</top>
			<width>1280</width>
			<height>593</height>
			<aspectratio align="center">stretch</aspectratio>
			<texture background="true">views/slide/top_bottom_shadows_videos.png</texture>
	  </control>
		<control type="wraplist" id="82">
		 <visible allowhiddenfocus="true">Control.HasFocus(82)</visible>
	    <include>VisibleFadeEffectRecommended</include>
			<include>HomeWidgets_ListVars</include>
      <onup>81</onup>
      <ondown>83</ondown>
			<itemlayout width="200" height="280">
				<control type="image">
					<width>200</width>
					<height>280</height>
	        <colordiffuse>FFbbbbbb</colordiffuse>
					<aspectratio aligny="center" align="center">stretch</aspectratio>
					<texture background="true" diffuse="views/slide/poster_diffuse_nf.png" fallback="thumbs/fallback_poster.png">$INFO[ListItem.Icon]</texture>
				</control>
				<control type="group">
					<visible>![IsEmpty(ListItem.Property(RecommendedEpisode1)) | IsEmpty(ListItem.Property(RecommendedEpisode2)) | IsEmpty(ListItem.Property(RecommendedEpisode3)) | IsEmpty(ListItem.Property(RecommendedEpisode4))]</visible>
					<control type="image">
						<width>100</width>
						<height>140</height>
		        <colordiffuse>FFbbbbbb</colordiffuse>
						<aspectratio aligny="center" align="center">stretch</aspectratio>
						<texture background="true" diffuse="views/slide/poster_diffuse_nf.png">$INFO[ListItem.Property(RecommendedEpisode1)]</texture>
					</control>
					<control type="image">
						<top>140</top>
						<width>100</width>
						<height>140</height>
		        <colordiffuse>FFbbbbbb</colordiffuse>
						<aspectratio aligny="center" align="center">stretch</aspectratio>
						<texture background="true" diffuse="views/slide/poster_diffuse_nf.png">$INFO[ListItem.Property(RecommendedEpisode3)]</texture>
					</control>
					<control type="image">
						<left>100</left>
						<width>100</width>
						<height>140</height>
		        <colordiffuse>FFbbbbbb</colordiffuse>
						<aspectratio aligny="center" align="center">stretch</aspectratio>
						<texture background="true" diffuse="views/slide/poster_diffuse_nf.png">$INFO[ListItem.Property(RecommendedEpisode2)]</texture>
					</control>
					<control type="image">
						<left>100</left>
						<top>140</top>
						<width>100</width>
						<height>140</height>
		        <colordiffuse>FFbbbbbb</colordiffuse>
						<aspectratio aligny="center" align="center">stretch</aspectratio>
						<texture background="true" diffuse="views/slide/poster_diffuse_nf.png">$INFO[ListItem.Property(RecommendedEpisode4)]</texture>
					</control>
				</control>
			</itemlayout>
			<focusedlayout width="200" height="280">
				<control type="image">
					<width>200</width>
					<height>280</height>
					<aspectratio aligny="center" align="center">stretch</aspectratio>
					<texture background="true" fallback="thumbs/fallback_poster.png">$INFO[ListItem.Icon]</texture>
				</control>
				<control type="group">
					<visible>![IsEmpty(ListItem.Property(RecommendedEpisode1)) | IsEmpty(ListItem.Property(RecommendedEpisode2)) | IsEmpty(ListItem.Property(RecommendedEpisode3)) | IsEmpty(ListItem.Property(RecommendedEpisode4))]</visible>
					<control type="image">
						<width>100</width>
						<height>140</height>
					  <aspectratio aligny="center" align="center">stretch</aspectratio>
						<texture background="true">$INFO[ListItem.Property(RecommendedEpisode1)]</texture>
					</control>
					<control type="image">
						<top>140</top>
						<width>100</width>
						<height>140</height>
					  <aspectratio aligny="center" align="center">stretch</aspectratio>
						<texture background="true">$INFO[ListItem.Property(RecommendedEpisode3)]</texture>
					</control>
					<control type="image">
						<left>100</left>
						<width>100</width>
						<height>140</height>
					  <aspectratio aligny="center" align="center">stretch</aspectratio>
						<texture background="true">$INFO[ListItem.Property(RecommendedEpisode2)]</texture>
					</control>
					<control type="image">
						<left>100</left>
						<top>140</top>
						<width>100</width>
						<height>140</height>
					   <aspectratio aligny="center" align="center">stretch</aspectratio>
						<texture background="true">$INFO[ListItem.Property(RecommendedEpisode4)]</texture>
					</control>
				</control>
	      <include>HomeWidgetsLists_VideoLabels</include>
			</focusedlayout>
      <content>
        <include>RecommendedTVShows</include>
      </content>
		</control>
		<control type="image">
	    <include>VisibleFadeEffectRecommended</include>
		  <visible>Control.HasFocus(82)</visible>
			<left>38</left>
			<top>214</top>
			<width>215</width>
			<height>292</height>
			<aspectratio align="center" aligny="center">stretch</aspectratio>
			<texture border="30">views/slide/focus.png</texture>
		</control>

		<!-- ============== -->
		<!-- === Random === -->
		<!-- ============== -->
		<control type="image">
	    <include>VisibleFadeEffectRandom</include>
		  <visible>Control.HasFocus(83)</visible>
			<top>55</top>
			<width>1280</width>
			<height>593</height>
			<aspectratio align="center">stretch</aspectratio>
			<texture background="true">views/slide/top_bottom_shadows_videos.png</texture>
	  </control>
		<control type="wraplist" id="83">
		 <visible allowhiddenfocus="true">Control.HasFocus(83)</visible>
	    <include>VisibleFadeEffectRandom</include>
			<include>HomeWidgets_ListVars</include>
      <onup>82</onup>
      <ondown>81</ondown>
			<itemlayout width="200" height="280">
				<control type="image">
					<width>200</width>
					<height>280</height>
	        <colordiffuse>FFbbbbbb</colordiffuse>
					<aspectratio aligny="center" align="center">stretch</aspectratio>
					<texture background="true" diffuse="views/slide/poster_diffuse_nf.png" fallback="thumbs/fallback_poster.png">$INFO[ListItem.Icon]</texture>
				</control>
				<control type="group">
					<visible>![IsEmpty(ListItem.Property(RandomEpisode1)) | IsEmpty(ListItem.Property(RandomEpisode2)) | IsEmpty(ListItem.Property(RandomEpisode3)) | IsEmpty(ListItem.Property(RandomEpisode4))]</visible>
					<control type="image">
						<width>100</width>
						<height>140</height>
		        <colordiffuse>FFbbbbbb</colordiffuse>
						<aspectratio aligny="center" align="center">stretch</aspectratio>
						<texture background="true" diffuse="views/slide/poster_diffuse_nf.png">$INFO[ListItem.Property(RandomEpisode1)]</texture>
					</control>
					<control type="image">
						<top>140</top>
						<width>100</width>
						<height>140</height>
		        <colordiffuse>FFbbbbbb</colordiffuse>
						<aspectratio aligny="center" align="center">stretch</aspectratio>
						<texture background="true" diffuse="views/slide/poster_diffuse_nf.png">$INFO[ListItem.Property(RandomEpisode3)]</texture>
					</control>
					<control type="image">
						<left>100</left>
						<width>100</width>
						<height>140</height>
		        <colordiffuse>FFbbbbbb</colordiffuse>
						<aspectratio aligny="center" align="center">stretch</aspectratio>
						<texture background="true" diffuse="views/slide/poster_diffuse_nf.png">$INFO[ListItem.Property(RandomEpisode2)]</texture>
					</control>
					<control type="image">
						<left>100</left>
						<top>140</top>
						<width>100</width>
						<height>140</height>
		        <colordiffuse>FFbbbbbb</colordiffuse>
						<aspectratio aligny="center" align="center">stretch</aspectratio>
						<texture background="true" diffuse="views/slide/poster_diffuse_nf.png">$INFO[ListItem.Property(RandomEpisode4)]</texture>
					</control>
				</control>
			</itemlayout>
			<focusedlayout width="200" height="280">
				<control type="image">
					<width>200</width>
					<height>280</height>
					<aspectratio aligny="center" align="center">stretch</aspectratio>
					<texture background="true" fallback="thumbs/fallback_poster.png">$INFO[ListItem.Icon]</texture>
				</control>
				<control type="group">
					<visible>![IsEmpty(ListItem.Property(RandomEpisode1)) | IsEmpty(ListItem.Property(RandomEpisode2)) | IsEmpty(ListItem.Property(RandomEpisode3)) | IsEmpty(ListItem.Property(RandomEpisode4))]</visible>
					<control type="image">
						<width>100</width>
						<height>140</height>
					  <aspectratio aligny="center" align="center">stretch</aspectratio>
						<texture background="true">$INFO[ListItem.Property(RandomEpisode1)]</texture>
					</control>
					<control type="image">
						<top>140</top>
						<width>100</width>
						<height>140</height>
					  <aspectratio aligny="center" align="center">stretch</aspectratio>
						<texture background="true">$INFO[ListItem.Property(RandomEpisode3)]</texture>
					</control>
					<control type="image">
						<left>100</left>
						<width>100</width>
						<height>140</height>
					  <aspectratio aligny="center" align="center">stretch</aspectratio>
						<texture background="true">$INFO[ListItem.Property(RandomEpisode2)]</texture>
					</control>
					<control type="image">
						<left>100</left>
						<top>140</top>
						<width>100</width>
						<height>140</height>
					   <aspectratio aligny="center" align="center">stretch</aspectratio>
						<texture background="true">$INFO[ListItem.Property(RandomEpisode4)]</texture>
					</control>
				</control>
	      <include>HomeWidgetsLists_VideoLabels</include>
			</focusedlayout>
      <content>
        <include>RandomTVShows</include>
      </content>
		</control>
		<control type="image">
	    <include>VisibleFadeEffectRandom</include>
		  <visible>Control.HasFocus(83)</visible>
			<left>38</left>
			<top>214</top>
			<width>215</width>
			<height>292</height>
			<aspectratio align="center" aligny="center">stretch</aspectratio>
			<texture border="30">views/slide/focus.png</texture>
		</control>


		<include>CommonDialogsFadeOutBG</include>

		<!-- ==================== -->
		<!-- === Content Info === -->
		<!-- ==================== -->
	  <control type="group">
	    <include>VisibleFadeEffectRecent</include>
		  <visible>Control.HasFocus(81)</visible>
      <control type="label">
  		  <left>45</left>
  		  <top>25</top>
  		  <include>TopBigLabel</include>
  			<label>$LOCALIZE[31242]</label>
  		</control>
  		<control type="label">
  			<description>Page Count Label</description>
  			<left>45</left>
  			<top>75</top>
  			<width>300</width>
  			<height>20</height>
  			<font>FontSize_18</font>
  			<textcolor>blue</textcolor>
  			<scroll>false</scroll>
  			<align>left</align>
  			<aligny>center</aligny>
  			<label>$INFO[Container(81).NumItems,, $LOCALIZE[31025]]</label>
  		</control>
		</control>

	  <control type="group">
	    <include>VisibleFadeEffectRecommended</include>
		  <visible>Control.HasFocus(82)</visible>
      <control type="label">
  		  <left>45</left>
  		  <top>25</top>
  		  <include>TopBigLabel</include>
  			<label>$LOCALIZE[31261]</label>
  		</control>
  		<control type="label">
  			<description>Page Count Label</description>
  			<left>45</left>
  			<top>75</top>
  			<width>300</width>
  			<height>20</height>
  			<font>FontSize_18</font>
  			<textcolor>blue</textcolor>
  			<scroll>false</scroll>
  			<align>left</align>
  			<aligny>center</aligny>
  			<label>$INFO[Container(82).NumItems,, $LOCALIZE[31025]]</label>
  		</control>
		</control>

	  <control type="group">
	    <include>VisibleFadeEffectRandom</include>
		  <visible>Control.HasFocus(83)</visible>
      <control type="label">
  		  <left>45</left>
  		  <top>25</top>
  		  <include>TopBigLabel</include>
  			<label>$LOCALIZE[31248]</label>
  		</control>
  		<control type="label">
  			<description>Page Count Label</description>
  			<left>45</left>
  			<top>75</top>
  			<width>300</width>
  			<height>20</height>
  			<font>FontSize_18</font>
  			<textcolor>blue</textcolor>
  			<scroll>false</scroll>
  			<align>left</align>
  			<aligny>center</aligny>
  			<label>$INFO[Container(83).NumItems,, $LOCALIZE[31025]]</label>
  		</control>
		</control>

















    <include>HomeWidgets_WeatherAndClock</include>

	</control>			

	</controls>
</window>