<?xml version="1.0" encoding="UTF-8"?>
<window  id="0">
	<defaultcontrol always="true">20</defaultcontrol>
	<onload>RunScript(script.skinshortcuts,type=buildxml&amp;mode=single&amp;options=clonewidgets&amp;mainmenuID=20)</onload>
  <allowoverlay>yes</allowoverlay>
  <backgroundcolor>0</backgroundcolor>
	<controls>
		<include>BackgroundContent</include>
		<include>BackgroundVignette</include>
		<include>HomeMenuWraplist</include>
		<include>HomeSubMenus</include>
		<include>CommonDialogsFadeOutBG</include>
		<include>CommonNowPlaying</include>
		<!-- <include>HomeMenuSubLabels</include> -->
		<include>TopHomeMenu</include>
		<include>HomeWeatherAndClock</include>
	</controls>	
</window>
