<?xml version="1.0" encoding="UTF-8"?>
<addon id="plugin.video.southpark_de" name="SouthPark.de" version="1.1.1" provider-name="AddonScriptorDE">
    <requires>
        <import addon="xbmc.python" version="2.1.0"/>
    </requires>
    <extension point="xbmc.python.pluginsource" library="default.py">
        <provides>video</provides>
    </extension>
    <extension point="xbmc.addon.metadata">
        <platform>all</platform>
        <summary lang="de">South Park Folgen gucken</summary>
        <summary lang="en">Watch South Park episodes</summary>
        <language></language>
        <description lang="de">South Park Folgen gucken. Unterstützte Länder: US,DE,NL,DK,FI,NO,SE.</description>
        <description lang="en">Watch South Park episodes. Supported countries: US,DE,NL,DK,FI,NO,SE.</description>
        <disclaimer lang="en">Some parts of this addon may not be legal in your country of residence - please check with your local laws before installing.</disclaimer>
        <license>GNU GENERAL PUBLIC LICENSE. Version 2, June 1991</license>
        <source>https://github.com/AddonScriptorDE/plugin.video.southpark_de</source>
        <forum>http://forum.xbmc.org/showthread.php?tid=180476</forum>
        <email>AddonScriptorDE at yahoo dot de</email>
        <website>http://www.southparkstudios.com/full-episodes</website>
    </extension>
</addon>
