<?xml version="1.0" encoding="UTF-8"?>
<window id="610">
	<defaultcontrol always="true">11</defaultcontrol>
	<zorder>3</zorder>
	<controls>
	    <control type="group">
	        <include>NowPlayingFullscreen</include>
	        <include>FullscreenDimensions</include>
	        <animation effect="slide" end="0,42" time="0" condition="!Window.IsActive(videoosd)">Conditional</animation>
	        <control type="image">
	            <posx>-320</posx>
	            <posy>-171</posy>
	            <width>1620</width>
	            <height>1339</height>
	            <texture border="610,340,610,340">osd/fullscreen/osdsettings.png</texture>
	            <aspectratio>stretch</aspectratio>
	        </control>
	        <control type="group">
	            <visible>!Window.IsActive(DialogPVRGuideInfo.xml)</visible>
	            <include>visiblehidefadeinfo</include>
	            <control type="label">
	                <description>Header</description>
	                <posx>100</posx>
	                <posy>73</posy>
	                <width>780</width>
	                <height>38</height>
	                <align>center</align>
	                <textoffsetx>30</textoffsetx>
	                <label>$LOCALIZE[19222]$INFO[VideoPlayer.ChannelName, • ,]$INFO[Container(11).ListItem.StartDate, • ,]</label>
	                <font>Font-Condensed-S34-B</font>
	                <textcolor>bbwhite</textcolor>
	                <shadowcolor>66000000</shadowcolor>
	            </control>
	            <control type="list" id="11">
	                <posx>100</posx>
	                <posy>124</posy>
	                <width>780</width>
	                <height>761</height>
	                <onleft>11</onleft>
	                <onright condition="!Control.IsVisible(63)">60</onright>
	                <onright condition="Control.IsVisible(63)">63</onright>
	                <onup>11</onup>
	                <ondown>11</ondown>
	                <pagecontrol>60</pagecontrol>
	                <scrolltime>0</scrolltime>
	                <itemlayout width="780" height="76">
	                    <control type="image">
	                        <posx>0</posx>
	                        <posy>0</posy>
	                        <width>780</width>
	                        <height>77</height>
	                        <texture border="90,3,90,3">views/list/other/separator.png</texture>
	                    </control>
	                    <control type="label">
	                        <description>Label</description>
	                        <posx>102</posx>
	                        <posy>0</posy>
	                        <width>90</width>
	                        <height>76</height>
	                        <font>Font-Condensed-S33-B</font>
	                        <align>right</align>
	                        <label>$INFO[ListItem.StartTime]</label>
	                        <textcolor>99FFFFFF</textcolor>
	                        <selectedcolor>99FFFFFF</selectedcolor>
	                        <scroll>false</scroll>
	                        <visible>!substring(ListItem.StartTime,AM) + !substring(ListItem.StartTime,PM)</visible>
	                    </control>
	                    <control type="label">
	                        <description>Label</description>
	                        <posx>152</posx>
	                        <posy>0</posy>
	                        <width>130</width>
	                        <height>76</height>
	                        <font>Font-Condensed-S33-B</font>
	                        <align>right</align>
	                        <label>$INFO[ListItem.StartTime]</label>
	                        <textcolor>99FFFFFF</textcolor>
	                        <selectedcolor>99FFFFFF</selectedcolor>
	                        <scroll>false</scroll>
	                        <visible>substring(ListItem.StartTime,AM) | substring(ListItem.StartTime,PM)</visible>
	                    </control>
	                    <control type="label">
	                        <description>Label</description>
	                        <posx>122</posx>
	                        <posy>0</posy>
	                        <width>630</width>
	                        <height>76</height>
	                        <font>Font-Condensed-S34</font>
	                        <align>left</align>
	                        <label>$INFO[ListItem.Label]</label>
	                        <textcolor>99FFFFFF</textcolor>
	                        <selectedcolor>99FFFFFF</selectedcolor>
	                        <scroll>false</scroll>
	                        <visible>!ListItem.HasTimer + !ListItem.IsRecording + !substring(ListItem.StartTime,AM) + !substring(ListItem.StartTime,PM)</visible>
	                    </control>
	                    <control type="label">
	                        <description>Label</description>
	                        <posx>122</posx>
	                        <posy>0</posy>
	                        <width>577</width>
	                        <height>76</height>
	                        <font>Font-Condensed-S34</font>
	                        <align>left</align>
	                        <label>$INFO[ListItem.Label]</label>
	                        <textcolor>99FFFFFF</textcolor>
	                        <selectedcolor>99FFFFFF</selectedcolor>
	                        <scroll>false</scroll>
	                        <visible>[ListItem.HasTimer | ListItem.IsRecording] + !substring(ListItem.StartTime,AM) + !substring(ListItem.StartTime,PM)</visible>
	                    </control>
	                    <control type="label">
	                        <description>Label</description>
	                        <posx>172</posx>
	                        <posy>0</posy>
	                        <width>580</width>
	                        <height>76</height>
	                        <font>Font-Condensed-S34</font>
	                        <align>left</align>
	                        <label>$INFO[ListItem.Label]</label>
	                        <textcolor>99FFFFFF</textcolor>
	                        <selectedcolor>99FFFFFF</selectedcolor>
	                        <scroll>false</scroll>
	                        <visible>!ListItem.HasTimer + !ListItem.IsRecording + [substring(ListItem.StartTime,AM) | substring(ListItem.StartTime,PM)]</visible>
	                    </control>
	                    <control type="label">
	                        <description>Label</description>
	                        <posx>172</posx>
	                        <posy>0</posy>
	                        <width>527</width>
	                        <height>76</height>
	                        <font>Font-Condensed-S34</font>
	                        <align>left</align>
	                        <label>$INFO[ListItem.Label]</label>
	                        <textcolor>99FFFFFF</textcolor>
	                        <selectedcolor>99FFFFFF</selectedcolor>
	                        <scroll>false</scroll>
	                        <visible>[ListItem.HasTimer | ListItem.IsRecording] + [substring(ListItem.StartTime,AM) | substring(ListItem.StartTime,PM)]</visible>
	                    </control>
	                    <control type="group">
	                        <visible>ListItem.IsRecording</visible>
	                        <control type="image">
	                        	<posx>697</posx>
	                        	<posy>-2</posy>
	                        	<width>66</width>
	                        	<height>80</height>
	                        	<texture>windows/pvr/epg-recording.png</texture>
	                        </control>
	                        <control type="image">
	                        	<posx>697</posx>
	                        	<posy>-2</posy>
	                        	<width>66</width>
	                        	<height>80</height>
	                        	<texture>windows/pvr/epg-recording-pulse.png</texture>
	                        	<animation effect="fade" start="65" end="100" time="750" tween="sine" easing="in" pulse="true" condition="true">Conditional</animation>
	                        </control>
	                    </control>
	                    <control type="image">
	                    	<posx>697</posx>
	                    	<posy>-2</posy>
	                    	<width>66</width>
	                    	<height>80</height>
	                    	<texture>windows/pvr/epg-timer.png</texture>
	                    	<visible>ListItem.HasTimer + !ListItem.IsRecording</visible>
	                    </control>
	                </itemlayout>
	                <focusedlayout width="780" height="304">
	                    <control type="image">
	                        <posx>0</posx>
	                        <posy>0</posy>
	                        <width>780</width>
	                        <height>77</height>
	                        <texture border="90,3,90,3">views/list/other/separator.png</texture>
	                    </control>
	                    <control type="image">
	                        <posx>0</posx>
	                        <posy>228</posy>
	                        <width>780</width>
	                        <height>77</height>
	                        <texture border="90,3,90,3">views/list/other/separator.png</texture>
	                    </control>
	                    <control type="image">
	                        <posx>0</posx>
	                        <posy>0</posy>
	                        <width>780</width>
	                        <height>75</height>
	                        <texture border="150,1,150,1">views/other/focus.png</texture>
	                        <aspectratio>stretch</aspectratio>
	                        <visible>Control.HasFocus(11)</visible>
	                        <include>visiblehidefadeinfo</include>
	                    </control>
	                    <control type="group">
	                        <animation effect="fade" start="100" end="64" time="300" tween="sine" easing="inout" condition="!Control.HasFocus(11)">Conditional</animation>
	                        <control type="label">
	                            <description>Label</description>
	                            <posx>102</posx>
	                            <posy>0</posy>
	                            <width>90</width>
	                            <height>76</height>
	                            <font>Font-Condensed-S33-B</font>
	                            <align>right</align>
	                            <label>$INFO[ListItem.StartTime]</label>
	                            <textcolor>eewhite</textcolor>
	                            <selectedcolor>eewhite</selectedcolor>
	                            <scroll>false</scroll>
	                            <visible>!substring(ListItem.StartTime,AM) + !substring(ListItem.StartTime,PM)</visible>
	                        </control>
	                        <control type="label">
	                            <description>Label</description>
	                            <posx>152</posx>
	                            <posy>0</posy>
	                            <width>130</width>
	                            <height>76</height>
	                            <font>Font-Condensed-S33-B</font>
	                            <align>right</align>
	                            <label>$INFO[ListItem.StartTime]</label>
	                            <textcolor>eewhite</textcolor>
	                            <selectedcolor>eewhite</selectedcolor>
	                            <scroll>false</scroll>
	                            <visible>substring(ListItem.StartTime,AM) | substring(ListItem.StartTime,PM)</visible>
	                        </control>
	                        <control type="label">
	                            <description>Label</description>
	                            <posx>122</posx>
	                            <posy>0</posy>
	                            <width>630</width>
	                            <height>76</height>
	                            <font>Font-Condensed-S34</font>
	                            <align>left</align>
	                            <label>$INFO[ListItem.Label]</label>
	                            <textcolor>eewhite</textcolor>
	                            <selectedcolor>eewhite</selectedcolor>
	                            <scroll>false</scroll>
	                            <visible>!ListItem.HasTimer + !ListItem.IsRecording + !substring(ListItem.StartTime,AM) + !substring(ListItem.StartTime,PM)</visible>
	                        </control>
	                        <control type="label">
	                            <description>Label</description>
	                            <posx>122</posx>
	                            <posy>0</posy>
	                            <width>577</width>
	                            <height>76</height>
	                            <font>Font-Condensed-S34</font>
	                            <align>left</align>
	                            <label>$INFO[ListItem.Label]</label>
	                            <textcolor>eewhite</textcolor>
	                            <selectedcolor>eewhite</selectedcolor>
	                            <scroll>false</scroll>
	                            <visible>[ListItem.HasTimer | ListItem.IsRecording] + !substring(ListItem.StartTime,AM) + !substring(ListItem.StartTime,PM)</visible>
	                        </control>
	                        <control type="label">
	                            <description>Label</description>
	                            <posx>172</posx>
	                            <posy>0</posy>
	                            <width>580</width>
	                            <height>76</height>
	                            <font>Font-Condensed-S34</font>
	                            <align>left</align>
	                            <label>$INFO[ListItem.Label]</label>
	                            <textcolor>eewhite</textcolor>
	                            <selectedcolor>eewhite</selectedcolor>
	                            <scroll>false</scroll>
	                            <visible>!ListItem.HasTimer + !ListItem.IsRecording + [substring(ListItem.StartTime,AM) | substring(ListItem.StartTime,PM)]</visible>
	                        </control>
	                        <control type="label">
	                            <description>Label</description>
	                            <posx>172</posx>
	                            <posy>0</posy>
	                            <width>527</width>
	                            <height>76</height>
	                            <font>Font-Condensed-S34</font>
	                            <align>left</align>
	                            <label>$INFO[ListItem.Label]</label>
	                            <textcolor>eewhite</textcolor>
	                            <selectedcolor>eewhite</selectedcolor>
	                            <scroll>false</scroll>
	                            <visible>[ListItem.HasTimer | ListItem.IsRecording] + [substring(ListItem.StartTime,AM) | substring(ListItem.StartTime,PM)]</visible>
	                        </control>
	                    </control>
	                    <control type="group">
	                        <visible>ListItem.IsRecording</visible>
	                        <control type="image">
	                        	<posx>697</posx>
	                        	<posy>-2</posy>
	                        	<width>66</width>
	                        	<height>80</height>
	                        	<texture>windows/pvr/epg-recording.png</texture>
	                        </control>
	                        <control type="image">
	                        	<posx>697</posx>
	                        	<posy>-2</posy>
	                        	<width>66</width>
	                        	<height>80</height>
	                        	<texture>windows/pvr/epg-recording-pulse.png</texture>
	                        	<animation effect="fade" start="65" end="100" time="750" tween="sine" easing="in" pulse="true" condition="true">Conditional</animation>
	                        </control>
	                    </control>
	                    <control type="image">
	                    	<posx>697</posx>
	                    	<posy>-2</posy>
	                    	<width>66</width>
	                    	<height>80</height>
	                    	<texture>windows/pvr/epg-timer.png</texture>
	                    	<visible>ListItem.HasTimer + !ListItem.IsRecording</visible>
	                    </control>
	                </focusedlayout>
	            </control>
	            <control type="image" id="62">
	                <animation effect="fade" start="100" end="0" time="0" delay="1500">WindowOpen</animation>
	            </control>
	            <control type="image" id="61">
	                <animation effect="fade" start="0" end="100" time="0">Visible</animation>
	                <animation effect="fade" start="100" end="0" time="0">Hidden</animation>
	                <visible>Control.HasFocus(60) | !Control.IsVisible(62)</visible>
	            </control>
	            <control type="image" id="61">
	                <animation effect="fade" start="0" end="100" time="0">Visible</animation>
	                <animation effect="fade" start="100" end="0" time="0" delay="1500">Hidden</animation>
	                <visible>!Control.HasFocus(60) + [Container(11).Scrolling | Container(11).OnScrollNext | Container(11).OnScrollPrevious]</visible>
	            </control>
	            <control type="scrollbar" id="60">
	                <description>Scrollbar</description>
	                <posx>859</posx>
	                <posy>134</posy>
	                <width>11</width>
	                <height>741</height>
	                <onleft>11</onleft>
	                <onright>11</onright>
	                <texturesliderbar border="0,6,0,6">views/other/scrollbar.png</texturesliderbar>
	                <texturesliderbarfocus border="0,6,0,6">views/other/scrollbar.png</texturesliderbarfocus>
	                <orientation>vertical</orientation>
	                <showonepage>false</showonepage>
	                <animation effect="fade" start="35" end="0" time="300" tween="sine" easing="inout" condition="!Control.IsVisible(61)">Conditional</animation>
	            </control>
	            <control type="label">
	                <posx>850</posx>
	                <posy>861</posy>
	                <width>800</width>
	                <height>100</height>
	                <font>Font-Condensed-S30</font>
	                <label>$VAR[PVRChannelsOSDItemsPageLabel]</label>
	                <textcolor>77white</textcolor>
	                <scroll>false</scroll>
	                <align>right</align>
	                <aligny>center</aligny>
	            </control>
	            <control type="group">
	                <posx>100</posx>
	                <posy>124</posy>
	                <animation effect="fade" start="100" end="64" time="300" tween="sine" easing="inout" condition="!Control.HasFocus(11) + !Control.HasFocus(63)">Conditional</animation>
	                <animation effect="slide" end="0,76" time="0" condition="Container(11).Position(1)">Conditional</animation>
	                <animation effect="slide" end="0,152" time="0" condition="Container(11).Position(2)">Conditional</animation>
	                <animation effect="slide" end="0,228" time="0" condition="Container(11).Position(3)">Conditional</animation>
	                <animation effect="slide" end="0,304" time="0" condition="Container(11).Position(4)">Conditional</animation>
	                <animation effect="slide" end="0,380" time="0" condition="Container(11).Position(5)">Conditional</animation>
	                <animation effect="slide" end="0,456" time="0" condition="Container(11).Position(6)">Conditional</animation>
	                <control type="textbox">
	                    <description>Plot</description>
	                    <posx>30</posx>
	                    <posy>87</posy>
	                    <width>720</width>
	                    <height>208</height>
	                    <info>Container(11).ListItem.Plot</info>
	                    <align>justify</align>
	                    <textcolor>bbwhite</textcolor>
	                    <autoscroll>false</autoscroll>
	                    <pagecontrol>63</pagecontrol>
	                    <font>Font-Condensed-S36</font>
	                </control>
	                <control type="group">
	                    <visible>!Control.IsVisible(61)</visible>
	                    <include>visiblehidefadeinfo</include>
    	                <control type="image">
    	                    <posx>759</posx>
    	                    <posy>100</posy>
    	                    <width>11</width>
    	                    <height>174</height>
    	                    <texture border="0,6,0,6">views/other/scrollbar.png</texture>
    	                    <animation effect="fade" start="30" end="15" time="300" tween="sine" easing="inout" condition="!Control.HasFocus(63)">Conditional</animation>
    	                    <visible>Control.IsVisible(63)</visible>
    	                </control>
    	                <control type="scrollbar" id="63">
    	                    <description>Scrollbar</description>
    	                    <posx>759</posx>
    	                    <posy>100</posy>
    	                    <width>11</width>
    	                    <height>174</height>
    	                    <onleft>11</onleft>
    	                    <onright>60</onright>
    	                    <texturesliderbar border="0,6,0,6">views/other/scrollbar.png</texturesliderbar>
    	                    <texturesliderbarfocus border="0,6,0,6">views/other/scrollbar.png</texturesliderbarfocus>
    	                    <orientation>vertical</orientation>
    	                    <showonepage>false</showonepage>
    	                    <animation effect="fade" start="50" end="25" time="300" tween="sine" easing="inout" condition="!Control.HasFocus(63)">Conditional</animation>
    	                </control>
    	            </control>
	            </control>
	        </control>
	    </control>
	</controls>
</window>
