<?xml version="1.0" encoding="UTF-8"?>
<window>
    <defaultcontrol always="true">996</defaultcontrol>
    <include>OpenCloseAnimationContext</include>
    <include condition="!Window.IsVisible(favourites) + !Window.IsVisible(filemanager) + !Window.IsVisible(musicplaylisteditor) + !Window.IsVisible(LockSettings) + !Window.IsVisible(addoninformation) + !Window.IsVisible(favourites) + !Window.IsVisible(home) + !Window.IsVisible(pvrchannelmanager)">ContextCoordinates</include>
    <animation effect="slide" end="0,256" time="0" condition="Window.IsVisible(LockSettings)">Conditional</animation>
    <onload condition="Window.IsVisible(favourites)">SetFocus(2000)</onload>
    <controls>
        <include condition="!Window.IsVisible(favourites) + !Window.IsVisible(filemanager) + !Window.IsVisible(musicplaylisteditor) + !Window.IsVisible(LockSettings) + !Window.IsVisible(addoninformation) + !Window.IsVisible(home) + !Window.IsVisible(pvrchannelmanager)">ContextMenuDefault</include>
        <include condition="Window.IsVisible(home) + !Window.IsVisible(favourites)">ContextMenuHome</include>
        <include condition="Window.IsVisible(LockSettings) | Window.IsVisible(pvrchannelmanager)">ContextMenuPVRChannelManager</include>
        <include condition="Window.IsVisible(filemanager) | Window.IsVisible(musicplaylisteditor)">ContextMenuFileManager</include>
        <include condition="Window.IsVisible(addoninformation)">ContextMenuAddonInfo</include>
        <include condition="Window.IsVisible(favourites)">ContextMenuFavourites</include>
    </controls>
</window>