<?xml version="1.0" encoding="UTF-8"?>
<window id="609">
	<defaultcontrol always="true">11</defaultcontrol>
	<zorder>3</zorder>
	<controls>
	    <control type="group">
	        <include>NowPlayingFullscreen</include>
	        <include>FullscreenDimensions</include>
	        <animation effect="slide" end="0,42" time="0" condition="!Window.IsActive(videoosd)">Conditional</animation>
            <control type="image">
                <posx>-320</posx>
                <posy>-171</posy>
                <width>1620</width>
                <height>1339</height>
                <texture border="610,340,610,340">osd/fullscreen/osdsettings.png</texture>
                <aspectratio>stretch</aspectratio>
            </control>
            <control type="group">
                <visible>!Window.IsActive(DialogPVRGuideInfo.xml)</visible>
                <include>visiblehidefadeinfo</include>
                <control type="button">
                    <description>Header</description>
                    <posx>210</posx>
                    <posy>73</posy>
                    <width>640</width>
                    <height>38</height>
                    <align>left</align>
                    <label>[COLOR=BBFFFFFF][B]$INFO[VideoPlayer.ChannelGroup][/B][/COLOR]</label>
                    <label2>$INFO[System.Time]</label2>
                    <font>Font-Condensed-S34</font>
                    <textcolor>BBFFFFFF</textcolor>
                    <shadowcolor>66000000</shadowcolor>
                </control>
                <control type="list" id="11">
                    <posx>100</posx>
                    <posy>124</posy>
                    <width>780</width>
                    <height>761</height>
                    <onleft>PreviousChannelGroup</onleft>
                    <onright>60</onright>
                    <onup>11</onup>
                    <ondown>11</ondown>
                    <pagecontrol>60</pagecontrol>
                    <scrolltime>0</scrolltime>
                    <itemlayout width="780" height="95">
                        <control type="image">
                            <posx>0</posx>
                            <posy>0</posy>
                            <width>780</width>
                            <height>96</height>
                            <texture border="90,3,90,3">views/list/other/separator.png</texture>
                        </control>
                        <control type="image">
                            <posx>0</posx>
                            <posy>1</posy>
                            <width>780</width>
                            <height>94</height>
                            <texture>views/other/selected.png</texture>
                            <colordiffuse>07FFFFFF</colordiffuse>
                            <aspectratio aligny="top">center</aspectratio>
                            <visible>ListItem.IsPlaying</visible>
                        </control>
                        <control type="image">
                            <posx>20</posx>
                            <posy>8</posy>
                            <width>80</width>
                            <height>80</height>
                            <texture background="true" fallback="windows/pvr/defaultchannel.png">$VAR[PvrListIcon]</texture>
                            <aspectratio>keep</aspectratio>
                        </control>
                        <control type="label">
                            <description>Label</description>
                            <posx>195</posx>
                            <posy>0</posy>
                            <width>67</width>
                            <height>58</height>
                            <font>Font-Condensed-S34-B</font>
                            <align>right</align>
                            <label>$INFO[ListItem.ChannelNumber]</label>
                            <textcolor>99FFFFFF</textcolor>
                            <selectedcolor>SelectedGreen</selectedcolor>
                            <scroll>false</scroll>
                            <visible>ListItem.HasEpg</visible>
                        </control>
                        <control type="label">
                            <description>Label</description>
                            <posx>195</posx>
                            <posy>0</posy>
                            <width>67</width>
                            <height>96</height>
                            <font>Font-Condensed-S34-B</font>
                            <align>right</align>
                            <label>$INFO[ListItem.ChannelNumber]</label>
                            <textcolor>99FFFFFF</textcolor>
                            <selectedcolor>SelectedGreen</selectedcolor>
                            <scroll>false</scroll>
                            <visible>!ListItem.HasEpg</visible>
                        </control>
                        <control type="progress">
                            <posx>128</posx>
                            <posy>60</posy>
                            <width>67</width>
                            <height>19</height>
                            <reveal>true</reveal>
                            <texturebg>windows/pvr/progress-back.png</texturebg>
                        	<lefttexture>windows/pvr/progress-leftright.png</lefttexture>
                        	<midtexture>windows/pvr/progress-mid.png</midtexture>
                        	<righttexture>windows/pvr/progress-leftright.png</righttexture>
                        	<info>ListItem.Progress</info>
                        	<colordiffuse>77white</colordiffuse>
                        	<visible>ListItem.HasEpg + !ListItem.IsPlaying</visible>
                        </control>
                        <control type="progress">
                            <posx>128</posx>
                            <posy>60</posy>
                            <width>67</width>
                            <height>19</height>
                            <reveal>true</reveal>
                            <texturebg>windows/pvr/progress-back.png</texturebg>
                        	<lefttexture>windows/pvr/progress-leftright.png</lefttexture>
                        	<midtexture>windows/pvr/progress-mid.png</midtexture>
                        	<righttexture>windows/pvr/progress-leftright.png</righttexture>
                        	<info>ListItem.Progress</info>
                        	<colordiffuse>D4FFFFFF</colordiffuse>
                        	<visible>ListItem.HasEpg + ListItem.IsPlaying</visible>
                        </control>
                        <control type="label">
                            <description>Label</description>
                            <posx>210</posx>
                            <posy>0</posy>
                            <width>540</width>
                            <height>58</height>
                            <font>Font-Condensed-S34-B</font>
                            <align>left</align>
                            <label>$INFO[ListItem.Label]</label>
                            <textcolor>99FFFFFF</textcolor>
                            <selectedcolor>SelectedGreen</selectedcolor>
                            <scroll>false</scroll>
                            <visible>ListItem.HasEpg</visible>
                        </control>
                        <control type="label">
                            <description>EndTime</description>
                            <posx>750</posx>
                            <posy>0</posy>
                            <width>200</width>
                            <height>56</height>
                            <font>Font-Condensed-S28</font>
                            <align>right</align>
                            <label>$INFO[ListItem.EndTime,→ ,]</label>
                            <textcolor>77white</textcolor>
                            <selectedcolor>SelectedGreen</selectedcolor>
                            <scroll>false</scroll>
                            <visible>ListItem.HasEpg + !ListItem.IsRecording</visible>
                        </control>
                        <control type="label">
                            <description>EndTime</description>
                            <posx>700</posx>
                            <posy>0</posy>
                            <width>200</width>
                            <height>56</height>
                            <font>Font-Condensed-S28</font>
                            <align>right</align>
                            <label>$INFO[ListItem.EndTime,→ ,]</label>
                            <textcolor>77white</textcolor>
                            <selectedcolor>SelectedGreen</selectedcolor>
                            <scroll>false</scroll>
                            <visible>ListItem.HasEpg + ListItem.IsRecording</visible>
                        </control>
                        <control type="label">
                            <description>Title</description>
                            <posx>210</posx>
                            <posy>44</posy>
                            <width>540</width>
                            <height>50</height>
                            <font>Font-Condensed-S28</font>
                            <align>left</align>
                            <label>$INFO[ListItem.Title]</label>
                            <textcolor>77white</textcolor>
                            <selectedcolor>D4FFFFFF</selectedcolor>
                            <scroll>false</scroll>
                            <visible>ListItem.HasEpg</visible>
                        </control>
                        <control type="label">
                            <description>Label</description>
                            <posx>210</posx>
                            <posy>0</posy>
                            <width>540</width>
                            <height>95</height>
                            <font>Font-Condensed-S34-B</font>
                            <align>left</align>
                            <label>$INFO[ListItem.Label]</label>
                            <textcolor>99FFFFFF</textcolor>
                            <selectedcolor>SelectedGreen</selectedcolor>
                            <scroll>false</scroll>
                            <visible>!ListItem.HasEpg</visible>
                        </control>
                        <control type="group">
                            <visible>ListItem.IsRecording</visible>
                            <control type="image">
                            	<posx>702</posx>
                            	<posy>7</posy>
                            	<width>66</width>
                            	<height>80</height>
                            	<texture>windows/pvr/epg-recording.png</texture>
                            </control>
                            <control type="image">
                            	<posx>702</posx>
                            	<posy>7</posy>
                            	<width>66</width>
                            	<height>80</height>
                            	<texture>windows/pvr/epg-recording-pulse.png</texture>
                            	<animation effect="fade" start="65" end="100" time="750" tween="sine" easing="in" pulse="true" condition="true">Conditional</animation>
                            </control>
                        </control>
                        <control type="image">
                        	<posx>702</posx>
                        	<posy>7</posy>
                        	<width>66</width>
                        	<height>80</height>
                        	<texture>windows/pvr/epg-timer.png</texture>
                        	<visible>ListItem.HasTimer + !ListItem.IsRecording</visible>
                        </control>
                    </itemlayout>
                    <focusedlayout width="780" height="95">
                        <control type="image">
                            <posx>0</posx>
                            <posy>0</posy>
                            <width>780</width>
                            <height>96</height>
                            <texture border="90,3,90,3">views/list/other/separator.png</texture>
                        </control>
                        <control type="image">
                            <posx>0</posx>
                            <posy>1</posy>
                            <width>780</width>
                            <height>94</height>
                            <texture>views/other/selected.png</texture>
                            <colordiffuse>07FFFFFF</colordiffuse>
                            <aspectratio aligny="top">center</aspectratio>
                            <visible>ListItem.IsPlaying</visible>
                        </control>
                        <control type="image">
                            <posx>0</posx>
                            <posy>0</posy>
                            <width>780</width>
                            <height>94</height>
                            <texture border="150,1,150,1">views/other/focus.png</texture>
                            <aspectratio>stretch</aspectratio>
                            <visible>Control.HasFocus(11)</visible>
                            <include>visiblehidefadeinfo</include>
                        </control>
                        <control type="image">
                            <posx>20</posx>
                            <posy>8</posy>
                            <width>80</width>
                            <height>80</height>
                            <texture background="true" fallback="windows/pvr/defaultchannel.png">$VAR[PvrListIcon]</texture>
                            <aspectratio>keep</aspectratio>
                        </control>
                        <control type="label">
                            <description>Label</description>
                            <posx>195</posx>
                            <posy>0</posy>
                            <width>67</width>
                            <height>58</height>
                            <font>Font-Condensed-S34-B</font>
                            <align>right</align>
                            <label>$INFO[ListItem.ChannelNumber]</label>
                            <textcolor>eewhite</textcolor>
                            <selectedcolor>SelectedGreen</selectedcolor>
                            <scroll>false</scroll>
                            <visible>ListItem.HasEpg</visible>
                            <animation effect="fade" start="100" end="64" time="300" tween="sine" easing="inout" condition="!Control.HasFocus(11) + !Container(11).ListItem.IsPlaying">Conditional</animation>
                        </control>
                        <control type="label">
                            <description>Label</description>
                            <posx>210</posx>
                            <posy>0</posy>
                            <width>540</width>
                            <height>58</height>
                            <font>Font-Condensed-S34-B</font>
                            <align>left</align>
                            <label>$INFO[ListItem.Label]</label>
                            <textcolor>eewhite</textcolor>
                            <selectedcolor>SelectedGreen</selectedcolor>
                            <scroll>false</scroll>
                            <visible>ListItem.HasEpg</visible>
                            <animation effect="fade" start="100" end="64" time="300" tween="sine" easing="inout" condition="!Control.HasFocus(11) + !Container(11).ListItem.IsPlaying">Conditional</animation>
                        </control>
                        <control type="label">
                            <description>EndTime</description>
                            <posx>750</posx>
                            <posy>0</posy>
                            <width>200</width>
                            <height>56</height>
                            <font>Font-Condensed-S28</font>
                            <align>right</align>
                            <label>$INFO[ListItem.EndTime,→ ,]</label>
                            <textcolor>eewhite</textcolor>
                            <selectedcolor>SelectedGreen</selectedcolor>
                            <scroll>false</scroll>
                            <visible>ListItem.HasEpg + !ListItem.IsRecording</visible>
                            <animation effect="fade" start="100" end="64" time="300" tween="sine" easing="inout" condition="!Control.HasFocus(11) + !Container(11).ListItem.IsPlaying">Conditional</animation>
                        </control>
                        <control type="label">
                            <description>EndTime</description>
                            <posx>700</posx>
                            <posy>0</posy>
                            <width>200</width>
                            <height>56</height>
                            <font>Font-Condensed-S28</font>
                            <align>right</align>
                            <label>$INFO[ListItem.EndTime,→ ,]</label>
                            <textcolor>eewhite</textcolor>
                            <selectedcolor>SelectedGreen</selectedcolor>
                            <scroll>false</scroll>
                            <visible>ListItem.HasEpg + ListItem.IsRecording</visible>
                            <animation effect="fade" start="100" end="64" time="300" tween="sine" easing="inout" condition="!Control.HasFocus(11) + !Container(11).ListItem.IsPlaying">Conditional</animation>
                        </control>
                        <control type="label">
                            <description>Label</description>
                            <posx>195</posx>
                            <posy>0</posy>
                            <width>67</width>
                            <height>96</height>
                            <font>Font-Condensed-S34-B</font>
                            <align>right</align>
                            <label>$INFO[ListItem.ChannelNumber]</label>
                            <textcolor>eewhite</textcolor>
                            <selectedcolor>SelectedGreen</selectedcolor>
                            <scroll>false</scroll>
                            <visible>!ListItem.HasEpg</visible>
                            <animation effect="fade" start="100" end="64" time="300" tween="sine" easing="inout" condition="!Control.HasFocus(11) + !Container(11).ListItem.IsPlaying">Conditional</animation>
                        </control>
                        <control type="label">
                            <description>Label</description>
                            <posx>210</posx>
                            <posy>0</posy>
                            <width>540</width>
                            <height>95</height>
                            <font>Font-Condensed-S34-B</font>
                            <align>left</align>
                            <label>$INFO[ListItem.Label]</label>
                            <textcolor>eewhite</textcolor>
                            <selectedcolor>SelectedGreen</selectedcolor>
                            <scroll>false</scroll>
                            <visible>!ListItem.HasEpg</visible>
                            <animation effect="fade" start="100" end="64" time="300" tween="sine" easing="inout" condition="!Control.HasFocus(11) + !Container(11).ListItem.IsPlaying">Conditional</animation>
                        </control>
                        <control type="group">
                            <animation effect="fade" start="100" end="64" time="300" tween="sine" easing="inout" condition="!Control.HasFocus(11) + !Container(11).ListItem.IsPlaying">Conditional</animation>
	                        <control type="progress">
	                            <posx>128</posx>
	                            <posy>60</posy>
	                            <width>67</width>
	                            <height>19</height>
	                            <reveal>true</reveal>
	                            <texturebg>windows/pvr/progress-back.png</texturebg>
	                        	<lefttexture>windows/pvr/progress-leftright.png</lefttexture>
	                        	<midtexture>windows/pvr/progress-mid.png</midtexture>
	                        	<righttexture>windows/pvr/progress-leftright.png</righttexture>
	                        	<info>ListItem.Progress</info>
	                        	<colordiffuse>D4FFFFFF</colordiffuse>
	                        	<visible>ListItem.HasEpg</visible>
	                        </control>
	                        <control type="label">
	                            <description>Title</description>
	                            <posx>210</posx>
	                            <posy>44</posy>
	                            <width>540</width>
	                            <height>50</height>
	                            <font>Font-Condensed-S28</font>
	                            <align>left</align>
	                            <label>$INFO[ListItem.Title]</label>
	                            <textcolor>D4FFFFFF</textcolor>
	                            <selectedcolor>D4FFFFFF</selectedcolor>
	                            <scroll>false</scroll>
	                            <visible>ListItem.HasEpg</visible>
	                        </control>
                        </control>
                        <control type="group">
                            <visible>ListItem.IsRecording</visible>
                            <control type="image">
                            	<posx>702</posx>
                            	<posy>7</posy>
                            	<width>66</width>
                            	<height>80</height>
                            	<texture>windows/pvr/epg-recording.png</texture>
                            </control>
                            <control type="image">
                            	<posx>702</posx>
                            	<posy>7</posy>
                            	<width>66</width>
                            	<height>80</height>
                            	<texture>windows/pvr/epg-recording-pulse.png</texture>
                            	<animation effect="fade" start="65" end="100" time="750" tween="sine" easing="in" pulse="true" condition="true">Conditional</animation>
                            </control>
                        </control>
                        <control type="image">
                        	<posx>702</posx>
                        	<posy>7</posy>
                        	<width>66</width>
                        	<height>80</height>
                        	<texture>windows/pvr/epg-timer.png</texture>
                        	<visible>ListItem.HasTimer + !ListItem.IsRecording</visible>
                        </control>
                    </focusedlayout>
                </control>
                <control type="image" id="62">
                    <animation effect="fade" start="100" end="0" time="0" delay="1500">WindowOpen</animation>
                </control>
                <control type="image" id="61">
                    <animation effect="fade" start="0" end="100" time="0">Visible</animation>
                    <animation effect="fade" start="100" end="0" time="0">Hidden</animation>
                    <visible>Control.HasFocus(60) | !Control.IsVisible(62)</visible>
                </control>
                <control type="image" id="61">
                    <animation effect="fade" start="0" end="100" time="0">Visible</animation>
                    <animation effect="fade" start="100" end="0" time="0" delay="1500">Hidden</animation>
                    <visible>!Control.HasFocus(60) + [Container(11).Scrolling | Container(11).OnScrollNext | Container(11).OnScrollPrevious]</visible>
                </control>
                <control type="scrollbar" id="60">
                    <description>Scrollbar</description>
                    <posx>856</posx>
                    <posy>134</posy>
                    <width>11</width>
                    <height>741</height>
                    <onleft>11</onleft>
                    <onright>NextChannelGroup</onright>
                    <texturesliderbar border="0,6,0,6">views/other/scrollbar.png</texturesliderbar>
                    <texturesliderbarfocus border="0,6,0,6">views/other/scrollbar.png</texturesliderbarfocus>
                    <orientation>vertical</orientation>
                    <showonepage>false</showonepage>
                    <animation effect="fade" start="35" end="0" time="300" tween="sine" easing="inout" condition="!Control.IsVisible(61)">Conditional</animation>
                </control>
                <control type="label">
                    <posx>850</posx>
                    <posy>861</posy>
                    <width>800</width>
                    <height>100</height>
                    <font>Font-Condensed-S30</font>
                    <label>$VAR[PVRChannelsOSDItemsPageLabel]</label>
                    <textcolor>77white</textcolor>
                    <scroll>false</scroll>
                    <align>right</align>
                    <aligny>center</aligny>
                </control>
            </control>
        </control>
    </controls>
</window>