<?xml version="1.0" encoding="UTF-8"?>
<window>
    <defaultcontrol always="true">21</defaultcontrol>
    <zorder>3</zorder>
    <controls>
        <control type="group">
            <animation type="WindowOpen" condition="Window.IsVisible(virtualkeyboard) | Window.IsVisible(contextmenu) | Window.IsVisible(networksetup) | Window.IsVisible(script-RSS_Editor-rssEditor.xml) | Window.IsVisible(script-RSS_Editor-setEditor.xml) | Window.IsVisible(selectdialog) | Window.IsVisible(DialogSelect.xml) | Window.IsVisible(LockSettings) | Window.IsVisible(DialogPVRTimerSettings.xml) | Window.IsVisible(DialogPVRGuideSearch.xml)" reversible="false">
                <effect type="fade" start="0" end="100" time="0" delay="310" />
            </animation>
            <include condition="Window.IsActive(fullscreenvideo) | Window.IsActive(visualisation)">FadeBackgroundDialog</include>
            <control type="group">
                <posx>800</posx>
                <posy>332</posy>
                <include>KeyboardAnimations</include>
                <control type="image">
                    <posx>120</posx>
                    <posy>-4</posy>
                    <width>80</width>
                    <height>60</height>
                    <texture>dialogs/default/arrow.png</texture>
                </control>
                <control type="image">
                    <description>image</description>
                    <posx>0</posx>
                    <posy>16</posy>
                    <width>320</width>
                    <height>398</height>
                    <texture border="39">dialogs/default/bg.png</texture>
                    <aspectratio>stretch</aspectratio>
                </control>
                <control type="label" id="1">
                    <description>Dialog Header</description>
                    <posx>-340</posx>
                    <posy>-73</posy>
                    <width>1000</width>
                    <height>22</height>
                    <font>Font-Condensed-S34</font>
                    <align>center</align>
                    <textcolor>77FFFFFF</textcolor>
                </control>
                <control type="label" id="4">
                    <description>Edit Text</description>
                    <posx>-340</posx>
                    <posy>-31</posy>
                    <width>1000</width>
                    <font>Font-Condensed-S45</font>
                    <align>center</align>
                    <textcolor>eewhite</textcolor>
                    <selectedcolor>eewhite</selectedcolor>
                    <disabledcolor>aawhite</disabledcolor>
                </control>
            <!-- First Row -->
                <control type="group">
                    <posx>34</posx>
                    <posy>50</posy>
                    <!-- Row 1 -->
                    <control type="button" id="17">
                        <description>:7: button</description>
                        <posx>0</posx>
                        <label>12317</label>
                        <onleft>19</onleft>
                        <onright>18</onright>
                        <onup>23</onup>
                        <ondown>14</ondown>
                        <include>SmallKey</include>
                    </control>
                    <control type="button" id="18">
                        <description>:8: button</description>
                        <posx>81</posx>
                        <label>12318</label>
                        <onleft>17</onleft>
                        <onright>19</onright>
                        <onup>10</onup>
                        <ondown>15</ondown>
                        <include>SmallKey</include>
                    </control>
                    <control type="button" id="19">
                        <description>:9: button</description>
                        <posx>162</posx>
                        <label>12319</label>
                        <onleft>18</onleft>
                        <onright>17</onright>
                        <onup>21</onup>
                        <ondown>16</ondown>
                        <include>SmallKey</include>
                    </control>
                </control>
                <control type="group">
                    <posx>34</posx>
                    <posy>130</posy>
                    <!-- Row 2 -->
                    <control type="button" id="14">
                        <description>:4: button</description>
                        <posx>0</posx>
                        <label>12314</label>
                        <onleft>16</onleft>
                        <onright>15</onright>
                        <onup>17</onup>
                        <ondown>11</ondown>
                        <include>SmallKey</include>
                    </control>
                    <control type="button" id="15">
                        <description>:5: button</description>
                        <posx>81</posx>
                        <label>12315</label>
                        <onleft>14</onleft>
                        <onright>16</onright>
                        <onup>18</onup>
                        <ondown>12</ondown>
                        <include>SmallKey</include>
                    </control>
                    <control type="button" id="16">
                        <description>:6: button</description>
                        <posx>162</posx>
                        <label>12316</label>
                        <onleft>15</onleft>
                        <onright>14</onright>
                        <onup>19</onup>
                        <ondown>13</ondown>
                        <include>SmallKey</include>
                    </control>
                </control>
                <control type="group">
                    <posx>34</posx>
                    <posy>210</posy>
                    <!-- Row 3 -->
                    <control type="button" id="11">
                        <description>:1: button</description>
                        <posx>0</posx>
                        <label>12311</label>
                        <onleft>13</onleft>
                        <onright>12</onright>
                        <onup>14</onup>
                        <ondown>23</ondown>
                        <include>SmallKey</include>
                    </control>
                    <control type="button" id="12">
                        <description>:2: button</description>
                        <posx>81</posx>
                        <label>12312</label>
                        <onleft>11</onleft>
                        <onright>13</onright>
                        <onup>15</onup>
                        <ondown>10</ondown>
                        <include>SmallKey</include>
                    </control>
                    <control type="button" id="13">
                        <description>:3: button</description>
                        <posx>162</posx>
                        <label>12313</label>
                        <onleft>12</onleft>
                        <onright>11</onright>
                        <onup>16</onup>
                        <ondown>21</ondown>
                        <include>SmallKey</include>
                    </control>
                </control>
                <control type="group">
                    <posx>34</posx>
                    <posy>290</posy>
                    <!-- Row 4 -->
                    <control type="button" id="23">
                        <description>Backspace button</description>
                        <posx>0</posx>
                        <onleft>21</onleft>
                        <onright>10</onright>
                        <onup>11</onup>
                        <ondown>17</ondown>
                        <texturefocus>dialogs/keyboard/keysmallbackfocus.png</texturefocus>
                        <texturenofocus>dialogs/keyboard/keysmallbacknofocus.png</texturenofocus>
                        <include>SmallKey</include>
                    </control>
                    <control type="button" id="10">
                        <description>:0: button</description>
                        <posx>81</posx>
                        <label>12310</label>
                        <onleft>23</onleft>
                        <onright>21</onright>
                        <onup>12</onup>
                        <ondown>18</ondown>
                        <include>SmallKey</include>
                    </control>
                    <control type="button" id="21">
                        <description>Done button</description>
                        <posx>162</posx>
                        <onleft>10</onleft>
                        <onright>23</onright>
                        <onup>13</onup>
                        <ondown>19</ondown>
                        <texturefocus>dialogs/keyboard/keysmalldonefocus.png</texturefocus>
                        <texturenofocus>dialogs/keyboard/keysmalldonenofocus.png</texturenofocus>
                        <include>SmallKey</include>
                    </control>
                </control>
            </control>
        </control>
    </controls>
</window>