<?xml version="1.0" encoding="UTF-8"?>
<window>
    <defaultcontrol always="true">10</defaultcontrol>
    <allowoverlay>no</allowoverlay>
    <controls>
        <control type="group">
            <animation type="WindowOpen" condition="Window.IsVisible(FileBrowser)" reversible="false">
                <effect type="fade" start="0" end="100" time="0" delay="300" />
            </animation>
            <control type="group">
                <include>KeyboardAnimations</include>
                <include>OptionsShutdownAnimation</include>
                <visible>!Window.IsVisible(virtualkeyboard) + !Window.IsVisible(numericinput) + !Window.IsVisible(okdialog) + ![Window.IsVisible(filebrowser) + !IsEmpty(Window(Home).Property(ShowDialog))]</visible>
                <control type="image">
                    <posx>920</posx>
                    <posy>292</posy>
                    <width>80</width>
                    <height>60</height>
                    <texture>dialogs/default/arrow.png</texture>
                </control>
                <control type="image">
                    <posx>445</posx>
                    <posy>312</posy>
                    <width>1030</width>
                    <height>456</height>
                    <texture border="39">dialogs/default/bg.png</texture>
                </control>
                <control type="label" id="2">
                    <description>Heading</description>
                    <posx>473</posx>
                    <posy>264</posy>
                    <width>974</width>
                    <font>Font-Condensed-S34</font>
                    <label>1007</label>
                    <textcolor>ddwhite</textcolor>
                    <align>center</align>
                </control>
                <control type="group" id="9001">
                    <posx>479</posx>
                    <posy>347</posy>
                    <control type="image">
                    	<posx>0</posx>
                    	<posy>0</posy>
                    	<width>962</width>
                    	<height>61</height>
                    	<texture border="5">dialogs/default/inner.png</texture>
                    </control>
                    <control type="image">
                    	<posx>0</posx>
                    	<posy>74</posy>
                    	<width>690</width>
                    	<height>61</height>
                    	<texture border="5">dialogs/default/inner.png</texture>
                    </control>
                    <control type="image">
                    	<posx>704</posx>
                    	<posy>74</posy>
                    	<width>258</width>
                    	<height>61</height>
                    	<texture border="5">dialogs/default/inner.png</texture>
                    </control>
                    <control type="image">
                    	<posx>0</posx>
                    	<posy>148</posy>
                    	<width>962</width>
                    	<height>241</height>
                    	<texture border="5">dialogs/default/inner.png</texture>
                    </control>
                    <control type="image">
                    	<posx>0</posx>
                    	<posy>149</posy>
                    	<width>962</width>
                    	<height>60</height>
                    	<texture>dialogs/default/separator.png</texture>
                    </control>
                    <control type="image">
                    	<posx>0</posx>
                    	<posy>209</posy>
                    	<width>962</width>
                    	<height>60</height>
                    	<texture>dialogs/default/separator.png</texture>
                    </control>
                    <control type="image">
                    	<posx>0</posx>
                    	<posy>269</posy>
                    	<width>962</width>
                    	<height>60</height>
                    	<texture>dialogs/default/separator.png</texture>
                    </control>
                    <control type="spincontrolex" id="10">
                        <description>Protocol</description>
                        <posx>0</posx>
                        <posy>0</posy>
                        <width>962</width>
                        <label>1008</label>
                        <textureup>buttons/spinctrl/arrow-light-up-nf.png</textureup>
                        <texturedown>buttons/spinctrl/arrow-light-down-nf.png</texturedown>
                        <textureupfocus>buttons/spinctrl/arrow-light-up-fo.png</textureupfocus>
                        <texturedownfocus>buttons/spinctrl/arrow-light-down-fo.png</texturedownfocus>
                        <texturefocus border="2">dialogs/default/highlight.png</texturefocus>
                        <textcolor>FF585858</textcolor>
                        <focusedcolor>eewhite</focusedcolor>
                        <disabledcolor>77585858</disabledcolor>
                        <shadowcolor>20FFFFFF</shadowcolor>
                        <textoffsetx>20</textoffsetx>
                        <spinposx>16</spinposx>
                        <onup>9002</onup>
                        <ondown>9003</ondown>
                        <onleft>10</onleft>
                        <onright>10</onright>
                    </control>
                    <control type="group" id="9003">
                        <control type="button" id="11">
                            <description>Server Address</description>
                            <posx>0</posx>
                            <posy>74</posy>
                            <width>638</width>
                            <height>60</height>
                            <align>left</align>
                            <textoffsetx>20</textoffsetx>
                            <textcolor>FF585858</textcolor>
                            <focusedcolor>eewhite</focusedcolor>
                            <disabledcolor>77585858</disabledcolor>
                            <shadowcolor>20FFFFFF</shadowcolor>
                            <font>Font-Condensed-S32</font>
                            <texturefocus border="2">dialogs/default/highlight.png</texturefocus>
                            <onup>10</onup>
                            <onleft>12</onleft>
                            <onright>12</onright>
                            <ondown>16</ondown>
                        </control>
                        <control type="button" id="12">
                            <description>Server Browse</description>
                            <posx>704</posx>
                            <posy>74</posy>
                            <width>258</width>
                            <height>60</height>
                            <align>left</align>
                            <textoffsetx>60</textoffsetx>
                            <textcolor>FF585858</textcolor>
                            <focusedcolor>eewhite</focusedcolor>
                            <disabledcolor>FF585858</disabledcolor>
                            <shadowcolor>20FFFFFF</shadowcolor>
                            <font>Font-Condensed-S32</font>
                            <texturefocus border="54,2,2,2">dialogs/mediasource/browse-fo.png</texturefocus>
                            <texturenofocus>dialogs/mediasource/browse-nf.png</texturenofocus>
                            <label>1024</label>
                            <onup>10</onup>
                            <onleft>11</onleft>
                            <onright>11</onright>
                            <ondown>16</ondown>
                            <animation effect="fade" start="100" end="50" time="0" condition="!Control.IsEnabled(12)" reversible="false">Conditional</animation>
                        </control>
                    </control>
                    <control type="button" id="16">
                        <description>Remote</description>
                        <posx>0</posx>
                        <posy>148</posy>
                        <width>910</width>
                        <height>60</height>
                        <align>left</align>
                        <textoffsetx>20</textoffsetx>
                        <textcolor>FF585858</textcolor>
                        <focusedcolor>eewhite</focusedcolor>
                        <disabledcolor>77585858</disabledcolor>
                        <shadowcolor>20FFFFFF</shadowcolor>
                        <font>Font-Condensed-S32</font>
                        <texturefocus border="2">dialogs/default/highlight.png</texturefocus>
                        <onup>9003</onup>
                        <onleft>16</onleft>
                        <onright>16</onright>
                        <ondown>13</ondown>
                    </control>
                    <control type="button" id="13">
                        <description>Port</description>
                        <posx>0</posx>
                        <posy>208</posy>
                        <width>910</width>
                        <height>60</height>
                        <align>left</align>
                        <textoffsetx>20</textoffsetx>
                        <textcolor>FF585858</textcolor>
                        <focusedcolor>eewhite</focusedcolor>
                        <disabledcolor>77585858</disabledcolor>
                        <shadowcolor>20FFFFFF</shadowcolor>
                        <font>Font-Condensed-S32</font>
                        <texturefocus border="2">dialogs/default/highlight.png</texturefocus>
                        <label>1013</label>
                        <onup>16</onup>
                        <onleft>13</onleft>
                        <onright>13</onright>
                        <ondown>14</ondown>
                    </control>
                    <control type="button" id="14">
                        <description>Username</description>
                        <posx>0</posx>
                        <posy>268</posy>
                        <width>910</width>
                        <height>60</height>
                        <align>left</align>
                        <textoffsetx>20</textoffsetx>
                        <textcolor>FF585858</textcolor>
                        <focusedcolor>eewhite</focusedcolor>
                        <disabledcolor>77585858</disabledcolor>
                        <shadowcolor>20FFFFFF</shadowcolor>
                        <font>Font-Condensed-S32</font>
                        <texturefocus border="2">dialogs/default/highlight.png</texturefocus>
                        <label>1014</label>
                        <onup>13</onup>
                        <onleft>14</onleft>
                        <onright>14</onright>
                        <ondown>15</ondown>
                    </control>
                    <control type="button" id="15">
                        <description>password</description>
                        <posx>0</posx>
                        <posy>328</posy>
                        <width>910</width>
                        <height>60</height>
                        <align>left</align>
                        <textoffsetx>20</textoffsetx>
                        <textcolor>FF585858</textcolor>
                        <focusedcolor>eewhite</focusedcolor>
                        <disabledcolor>80585858</disabledcolor>
                        <shadowcolor>20FFFFFF</shadowcolor>
                        <font>Font-Condensed-S32</font>
                        <texturefocus border="2">dialogs/default/highlight.png</texturefocus>
                        <label>15052</label>
                        <onup>14</onup>
                        <onleft>15</onleft>
                        <onright>15</onright>
                        <ondown>18</ondown>
                        <animation effect="fade" start="100" end="50" time="0" condition="!Control.IsEnabled(11)" reversible="false">Conditional</animation>
                    </control>
                    <control type="image">
                        <posx>617</posx>
                        <posy>74</posy>
                        <width>74</width>
                        <height>60</height>
                        <texture>dialogs/mediasource/keyboard-nf.png</texture>
                        <visible>!Control.HasFocus(11)</visible>
                        <animation effect="fade" start="100" end="50" time="0" condition="!Control.IsEnabled(11)" reversible="false">Conditional</animation>
                    </control>
                    <control type="image">
                        <posx>888</posx>
                        <posy>148</posy>
                        <width>74</width>
                        <height>60</height>
                        <texture>dialogs/mediasource/keyboard-nf.png</texture>
                        <visible>!Control.HasFocus(16)</visible>
                        <animation effect="fade" start="100" end="50" time="0" condition="!Control.IsEnabled(16)" reversible="false">Conditional</animation>
                    </control>
                    <control type="image">
                        <posx>888</posx>
                        <posy>208</posy>
                        <width>74</width>
                        <height>60</height>
                        <texture>dialogs/mediasource/keyboard-nf.png</texture>
                        <visible>!Control.HasFocus(13)</visible>
                        <animation effect="fade" start="100" end="50" time="0" condition="!Control.IsEnabled(13)" reversible="false">Conditional</animation>
                    </control>
                    <control type="image">
                        <posx>888</posx>
                        <posy>268</posy>
                        <width>74</width>
                        <height>60</height>
                        <texture>dialogs/mediasource/keyboard-nf.png</texture>
                        <visible>!Control.HasFocus(14)</visible>
                        <animation effect="fade" start="100" end="50" time="0" condition="!Control.IsEnabled(14)" reversible="false">Conditional</animation>
                    </control>
                    <control type="image">
                        <posx>888</posx>
                        <posy>328</posy>
                        <width>74</width>
                        <height>60</height>
                        <texture>dialogs/mediasource/keyboard-nf.png</texture>
                        <visible>!Control.HasFocus(15)</visible>
                        <animation effect="fade" start="100" end="50" time="0" condition="!Control.IsEnabled(15)" reversible="false">Conditional</animation>
                    </control>
                    <control type="image">
                        <posx>888</posx>
                        <posy>148</posy>
                        <width>74</width>
                        <height>60</height>
                        <texture>dialogs/mediasource/keyboard-fo.png</texture>
                        <visible>Control.HasFocus(11) | Control.HasFocus(13) | Control.HasFocus(14) | Control.HasFocus(15) | Control.HasFocus(16)</visible>
                        <animation effect="slide" end="-271,-74" time="0" condition="Control.HasFocus(11)">Conditional</animation>
                        <animation effect="slide" end="0,60" time="0" condition="Control.HasFocus(13)">Conditional</animation>
                        <animation effect="slide" end="0,120" time="0" condition="Control.HasFocus(14)">Conditional</animation>
                        <animation effect="slide" end="0,180" time="0" condition="Control.HasFocus(15)">Conditional</animation>
                    </control>
                </control>

                <control type="group" id="9002">
                    <posx>466</posx>
                    <posy>730</posy>
                    <control type="button" id="18">
                        <description>Select</description>
                        <label>$LOCALIZE[42000]</label>
                        <texturefocus>buttons/select-fo.png</texturefocus>
                        <texturenofocus>buttons/select-nf.png</texturenofocus>
                        <include>DialogButtonDimensions</include>
                        <onleft>19</onleft>
                        <onright>19</onright>
                        <onup>15</onup>
                        <ondown>10</ondown>
                        <animation effect="fade" start="100" end="75" time="0" condition="!Control.IsEnabled(18)">Conditional</animation>
                    </control>
                    <control type="button" id="19">
                        <posx>200</posx>
                        <description>Cancel</description>
                        <label>$LOCALIZE[42001]</label>
                        <texturefocus>buttons/cancel-fo.png</texturefocus>
                        <texturenofocus>buttons/cancel-nf.png</texturenofocus>
                        <include>DialogButtonDimensions</include>
                        <onleft>18</onleft>
                        <onright>18</onright>
                        <onup>15</onup>
                        <ondown>10</ondown>
                        <animation effect="fade" start="100" end="75" time="0" condition="!Control.IsEnabled(19)">Conditional</animation>
                    </control>
                </control>
            </control>
        </control>
    </controls>
</window>