<?xml version="1.0" encoding="UTF-8"?>
<window>
    <defaultcontrol always="true">3</defaultcontrol>
    <allowoverlay>no</allowoverlay>
    <controls>
        <control type="group">
            <animation type="WindowOpen" condition="Window.IsVisible(mediasource)" reversible="false">
                <effect type="fade" start="0" end="100" time="0" delay="300" />
            </animation>
            <control type="group">
                <include>KeyboardAnimations</include>
                <visible>!Window.IsVisible(addonsettings)</visible>
                <control type="image">
                    <posx>920</posx>
                    <posy>232</posy>
                    <width>80</width>
                    <height>60</height>
                    <texture>dialogs/default/arrow.png</texture>
                </control>
                <control type="image">
                    <posx>445</posx>
                    <posy>252</posy>
                    <width>1030</width>
                    <height>576</height>
                    <texture border="39">dialogs/default/bg.png</texture>
                </control>
                <control type="label" id="1">
                    <description>Heading</description>
                    <posx>473</posx>
                    <posy>204</posy>
                    <width>974</width>
                    <font>Font-Condensed-S34</font>
                    <label>20333</label>
                    <textcolor>ddwhite</textcolor>
                    <align>center</align>
                </control>
                <control type="group" id="8001">
                    <posx>479</posx>
                    <posy>286</posy>
                    <control type="image">
                    	<posx>0</posx>
                    	<posy>0</posy>
                    	<width>962</width>
                    	<height>61</height>
                    	<texture border="5">dialogs/default/inner.png</texture>
                    </control>
                    <control type="image">
                    	<posx>0</posx>
                    	<posy>74</posy>
                    	<width>768</width>
                    	<height>181</height>
                    	<texture border="5">dialogs/default/inner.png</texture>
                    </control>
                    <control type="image">
                    	<posx>782</posx>
                    	<posy>74</posy>
                    	<width>180</width>
                    	<height>181</height>
                    	<texture border="5">dialogs/default/inner.png</texture>
                    </control>
                    <control type="image">
                    	<posx>0</posx>
                    	<posy>268</posy>
                    	<width>962</width>
                    	<height>241</height>
                    	<texture border="5">dialogs/default/inner.png</texture>
                    </control>
                    <control type="spincontrolex" id="3">
                        <description>Directory Content</description>
                        <posx>0</posx>
                        <posy>0</posy>
                        <width>962</width>
                        <label>20344</label>
                        <textureup>buttons/spinctrl/arrow-light-up-nf.png</textureup>
                        <texturedown>buttons/spinctrl/arrow-light-down-nf.png</texturedown>
                        <textureupfocus>buttons/spinctrl/arrow-light-up-fo.png</textureupfocus>
                        <texturedownfocus>buttons/spinctrl/arrow-light-down-fo.png</texturedownfocus>
                        <texturefocus border="2">dialogs/default/highlight.png</texturefocus>
                        <textcolor>FF585858</textcolor>
                        <focusedcolor>eewhite</focusedcolor>
                        <disabledcolor>77585858</disabledcolor>
                        <shadowcolor>20FFFFFF</shadowcolor>
                        <textoffsetx>20</textoffsetx>
                        <spinposx>16</spinposx>
                        <onup>8002</onup>
                        <ondown>4</ondown>
                        <onleft>8002</onleft>
                        <onright>8002</onright>
                    </control>
                    <control type="image">
                        <description>Used Scraper Image</description>
                        <posx>783</posx>
                        <posy>75</posy>
                        <width>178</width>
                        <height>178</height>
                        <aspectratio>keep</aspectratio>
                        <texture>$INFO[ListItem.Icon]</texture>
                    </control>
                    <control type="list" id="4">
                        <posx>0</posx>
                        <posy>74</posy>
                        <width>768</width>
                        <height>180</height>
                        <onup>3</onup>
                        <onleft>8002</onleft>
                        <onright>60</onright>
                        <ondown>5</ondown>
                        <pagecontrol>60</pagecontrol>
                        <scrolltime tween="cubic" easing="out">500</scrolltime>
                        <itemlayout height="60">
                            <control type="image">
                                <posx>0</posx>
                                <posy>1</posy>
                                <width>768</width>
                                <height>60</height>
                                <texture>dialogs/default/separator.png</texture>
                            </control>
                            <control type="image">
                                <posx>20</posx>
                                <posy>10</posy>
                                <width>40</width>
                                <height>40</height>
                                <info>ListItem.Thumb</info>
                            </control>
                            <control type="label">
                                <posx>75</posx>
                                <posy>0</posy>
                                <width>633</width>
                                <height>60</height>
                                <info>ListItem.Label</info>
                                <font>Font-Condensed-S32</font>
                                <align>left</align>
                                <aligny>center</aligny>
                                <textcolor>FF585858</textcolor>
                                <selectedcolor>FF585858</selectedcolor>
                                <scroll>false</scroll>
                                <visible>!IsEmpty(ListItem.Thumb)</visible>
                            </control>
                            <control type="label">
                                <posx>20</posx>
                                <posy>0</posy>
                                <width>688</width>
                                <height>60</height>
                                <info>ListItem.Label</info>
                                <font>Font-Condensed-S32</font>
                                <align>left</align>
                                <aligny>center</aligny>
                                <textcolor>FF585858</textcolor>
                                <selectedcolor>FF585858</selectedcolor>
                                <scroll>false</scroll>
                                <visible>IsEmpty(ListItem.Thumb)</visible>
                            </control>
                            <control type="image">
                                <posx>708</posx>
                                <posy>0</posy>
                                <width>60</width>
                                <height>60</height>
                                <texture>dialogs/select/selected.png</texture>
                                <visible>ListItem.IsSelected</visible>
                            </control>
                        </itemlayout>
                        <focusedlayout height="60">
                            <control type="image">
                                <posx>0</posx>
                                <posy>1</posy>
                                <width>768</width>
                                <height>60</height>
                                <texture>dialogs/default/separator.png</texture>
                            </control>
                            <control type="image">
                                <width>768</width>
                                <height>60</height>
                                <texture border="2">dialogs/default/highlight.png</texture>
                                <visible>Control.HasFocus(4)</visible>
                            </control>
                            <control type="image">
                                <posx>20</posx>
                                <posy>10</posy>
                                <width>40</width>
                                <height>40</height>
                                <info>ListItem.Thumb</info>
                            </control>
                            <control type="label">
                                <posx>20</posx>
                                <posy>0</posy>
                                <width>688</width>
                                <height>60</height>
                                <info>ListItem.Label</info>
                                <font>Font-Condensed-S32</font>
                                <align>left</align>
                                <aligny>center</aligny>
                                <textcolor>FF585858</textcolor>
                                <selectedcolor>FF585858</selectedcolor>
                                <scroll>false</scroll>
                                <visible>!Control.HasFocus(4) + IsEmpty(ListItem.Thumb)</visible>
                            </control>
                            <control type="label">
                                <posx>75</posx>
                                <posy>0</posy>
                                <width>633</width>
                                <height>60</height>
                                <info>ListItem.Label</info>
                                <font>Font-Condensed-S32</font>
                                <align>left</align>
                                <aligny>center</aligny>
                                <textcolor>FF585858</textcolor>
                                <selectedcolor>FF585858</selectedcolor>
                                <scroll>false</scroll>
                                <visible>!Control.HasFocus(4) + !IsEmpty(ListItem.Thumb)</visible>
                            </control>
                            <control type="label">
                                <posx>20</posx>
                                <posy>0</posy>
                                <width>688</width>
                                <height>60</height>
                                <info>ListItem.Label</info>
                                <font>Font-Condensed-S32</font>
                                <align>left</align>
                                <aligny>center</aligny>
                                <textcolor>eewhite</textcolor>
                                <selectedcolor>eewhite</selectedcolor>
                                <scroll>false</scroll>
                                <visible>Control.HasFocus(4) + IsEmpty(ListItem.Thumb)</visible>
                            </control>
                            <control type="label">
                                <posx>75</posx>
                                <posy>0</posy>
                                <width>633</width>
                                <height>60</height>
                                <info>ListItem.Label</info>
                                <font>Font-Condensed-S32</font>
                                <align>left</align>
                                <aligny>center</aligny>
                                <textcolor>eewhite</textcolor>
                                <selectedcolor>eewhite</selectedcolor>
                                <scroll>false</scroll>
                                <visible>Control.HasFocus(4) + !IsEmpty(ListItem.Thumb)</visible>
                            </control>
                            <control type="image">
                                <posx>708</posx>
                                <posy>0</posy>
                                <width>60</width>
                                <height>60</height>
                                <texture>dialogs/select/selected.png</texture>
                                <visible>ListItem.IsSelected</visible>
                            </control>
                        </focusedlayout>
                    </control>
                    <control type="image" id="62">
                        <animation effect="fade" start="100" end="0" time="0" delay="1500">WindowOpen</animation>
                    </control>
                    <control type="image" id="61">
                        <animation effect="fade" start="0" end="100" time="0">Visible</animation>
                        <animation effect="fade" start="100" end="0" time="0">Hidden</animation>
                        <visible>Control.HasFocus(60) | !Control.IsVisible(62)</visible>
                    </control>
                    <control type="image" id="61">
                        <animation effect="fade" start="0" end="100" time="0">Visible</animation>
                        <animation effect="fade" start="100" end="0" time="0" delay="1000">Hidden</animation>
                        <visible>!Control.HasFocus(60) + [Container(4).Scrolling | Container(4).OnScrollNext | Container(4).OnScrollPrevious]</visible>
                    </control>
                    <control type="scrollbar" id="60">
                        <posx>754</posx>
                        <posy>77</posy>
                        <width>11</width>
                        <height>174</height>
                        <texturesliderbackground>-</texturesliderbackground>
                        <texturesliderbar border="0,6,0,6">dialogs/default/scrollbar.png</texturesliderbar>
                        <texturesliderbarfocus border="0,6,0,6">dialogs/default/scrollbar.png</texturesliderbarfocus>
                        <textureslidernib>-</textureslidernib>
                        <textureslidernibfocus>-</textureslidernibfocus>
                        <onleft>4</onleft>
                        <onright>8002</onright>
                        <showonepage>false</showonepage>
                        <orientation>vertical</orientation>
                        <animation effect="fade" start="75" end="0" time="300" tween="sine" easing="inout" condition="!Control.IsVisible(61)">Conditional</animation>
                    </control>
                    <control type="grouplist" id="5">
                        <description>Control Area</description>
                        <posx>0</posx>
                        <posy>268</posy>
                        <width>962</width>
                        <height>300</height>
                        <orientation>vertical</orientation>
                        <itemgap>0</itemgap>
                        <onup>4</onup>
                        <ondown>8002</ondown>
                        <onleft>8002</onleft>
                        <onright>8002</onright>
                        <scrolltime tween="cubic" easing="out">500</scrolltime>
                    </control>
                    <control type="button" id="7">
                        <description>default</description>
                        <height>60</height>
                        <align>left</align>
                        <textoffsetx>20</textoffsetx>
                        <textcolor>FF585858</textcolor>
                        <focusedcolor>eewhite</focusedcolor>
                        <disabledcolor>77585858</disabledcolor>
                        <shadowcolor>20FFFFFF</shadowcolor>
                    </control>
                    <control type="radiobutton" id="8">
                        <description>radioButton</description>
                        <height>60</height>
                        <align>left</align>
                        <textoffsetx>20</textoffsetx>
                        <radioposx>852</radioposx>
                        <textcolor>FF585858</textcolor>
                        <focusedcolor>eewhite</focusedcolor>
                        <disabledcolor>77585858</disabledcolor>
                        <shadowcolor>20FFFFFF</shadowcolor>
                        <textureradioon>buttons/radio/radio-light-fo.png</textureradioon>
                        <textureradiooff>buttons/radio/radio-light-nf.png</textureradiooff>
                        <texturefocus>dialogs/default/highlight.png</texturefocus>
                        <texturenofocus>dialogs/default/separator-btn.png</texturenofocus>
                    </control>
                </control>
                <control type="group" id="8002">
                    <posx>466</posx>
                    <posy>793</posy>
                    <control type="button" id="28">
                        <description>Select</description>
                        <label>$LOCALIZE[42000]</label>
                        <texturefocus>buttons/select-fo.png</texturefocus>
                        <texturenofocus>buttons/select-nf.png</texturenofocus>
                        <include>DialogButtonDimensions</include>
                        <onleft>6</onleft>
                        <onright>29</onright>
                        <onup>5</onup>
                        <ondown>3</ondown>
                        <animation effect="fade" start="100" end="75" time="0" condition="!Control.IsEnabled(28)">Conditional</animation>
                    </control>
                    <control type="button" id="29">
                        <posx>200</posx>
                        <description>Cancel</description>
                        <label>$LOCALIZE[42001]</label>
                        <texturefocus>buttons/cancel-fo.png</texturefocus>
                        <texturenofocus>buttons/cancel-nf.png</texturenofocus>
                        <include>DialogButtonDimensions</include>
                        <onleft>28</onleft>
                        <onright>6</onright>
                        <onup>5</onup>
                        <ondown>3</ondown>
                        <animation effect="fade" start="100" end="75" time="0" condition="!Control.IsEnabled(29)">Conditional</animation>
                    </control>
                    <control type="button" id="6">
                        <posx>740</posx>
                        <description>Settings</description>
                        <label>$LOCALIZE[5]</label>
                        <texturefocus>buttons/options-fo.png</texturefocus>
                        <texturenofocus>buttons/options-nf.png</texturenofocus>
                        <include>DialogButtonDimensions</include>
                        <onleft>29</onleft>
                        <onright>28</onright>
                        <onup>5</onup>
                        <ondown>3</ondown>
                        <animation effect="fade" start="100" end="75" time="0" condition="!Control.IsEnabled(6)">Conditional</animation>
                    </control>
                </control>
            </control>
        </control>
    </controls>
</window>