<?xml version="1.0" encoding="UTF-8"?>
<window id="606">
	<defaultcontrol always="true">9</defaultcontrol>
	<controls>
	    <control type="group">
    	    <include>KeyboardAnimations</include>
    	    <visible>!Window.IsVisible(virtualkeyboard) + !Window.IsVisible(numericinput)</visible>
    	    <control type="image">
    	        <posx>920</posx>
    	        <posy>154</posy>
    	        <width>80</width>
    	        <height>60</height>
    	        <texture>dialogs/default/arrow.png</texture>
    	    </control>
    	    <control type="image">
    	        <posx>319</posx>
    	        <posy>174</posy>
    	        <width>1282</width>
    	        <height>732</height>
    	        <texture border="39">dialogs/default/bg.png</texture>
    	    </control>
    	    <control type="label">
    	        <description>Heading</description>
    	        <posx>353</posx>
    	        <posy>126</posy>
    	        <width>1214</width>
    	        <label>$LOCALIZE[19142]</label>
    	        <font>Font-Condensed-S34</font>
    	        <textcolor>ddwhite</textcolor>
    	        <align>center</align>
    	    </control>
    	    <control type="group">
    	        <posx>353</posx>
    	        <posy>208</posy>
    	        <control type="label">
    	            <description>Search label</description>
    	            <posx>0</posx>
    	            <posy>0</posy>
    	            <width>1214</width>
    	            <height>34</height>
    	            <align>left</align>
    	            <textoffsetx>20</textoffsetx>
    	            <label>$LOCALIZE[19133]</label>
    	            <textcolor>FF585858</textcolor>
    	            <shadowcolor>20FFFFFF</shadowcolor>
    	            <font>Font-Condensed-S30</font>
    	        </control>
    	        <control type="image">
        	    	<posx>0</posx>
        	    	<posy>40</posy>
        	    	<width>1214</width>
        	    	<height>61</height>
        	    	<texture border="5">dialogs/default/inner.png</texture>
        	    </control>
        	    <control type="edit" id="9">
        	        <description>Search</description>
        	        <posx>0</posx>
        	        <posy>40</posy>
        	        <width>1162</width>
        	        <height>60</height>
        	        <align>left</align>
        	        <aligny>center</aligny>
        	        <textoffsetx>20</textoffsetx>
        	        <textcolor>FF585858</textcolor>
        	        <focusedcolor>eewhite</focusedcolor>
        	        <disabledcolor>FF585858</disabledcolor>
        	        <shadowcolor>20FFFFFF</shadowcolor>
        	        <font>Font-Condensed-S32</font>
        	        <pulseonselect>false</pulseonselect>
        	        <texturefocus border="2">dialogs/default/highlight.png</texturefocus>
        	        <onup>8000</onup>
        	        <onleft>9</onleft>
        	        <onright>9</onright>
        	        <ondown>8001</ondown>
        	        <animation effect="fade" start="100" end="50" time="0" condition="!Control.IsEnabled(9)" reversible="false">Conditional</animation>
        	    </control>
        	    <control type="image">
        	        <posx>1140</posx>
        	        <posy>40</posy>
        	        <width>74</width>
        	        <height>60</height>
        	        <texture>dialogs/mediasource/keyboard-nf.png</texture>
        	        <visible>!Control.HasFocus(9)</visible>
        	    </control>
        	    <control type="image">
        	        <posx>1140</posx>
        	        <posy>40</posy>
        	        <width>74</width>
        	        <height>60</height>
        	        <texture>dialogs/mediasource/keyboard-fo.png</texture>
        	        <visible>Control.HasFocus(9)</visible>
        	    </control>
        	    <control type="textbox">
        	        <description>Search help</description>
        	        <posx>20</posx>
        	        <posy>100</posy>
        	        <width>1174</width>
        	        <height>74</height>
        	        <align>justify</align>
        	        <label>$LOCALIZE[19001] $LOCALIZE[19002]</label>
        	        <textcolor>FF585858</textcolor>
        	        <shadowcolor>20FFFFFF</shadowcolor>
        	        <font>Font-Condensed-S28</font>
        	    </control>
                <control type="group" id="8001">
            	    <control type="group">
            	    	<posx>0</posx>
            	    	<posy>189</posy>
            	    	<control type="image">
            	    		<posx>0</posx>
            	    		<posy>0</posy>
            	    		<width>600</width>
            	    		<height>474</height>
            	    		<texture border="5">dialogs/default/inner.png</texture>
            	    	</control>
            	    	<control type="radiobutton" id="10">
            	    		<description>Include Description</description>
            	    		<posx>0</posx>
            	    		<posy>0</posy>
            	    		<width>600</width>
            	    		<height>60</height>
                            <align>left</align>
                            <textoffsetx>20</textoffsetx>
                            <textwidth>484</textwidth>
                            <radioposx>492</radioposx>
                            <textcolor>FF585858</textcolor>
                            <focusedcolor>eewhite</focusedcolor>
                            <disabledcolor>77585858</disabledcolor>
                            <shadowcolor>20FFFFFF</shadowcolor>
                            <textureradioon>buttons/radio/radio-light-fo.png</textureradioon>
                            <textureradiooff>buttons/radio/radio-light-nf.png</textureradiooff>
                            <texturefocus border="2">dialogs/default/highlight.png</texturefocus>
                            <texturenofocus>dialogs/default/separator.png</texturenofocus>
            	    		<label>19134</label>
            	    		<onleft>12</onleft>
            	    		<onright>12</onright>
            	    		<onup>9</onup>
            	    		<ondown>11</ondown>
            	    	</control>
            	    	<control type="radiobutton" id="11">
            	    		<description>Case Sensitive</description>
            	    		<posx>0</posx>
            	    		<posy>59</posy>
            	    		<width>600</width>
            	    		<height>60</height>
            	    		<align>left</align>
            	    		<textoffsetx>20</textoffsetx>
            	    		<textwidth>484</textwidth>
            	    		<radioposx>492</radioposx>
            	    		<textcolor>FF585858</textcolor>
            	    		<focusedcolor>eewhite</focusedcolor>
            	    		<disabledcolor>77585858</disabledcolor>
            	    		<shadowcolor>20FFFFFF</shadowcolor>
            	    		<textureradioon>buttons/radio/radio-light-fo.png</textureradioon>
            	    		<textureradiooff>buttons/radio/radio-light-nf.png</textureradiooff>
            	    		<texturefocus border="2">dialogs/default/highlight.png</texturefocus>
            	    		<texturenofocus>dialogs/default/separator.png</texturenofocus>
            	    		<label>19135</label>
            	    		<onleft>13</onleft>
            	    		<onright>13</onright>
            	    		<onup>10</onup>
            	    		<ondown>14</ondown>
            	    	</control>
            	    	<control type="edit" id="14">
            	    		<description>Start Date</description>
            	    		<posx>0</posx>
            	    		<posy>118</posy>
            	    		<width>600</width>
            	    		<height>60</height>
            	    		<align>left</align>
            	    		<aligny>center</aligny>
            	    		<textoffsetx>20</textoffsetx>
            	    		<textcolor>FF585858</textcolor>
            	    		<focusedcolor>eewhite</focusedcolor>
            	    		<disabledcolor>FF585858</disabledcolor>
            	    		<shadowcolor>20FFFFFF</shadowcolor>
            	    		<font>Font-Condensed-S32</font>
            	    		<pulseonselect>false</pulseonselect>
            	    		<texturefocus border="2">dialogs/default/highlight.png</texturefocus>
            	    		<texturenofocus>dialogs/default/separator.png</texturenofocus>
            	    		<label>19128</label>
            	    		<onright>16</onright>
            	    		<onleft>16</onleft>
            	    		<onup>11</onup>
            	    		<ondown>15</ondown>
            	    	</control>
            	    	<control type="edit" id="15">
            	    		<description>Stop Date</description>
            	    		<posx>0</posx>
            	    		<posy>177</posy>
            	    		<width>600</width>
            	    		<height>60</height>
            	    		<align>left</align>
            	    		<aligny>center</aligny>
            	    		<textoffsetx>20</textoffsetx>
            	    		<textcolor>FF585858</textcolor>
            	    		<focusedcolor>eewhite</focusedcolor>
            	    		<disabledcolor>FF585858</disabledcolor>
            	    		<shadowcolor>20FFFFFF</shadowcolor>
            	    		<font>Font-Condensed-S32</font>
            	    		<pulseonselect>false</pulseonselect>
            	    		<texturefocus border="2">dialogs/default/highlight.png</texturefocus>
            	    		<texturenofocus>dialogs/default/separator.png</texturenofocus>
            	    		<label>19129</label>
            	    		<onright>17</onright>
            	    		<onleft>17</onleft>
            	    		<onup>14</onup>
            	    		<ondown>18</ondown>
            	    	</control>
            	    	<control type="spincontrolex" id="18">
            	    		<description>Genre</description>
            	    		<posx>0</posx>
            	    		<posy>236</posy>
            	    		<width>600</width>
            	    		<height>60</height>
            	    		<textureup>buttons/spinctrl/arrow-light-up-nf.png</textureup>
        	    		    <texturedown>buttons/spinctrl/arrow-light-down-nf.png</texturedown>
        	    		    <textureupfocus>buttons/spinctrl/arrow-light-up-fo.png</textureupfocus>
        	    		    <texturedownfocus>buttons/spinctrl/arrow-light-down-fo.png</texturedownfocus>
        	    		    <texturefocus border="2">dialogs/default/highlight.png</texturefocus>
        	    		    <texturenofocus>dialogs/default/separator.png</texturenofocus>
        	    		    <textcolor>FF585858</textcolor>
        	    		    <focusedcolor>eewhite</focusedcolor>
        	    		    <disabledcolor>77585858</disabledcolor>
        	    		    <shadowcolor>20FFFFFF</shadowcolor>
        	    		    <textoffsetx>20</textoffsetx>
        	    		    <spinposx>16</spinposx>
            	    		<label>515</label>
            	    		<onright>19</onright>
            	    		<onleft>19</onleft>
            	    		<onup>15</onup>
            	    		<ondown>20</ondown>
            	    	</control>
            	    	<control type="radiobutton" id="20">
            	    		<description>Include unknown Genres</description>
            	    		<posx>0</posx>
            	    		<posy>295</posy>
            	    		<width>600</width>
            	    		<height>60</height>
            	    		<align>left</align>
            	    		<textoffsetx>20</textoffsetx>
            	    		<textwidth>484</textwidth>
            	    		<radioposx>492</radioposx>
            	    		<textcolor>FF585858</textcolor>
            	    		<focusedcolor>eewhite</focusedcolor>
            	    		<disabledcolor>77585858</disabledcolor>
            	    		<shadowcolor>20FFFFFF</shadowcolor>
            	    		<textureradioon>buttons/radio/radio-light-fo.png</textureradioon>
            	    		<textureradiooff>buttons/radio/radio-light-nf.png</textureradiooff>
            	    		<texturefocus border="2">dialogs/default/highlight.png</texturefocus>
            	    		<texturenofocus>dialogs/default/separator.png</texturenofocus>
            	    		<label>19132</label>
            	    		<onleft>21</onleft>
            	    		<onright>21</onright>
            	    		<onup>18</onup>
            	    		<ondown>22</ondown>
            	    	</control>
            	    	<control type="radiobutton" id="22">
            	    		<description>FTA only</description>
            	    		<posx>0</posx>
            	    		<posy>354</posy>
            	    		<width>600</width>
            	    		<height>60</height>
            	    		<align>left</align>
            	    		<textoffsetx>20</textoffsetx>
            	    		<textwidth>484</textwidth>
            	    		<radioposx>492</radioposx>
            	    		<textcolor>FF585858</textcolor>
            	    		<focusedcolor>eewhite</focusedcolor>
            	    		<disabledcolor>77585858</disabledcolor>
            	    		<shadowcolor>20FFFFFF</shadowcolor>
            	    		<textureradioon>buttons/radio/radio-light-fo.png</textureradioon>
            	    		<textureradiooff>buttons/radio/radio-light-nf.png</textureradiooff>
            	    		<texturefocus border="2">dialogs/default/highlight.png</texturefocus>
            	    		<texturenofocus>dialogs/default/separator.png</texturenofocus>
            	    		<label>19123</label>
            	    		<onleft>23</onleft>
            	    		<onright>23</onright>
            	    		<onup>20</onup>
            	    		<ondown>24</ondown>
            	    	</control>
            	    	<control type="radiobutton" id="24">
            	    		<description>Ignore Timers</description>
            	    		<posx>0</posx>
            	    		<posy>413</posy>
            	    		<width>600</width>
            	    		<height>60</height>
            	    		<align>left</align>
            	    		<textoffsetx>20</textoffsetx>
            	    		<textwidth>484</textwidth>
            	    		<radioposx>492</radioposx>
            	    		<textcolor>FF585858</textcolor>
            	    		<focusedcolor>eewhite</focusedcolor>
            	    		<disabledcolor>77585858</disabledcolor>
            	    		<shadowcolor>20FFFFFF</shadowcolor>
            	    		<textureradioon>buttons/radio/radio-light-fo.png</textureradioon>
            	    		<textureradiooff>buttons/radio/radio-light-nf.png</textureradiooff>
            	    		<texturefocus border="2">dialogs/default/highlight.png</texturefocus>
            	    		<label>19124</label>
            	    		<onleft>27</onleft>
            	    		<onright>27</onright>
            	    		<onup>22</onup>
            	    		<ondown>26</ondown>
            	    	</control>
            	    </control>
            	    <control type="group">
            	    	<posx>614</posx>
            	    	<posy>189</posy>
            	    	<control type="image">
            	    		<posx>0</posx>
            	    		<posy>0</posy>
            	    		<width>600</width>
            	    		<height>474</height>
            	    		<texture border="5">dialogs/default/inner.png</texture>
            	    	</control>
            	    	<control type="spincontrolex" id="12">
            	    		<description>Min Duration</description>
            	    		<posx>0</posx>
            	    		<posy>0</posy>
            	    		<width>600</width>
            	    		<height>60</height>
            	    		<textureup>buttons/spinctrl/arrow-light-up-nf.png</textureup>
            	    		<texturedown>buttons/spinctrl/arrow-light-down-nf.png</texturedown>
            	    		<textureupfocus>buttons/spinctrl/arrow-light-up-fo.png</textureupfocus>
            	    		<texturedownfocus>buttons/spinctrl/arrow-light-down-fo.png</texturedownfocus>
            	    		<texturefocus border="2">dialogs/default/highlight.png</texturefocus>
            	    		<texturenofocus>dialogs/default/separator.png</texturenofocus>
            	    		<textcolor>FF585858</textcolor>
            	    		<focusedcolor>eewhite</focusedcolor>
            	    		<disabledcolor>77585858</disabledcolor>
            	    		<shadowcolor>20FFFFFF</shadowcolor>
            	    		<textoffsetx>20</textoffsetx>
            	    		<spinposx>16</spinposx>
            	    		<label>19130</label>
            	    		<onright>10</onright>
            	    		<onleft>10</onleft>
            	    		<onup>9</onup>
            	    		<ondown>13</ondown>
            	    	</control>
            	    	<control type="spincontrolex" id="13">
            	    		<description>Max Duration</description>
            	    		<posx>0</posx>
            	    		<posy>59</posy>
            	    		<width>600</width>
            	    		<height>60</height>
            	    		<textureup>buttons/spinctrl/arrow-light-up-nf.png</textureup>
            	    		<texturedown>buttons/spinctrl/arrow-light-down-nf.png</texturedown>
            	    		<textureupfocus>buttons/spinctrl/arrow-light-up-fo.png</textureupfocus>
            	    		<texturedownfocus>buttons/spinctrl/arrow-light-down-fo.png</texturedownfocus>
            	    		<texturefocus border="2">dialogs/default/highlight.png</texturefocus>
            	    		<texturenofocus>dialogs/default/separator.png</texturenofocus>
            	    		<textcolor>FF585858</textcolor>
            	    		<focusedcolor>eewhite</focusedcolor>
            	    		<disabledcolor>77585858</disabledcolor>
            	    		<shadowcolor>20FFFFFF</shadowcolor>
            	    		<textoffsetx>20</textoffsetx>
            	    		<spinposx>16</spinposx>
            	    		<label>19131</label>
            	    		<onright>11</onright>
            	    		<onleft>11</onleft>
            	    		<onup>12</onup>
            	    		<ondown>16</ondown>
            	    	</control>
            	    	<control type="edit" id="16">
            	    		<description>Start time</description>
            	    		<posx>0</posx>
            	    		<posy>118</posy>
            	    		<width>600</width>
            	    		<height>60</height>
            	    		<align>left</align>
            	    		<aligny>center</aligny>
            	    		<textoffsetx>20</textoffsetx>
            	    		<textcolor>FF585858</textcolor>
            	    		<focusedcolor>eewhite</focusedcolor>
            	    		<disabledcolor>FF585858</disabledcolor>
            	    		<shadowcolor>20FFFFFF</shadowcolor>
            	    		<font>Font-Condensed-S32</font>
            	    		<pulseonselect>false</pulseonselect>
            	    		<texturefocus border="2">dialogs/default/highlight.png</texturefocus>
            	    		<texturenofocus>dialogs/default/separator.png</texturenofocus>
            	    		<label>19126</label>
            	    		<onright>14</onright>
            	    		<onleft>14</onleft>
            	    		<onup>13</onup>
            	    		<ondown>17</ondown>
            	    	</control>
            	    	<control type="edit" id="17">
            	    		<description>Stop time</description>
            	    		<posx>0</posx>
            	    		<posy>177</posy>
            	    		<width>600</width>
            	    		<height>60</height>
            	    		<align>left</align>
            	    		<aligny>center</aligny>
            	    		<textoffsetx>20</textoffsetx>
            	    		<textcolor>FF585858</textcolor>
            	    		<focusedcolor>eewhite</focusedcolor>
            	    		<disabledcolor>FF585858</disabledcolor>
            	    		<shadowcolor>20FFFFFF</shadowcolor>
            	    		<font>Font-Condensed-S32</font>
            	    		<pulseonselect>false</pulseonselect>
            	    		<texturefocus border="2">dialogs/default/highlight.png</texturefocus>
            	    		<texturenofocus>dialogs/default/separator.png</texturenofocus>
            	    		<label>19127</label>
            	    		<onright>15</onright>
            	    		<onleft>15</onleft>
            	    		<onup>16</onup>
            	    		<ondown>19</ondown>
            	    	</control>
            	    	<control type="radiobutton" id="19">
            	    		<description>avoid repeats</description>
            	    		<posx>0</posx>
            	    		<posy>236</posy>
            	    		<width>600</width>
            	    		<height>60</height>
            	    		<align>left</align>
            	    		<textoffsetx>20</textoffsetx>
            	    		<textwidth>484</textwidth>
            	    		<radioposx>492</radioposx>
            	    		<textcolor>FF585858</textcolor>
            	    		<focusedcolor>eewhite</focusedcolor>
            	    		<disabledcolor>77585858</disabledcolor>
            	    		<shadowcolor>20FFFFFF</shadowcolor>
            	    		<textureradioon>buttons/radio/radio-light-fo.png</textureradioon>
            	    		<textureradiooff>buttons/radio/radio-light-nf.png</textureradiooff>
            	    		<texturefocus border="2">dialogs/default/highlight.png</texturefocus>
            	    		<texturenofocus>dialogs/default/separator.png</texturenofocus>
            	    		<label>19121</label>
            	    		<onright>18</onright>
            	    		<onleft>18</onleft>
            	    		<onup>17</onup>
            	    		<ondown>21</ondown>
            	    	</control>
            	    	<control type="spincontrolex" id="21">
            	    		<description>Groups</description>
            	    		<posx>0</posx>
            	    		<posy>295</posy>
            	    		<width>600</width>
            	    		<height>60</height>
            	    		<textureup>buttons/spinctrl/arrow-light-up-nf.png</textureup>
            	    		<texturedown>buttons/spinctrl/arrow-light-down-nf.png</texturedown>
            	    		<textureupfocus>buttons/spinctrl/arrow-light-up-fo.png</textureupfocus>
            	    		<texturedownfocus>buttons/spinctrl/arrow-light-down-fo.png</texturedownfocus>
            	    		<texturefocus border="2">dialogs/default/highlight.png</texturefocus>
            	    		<texturenofocus>dialogs/default/separator.png</texturenofocus>
            	    		<textcolor>FF585858</textcolor>
            	    		<focusedcolor>eewhite</focusedcolor>
            	    		<disabledcolor>77585858</disabledcolor>
            	    		<shadowcolor>20FFFFFF</shadowcolor>
            	    		<textoffsetx>20</textoffsetx>
            	    		<spinposx>16</spinposx>
            	    		<label>19141</label>
            	    		<onright>20</onright>
            	    		<onleft>20</onleft>
            	    		<onup>19</onup>
            	    		<ondown>23</ondown>
            	    	</control>
            	    	<control type="spincontrolex" id="23">
            	    		<description>Channels</description>
            	    		<posx>0</posx>
            	    		<posy>354</posy>
            	    		<width>600</width>
            	    		<height>60</height>
            	    		<textureup>buttons/spinctrl/arrow-light-up-nf.png</textureup>
            	    		<texturedown>buttons/spinctrl/arrow-light-down-nf.png</texturedown>
            	    		<textureupfocus>buttons/spinctrl/arrow-light-up-fo.png</textureupfocus>
            	    		<texturedownfocus>buttons/spinctrl/arrow-light-down-fo.png</texturedownfocus>
            	    		<texturefocus border="2">dialogs/default/highlight.png</texturefocus>
            	    		<texturenofocus>dialogs/default/separator.png</texturenofocus>
            	    		<textcolor>FF585858</textcolor>
            	    		<focusedcolor>eewhite</focusedcolor>
            	    		<disabledcolor>77585858</disabledcolor>
            	    		<shadowcolor>20FFFFFF</shadowcolor>
            	    		<textoffsetx>20</textoffsetx>
            	    		<spinposx>16</spinposx>
            	    		<label>19148</label>
            	    		<onleft>22</onleft>
            	    		<onright>22</onright>
            	    		<onup>21</onup>
            	    		<ondown>27</ondown>
            	    	</control>
            	    	<control type="radiobutton" id="27">
            	    		<description>Ignore Recordings</description>
            	    		<posx>0</posx>
            	    		<posy>413</posy>
            	    		<width>600</width>
            	    		<height>60</height>
            	    		<align>left</align>
            	    		<textoffsetx>20</textoffsetx>
            	    		<textwidth>484</textwidth>
            	    		<radioposx>492</radioposx>
            	    		<textcolor>FF585858</textcolor>
            	    		<focusedcolor>eewhite</focusedcolor>
            	    		<disabledcolor>77585858</disabledcolor>
            	    		<shadowcolor>20FFFFFF</shadowcolor>
            	    		<textureradioon>buttons/radio/radio-light-fo.png</textureradioon>
            	    		<textureradiooff>buttons/radio/radio-light-nf.png</textureradiooff>
            	    		<texturefocus border="2">dialogs/default/highlight.png</texturefocus>
            	    		<label>19125</label>
            	    		<onleft>24</onleft>
            	    		<onright>24</onright>
            	    		<onup>23</onup>
            	    		<ondown>26</ondown>
            	    	</control>
            	    </control>
        	    </control>
        	</control>
    	    <control type="group" id="8000">
    	        <posx>343</posx>
    	        <posy>871</posy>
    	        <control type="button" id="26">
    	            <description>Select</description>
    	            <texturefocus>buttons/select-fo.png</texturefocus>
    	            <texturenofocus>buttons/select-nf.png</texturenofocus>
    	            <include>DialogButtonDimensions</include>
    	            <label>$LOCALIZE[137]</label>
    	            <onleft>28</onleft>
    	            <onright>25</onright>
    	            <onup>8001</onup>
    	            <ondown>9</ondown>
    	        </control>
    	        <control type="button" id="25">
    	            <posx>200</posx>
    	            <description>Close</description>
    	            <label>$LOCALIZE[42001]</label>
    	            <texturefocus>buttons/cancel-fo.png</texturefocus>
    	            <texturenofocus>buttons/cancel-nf.png</texturenofocus>
    	            <include>DialogButtonDimensions</include>
    	            <onleft>26</onleft>
    	            <onright>28</onright>
    	            <onup>8001</onup>
    	            <ondown>9</ondown>
    	        </control>
    	        <control type="button" id="28">
    	            <posx>883</posx>
    	            <description>Defaults</description>
    	            <label>$LOCALIZE[409]</label>
    	            <include>DialogButtonDimensionsRightAlign</include>
    	            <texturefocus>buttons/options-right-fo.png</texturefocus>
    	            <texturenofocus>buttons/options-right-nf.png</texturenofocus>
    	            <onleft>25</onleft>
    	            <onright>26</onright>
    	            <onup>8001</onup>
    	            <ondown>9</ondown>
    	        </control>
    	    </control>
    	</control>
	</controls>
</window>