<?xml version="1.0" encoding="UTF-8"?>
<includes>
    <variable name="LibraryEditorLabel">
        <value condition="Container.Content(movies)">$LOCALIZE[42205]</value>
        <value condition="Container.Content(tvshows)">$LOCALIZE[42206]</value>
        <value condition="Container.Content(seasons)">$LOCALIZE[42207]</value>
        <value condition="Container.Content(episodes)">$LOCALIZE[42208]</value>
        <value condition="Container.Content(musicvideos)">$LOCALIZE[42209]</value>
        <value condition="Container.Content(artists)">$LOCALIZE[42210]</value>
        <value condition="Container.Content(albums)">$LOCALIZE[42211]</value>
        <value condition="Container.Content(songs)">$LOCALIZE[42212]</value>
    </variable>

    <include name="ContextMenuBackgroundVars">
        <posx>0</posx>
        <texture>-</texture>
        <aspectratio aligny="center">stretch</aspectratio>
        <visible>false</visible>
    </include>

    <include name="ContextMenuGroupListVars">
        <posx>0</posx>
        <posy>0</posy>
        <itemgap>0</itemgap>
        <scrolltime>0</scrolltime>
    </include>

    <include name="ContextMenuButtonVars">
        <height>60</height>
        <align>center</align>
        <font>Font-Condensed-S32</font>
        <focusedcolor>eewhite</focusedcolor>
        <textoffsetx>20</textoffsetx>
    </include>

    <include name="ContextMenuSearchSmallWidth">
        <width>300</width>
    </include>

    <include name="ContextMenuSearchMediumWidth">
        <width>360</width>
    </include>

    <include name="ContextMenuSearchLargeWidth">
        <width>460</width>
    </include>

    <include name="ContextCoordinates">
        <coordinates>
            <posx>0</posx>
            <posy>0</posy>
            <origin x="0" y="0">true</origin>
        </coordinates>
    </include>

    <include name="ContextMenuDefault">
        <control type="group">
            <posx>267</posx>
            <posy>517</posy>
            <control type="image">
                <description>shadow image</description>
                <posx>5</posx>
                <posy>505</posy>
                <height>60</height>
                <width>442</width>
                <texture>dialogs/shutdown/shadow.png</texture>
                <aspectratio>stretch</aspectratio>
            </control>
            <control type="image" id="999">
                <description>background image</description>
                <posx>0</posx>
                <posy>0</posy>
                <height>540</height>
                <width>442</width>
                <texture>dialogs/shutdown/shutdown.png</texture>
                <aspectratio>stretch</aspectratio>
            </control>
            <control type="grouplist" id="996">
                <description>grouplist for context buttons</description>
                <posx>19</posx>
                <posy>47</posy>
                <width>404</width>
                <itemgap>0</itemgap>
                <height min="399" max="399">auto</height>
                <control type="button" id="995">
                    <description>Library editor</description>
                    <width>404</width>
                    <height>57</height>
                    <font>Font-Condensed-S34</font>
                    <align>left</align>
                    <textcolor>FF484848</textcolor>
                    <focusedcolor>DDFFFFFF</focusedcolor>
                    <disabledcolor>FF484848</disabledcolor>
                    <textoffsetx>25</textoffsetx>
                    <label>$VAR[LibraryEditorLabel]</label>
                    <onclick>XBMC.RunScript(script.libraryeditor,DBID=$INFO[ListItem.DBID])</onclick>
                    <texturefocus>dialogs/options/buttons/default-fo.png</texturefocus>
                    <visible>[Container.Content(movies) | Container.Content(tvshows) | Container.Content(seasons) | Container.Content(episodes) | Container.Content(musicvideos) | Container.Content(artists) | Container.Content(albums) | Container.Content(songs)] + System.HasAddon(script.libraryeditor) + Control.IsVisible(1006)</visible>
                </control>
            </control>
            <control type="group">
                <control type="image">
                    <posx>9</posx>
                    <posy>433</posy>
                    <width>100</width>
                    <height>100</height>
                    <texture>buttons/options_nofo.png</texture>
                </control>
                <control type="label">
                    <posx>94</posx>
                    <posy>433</posy>
                    <width>300</width>
                    <height>100</height>
                    <label>$LOCALIZE[41600]</label>
                    <font>Font-Condensed-S34-B</font>
                    <textcolor>eewhite</textcolor>
                    <shadowcolor>22000000</shadowcolor>
                </control>
            </control>
        </control>
        <control type="button" id="1000">
            <description>button template</description>
            <width>404</width>
            <height>57</height>
            <font>Font-Condensed-S34</font>
            <align>left</align>
            <textcolor>FF484848</textcolor>
            <focusedcolor>DDFFFFFF</focusedcolor>
            <disabledcolor>FF484848</disabledcolor>
            <textoffsetx>25</textoffsetx>
            <texturefocus>dialogs/options/buttons/default-fo.png</texturefocus>
        </control>
    </include>

    <include name="ContextMenuHome">
        <control type="image" id="999">
            <description>background image</description>
            <width>380</width>
            <height>660</height>
            <include>ContextMenuBackgroundVars</include>
        </control>
        <control type="grouplist" id="996">
            <description>grouplist for context buttons</description>
            <width>380</width>
            <height min="0" max="660">auto</height>
            <include>ContextMenuGroupListVars</include>
        </control>
        <control type="button" id="1000">
            <description>button template</description>
            <width>380</width>
            <textcolor>aawhite</textcolor>
            <texturefocus border="45,2,45,2">dialogs/context/selection.png</texturefocus>
            <include>ContextMenuButtonVars</include>
        </control>
    </include>

    <include name="ContextMenuPVRChannelManager">
        <control type="image" id="999">
            <description>background image</description>
            <width>380</width>
            <height>660</height>
            <include>ContextMenuBackgroundVars</include>
        </control>
        <control type="grouplist" id="996">
            <description>grouplist for context buttons</description>
            <width>380</width>
            <height min="0" max="660">auto</height>
            <include>ContextMenuGroupListVars</include>
        </control>
        <control type="button" id="1000">
            <description>button template</description>
            <width>380</width>
            <textcolor>FF585858</textcolor>
            <texturefocus border="45,2,45,2">dialogs/context/selection.png</texturefocus>
            <include>ContextMenuButtonVars</include>
        </control>
    </include>

    <include name="ContextMenuFileManager">
        <control type="image" id="999">
            <description>background image</description>
            <width>380</width>
            <height>600</height>
            <include>ContextMenuBackgroundVars</include>
        </control>
        <control type="grouplist" id="996">
            <description>grouplist for context buttons</description>
            <width>380</width>
            <itemgap>-7</itemgap>
            <height min="0" max="600">auto</height>
            <include>ContextMenuGroupListVars</include>
        </control>
        <control type="button" id="1000">
            <description>button template</description>
            <width>380</width>
            <textcolor>77white</textcolor>
            <texturefocus border="45,2,45,2">dialogs/context/selection.png</texturefocus>
            <include>ContextMenuButtonVars</include>
        </control>
    </include>

    <include name="ContextMenuAddonInfo">
        <control type="image" id="999">
            <description>background image</description>
            <width>436</width>
            <height>0</height>
            <include>ContextMenuBackgroundVars</include>
        </control>
        <control type="grouplist" id="996">
            <description>grouplist for context buttons</description>
            <posy>-26</posy>
            <width>436</width>
            <height min="0" max="251">auto</height>
            <aligny>top</aligny>
            <itemgap>-1</itemgap>
            <include>ContextMenuGroupListVars</include>
        </control>
        <control type="button" id="1000">
            <description>button template</description>
            <width>436</width>
            <height>51</height>
            <textoffsetx>20</textoffsetx>
            <align>left</align>
            <font>Font-Condensed-S30</font>
            <textcolor>99FFFFFF</textcolor>
            <focusedcolor>eewhite</focusedcolor>
            <disabledcolor>44FFFFFF</disabledcolor>
            <shadowcolor>33000000</shadowcolor>
            <texturenofocus border="90,3,90,3">views/list/other/separator.png</texturenofocus>
            <texturefocus border="150,3,150,3">windows/settings/images/right-focus.png</texturefocus>
        </control>
    </include>

    <include name="ContextMenuFavourites">
        <control type="image" id="999">
            <description>background image</description>
            <visible>false</visible>
        </control>
        <control type="grouplist" id="996">
            <description>grouplist for context buttons</description>
            <visible>false</visible>
        </control>
        <control type="button" id="1000">
            <description>button template</description>
            <visible>false</visible>
        </control>
        <control type="grouplist" id="2000">
            <description>Custom group list</description>
            <posx>-819</posx>
            <posy>90</posy>
            <width>1000</width>
            <height>100</height>
            <itemgap>-275</itemgap>
            <orientation>horizontal</orientation>
            <scrolltime>0</scrolltime>
            <control type="button" id="2001">
                <width>350</width>
                <height>100</height>
                <texturefocus>buttons/left-fo.png</texturefocus>
                <texturenofocus>buttons/left-nf.png</texturenofocus>
                <label>-</label>
                <onclick>SendClick(1001)</onclick>
            </control>
            <control type="button" id="2002">
                <width>350</width>
                <height>100</height>
                <texturefocus>buttons/right-fo.png</texturefocus>
                <texturenofocus>buttons/right-nf.png</texturenofocus>
                <label>-</label>
                <onclick>SendClick(1002)</onclick>
            </control>
            <control type="button" id="2003">
                <width>350</width>
                <height>100</height>
                <texturefocus>buttons/cancel-fo.png</texturefocus>
                <texturenofocus>buttons/cancel-nf.png</texturenofocus>
                <label>-</label>
                <onclick>SendClick(1003)</onclick>
            </control>
            <control type="button" id="2004">
                <width>350</width>
                <height>100</height>
                <texturefocus>buttons/edit-fo.png</texturefocus>
                <texturenofocus>buttons/edit-nf.png</texturenofocus>
                <label>-</label>
                <onclick>SendClick(1004)</onclick>
            </control>
        </control>
    </include>
</includes>