<?xml version="1.0" encoding="UTF-8"?>
<includes>
    <include name="SongInfoList">
        <control type="group">
            <animation type="Visible" condition="IsEmpty(Window(home).property(NoAnimation)) + !Window.Next(visualisation)" reversible="false">
                <effect type="fade" start="0" end="100" time="300" delay="300" tween="sine" easing="in" />
                <effect type="zoom" start="115" end="100" time="300" delay="300" center="auto" tween="sine" easing="out" />
            </animation>
            <include>GuideNoAnimation</include>
            <animation type="Hidden" reversible="false">
                <effect type="zoom" start="100" end="115" center="auto" tween="sine" delay="0" easing="out" time="300" />
                <effect type="fade" start="100" end="0" tween="cubic" easing="out" delay="0" time="300" />
            </animation>
            <animation effect="fade" start="100" end="25" tween="sine" easing="inout" time="300" condition="Window.IsActive(filebrowser)">Conditional</animation>
            <visible>!Window.IsActive(musicinformation)</visible>
            <control type="group">
                <animation effect="slide" end="0,100" time="0" condition="Container.Position(1)">Conditional</animation>
                <animation effect="slide" end="0,200" time="0" condition="Container.Position(2)">Conditional</animation>
                <animation effect="slide" end="0,300" time="0" condition="Container.Position(3)">Conditional</animation>
                <animation effect="slide" end="0,400" time="0" condition="Container.Position(4)">Conditional</animation>
                <animation effect="slide" end="0,500" time="0" condition="Container.Position(5)">Conditional</animation>
                <animation effect="slide" end="0,600" time="0" condition="Container.Position(6)">Conditional</animation>
                <control type="group">
                    <posx>344</posx>
                    <posy>190</posy>
                    <animation type="WindowOpen" reversible="false">
                        <effect type="fade" start="0" end="100" time="300" tween="sine" easing="inout" />
                    </animation>
                    <animation type="WindowClose" reversible="false">
                        <effect type="fade" start="100" end="0" time="300" easing="inout" tween="sine" />
                    </animation>
                    <control type="button" id="10">
                        <description>Select</description>
                        <label>$LOCALIZE[42000]</label>
                        <include>DialogButtonDimensions</include>
                        <texturefocus>buttons/select-fo.png</texturefocus>
                        <texturenofocus>buttons/select-nf.png</texturenofocus>
                        <onleft>15</onleft>
                        <onright>11</onright>
                        <onup>IncreaseRating</onup>
                        <ondown>DecreaseRating</ondown>
                        <animation effect="fade" start="100" end="75" time="0" condition="!Control.IsEnabled(10)">Conditional</animation>
                    </control>
                    <control type="button" id="11">
                        <description>Cancel</description>
                        <posx>200</posx>
                        <label>$LOCALIZE[42001]</label>
                        <include>DialogButtonDimensions</include>
                        <texturefocus>buttons/cancel-fo.png</texturefocus>
                        <texturenofocus>buttons/cancel-nf.png</texturenofocus>
                        <onleft>10</onleft>
                        <onright>12</onright>
                        <onup>IncreaseRating</onup>
                        <ondown>DecreaseRating</ondown>
                        <animation effect="fade" start="100" end="75" time="0" condition="!Control.IsEnabled(11)">Conditional</animation>
                    </control>
                    <control type="button" id="12">
                        <description>Album Info button</description>
                        <posx>400</posx>
                        <label>$LOCALIZE[10523]</label>
                        <include>DialogButtonDimensions</include>
                        <texturefocus>buttons/albuminfo-fo.png</texturefocus>
                        <texturenofocus>buttons/albuminfo-nf.png</texturenofocus>
                        <onleft>11</onleft>
                        <onright>13</onright>
                        <onup>IncreaseRating</onup>
                        <ondown>DecreaseRating</ondown>
                        <animation effect="fade" start="100" end="75" time="0" condition="!Control.IsEnabled(12)">Conditional</animation>
                    </control>
                    <control type="button" id="13">
                        <description>Get Thumb button</description>
                        <posx>600</posx>
                        <label>$LOCALIZE[13405]</label>
                        <include>DialogButtonDimensions</include>
                        <texturefocus>buttons/get-fo.png</texturefocus>
                        <texturenofocus>buttons/get-nf.png</texturenofocus>
                        <onleft>12</onleft>
                        <onright>14</onright>
                        <onup>IncreaseRating</onup>
                        <ondown>DecreaseRating</ondown>
                        <animation effect="fade" start="100" end="75" time="0" condition="!Control.IsEnabled(13)">Conditional</animation>
                    </control>
                    <control type="button" id="14">
                        <description>Decrease rating button</description>
                        <posx>820</posx>
                        <label>$LOCALIZE[563]</label>
                        <include>DialogButtonDimensionsRightAlign</include>
                        <texturefocus>buttons/down-fo.png</texturefocus>
                        <texturenofocus>buttons/down-nf.png</texturenofocus>
                        <onleft>13</onleft>
                        <onright>15</onright>
                        <onup>IncreaseRating</onup>
                        <ondown>DecreaseRating</ondown>
                        <onclick>DecreaseRating</onclick>
                        <animation effect="fade" start="100" end="75" time="0" condition="!Control.IsEnabled(14)">Conditional</animation>
                    </control>
                    <control type="button" id="15">
                        <description>Increase rating button</description>
                        <posx>870</posx>
                        <include>DialogButtonDimensions</include>
                        <texturefocus>buttons/up-fo.png</texturefocus>
                        <texturenofocus>buttons/up-nf.png</texturenofocus>
                        <onleft>14</onleft>
                        <onright>10</onright>
                        <onup>IncreaseRating</onup>
                        <ondown>DecreaseRating</ondown>
                        <onclick>IncreaseRating</onclick>
                        <animation effect="fade" start="100" end="75" time="0" condition="!Control.IsEnabled(15)">Conditional</animation>
                    </control>
                    <control type="image">
                        <posx>1167</posx>
                        <posy>-3</posy>
                        <width>105</width>
                        <height>105</height>
                        <texture>views/thumb/other/star_fo.png</texture>
                    </control>
                    <control type="label">
                        <posx>1296</posx>
                        <posy>0</posy>
                        <width>100</width>
                        <height>100</height>
                        <font>Font-Condensed-S34-B</font>
                        <align>right</align>
                        <label fallback="[COLOR=47FFFFFF]0.0[/COLOR]">$INFO[ListItem.Rating,,.0]</label>
                        <textcolor>eewhite</textcolor>
                        <selectedcolor>eewhite</selectedcolor>
                        <scroll>false</scroll>
                    </control>
                </control>
            </control>
        </control>
    </include>

    <include name="SongInfoInfoList">
        <control type="group">
            <animation type="Visible" condition="IsEmpty(Window(home).property(NoAnimation)) + !Window.Next(visualisation)" reversible="false">
                <effect type="slide" start="200" end="0" tween="cubic" easing="out" time="645" delay="405" />
                <effect type="fade" start="0" end="100" tween="sine" easing="inout" time="300" delay="405" />
                <effect type="zoom" start="80" end="100" center="867,438" tween="cubic" easing="out" time="400" delay="405" />
            </animation>
            <include>GuideNoAnimation</include>
            <animation type="Hidden" reversible="false">
                <effect type="zoom" start="100" end="125" center="960,600" tween="sine" easing="out" time="350" />
                <effect type="fade" start="100" end="0" tween="cubic" easing="out" time="250" />
            </animation>
            <animation effect="fade" start="100" end="25" tween="sine" easing="inout" time="300" condition="Window.IsActive(filebrowser)">Conditional</animation>
            <visible>!Window.IsActive(musicinformation)</visible>
            <control type="group">
                <posx>592</posx>
                <posy>397</posy>
                <animation effect="fade" time="300" start="0" end="100" tween="sine" easing="out">WindowOpen</animation>
                <animation effect="fade" time="300" start="100" end="0" tween="sine" easing="in">WindowClose</animation>
                <control type="button">
                    <posx>20</posx>
                    <posy>1</posy>
                    <height>60</height>
                    <width>590</width>
                    <align>left</align>
                    <font>Font-Condensed-S29-B</font>
                    <label>$LOCALIZE[556]</label>
                    <label2>$INFO[ListItem.Title]</label2>
                    <textcolor>77white</textcolor>
                    <shadowcolor>22000000</shadowcolor>
                </control>
                <control type="button">
                    <posx>20</posx>
                    <posy>61</posy>
                    <height>60</height>
                    <width>590</width>
                    <align>left</align>
                    <font>Font-Condensed-S29-B</font>
                    <label>$LOCALIZE[180]</label>
                    <label2>$INFO[ListItem.Duration]</label2>
                    <textcolor>77white</textcolor>
                    <shadowcolor>22000000</shadowcolor>
                </control>
                <control type="button">
                    <posx>20</posx>
                    <posy>121</posy>
                    <height>60</height>
                    <width>590</width>
                    <align>left</align>
                    <font>Font-Condensed-S29-B</font>
                    <label>$LOCALIZE[562]</label>
                    <label2>$INFO[ListItem.Year]</label2>
                    <textcolor>77white</textcolor>
                    <shadowcolor>22000000</shadowcolor>
                </control>
                <control type="image">
                    <posx>0</posx>
                    <posy>180</posy>
                    <width>630</width>
                    <height>59</height>
                    <texture border="150,1,150,1">views/other/focus.png</texture>
                    <animation effect="slide" end="0,60" time="0" condition="Control.HasFocus(12)">Conditional</animation>
                    <animation effect="slide" end="0,120" time="0" condition="Control.HasFocus(13)">Conditional</animation>
                    <animation effect="slide" end="0,180" time="0" condition="Control.HasFocus(10)">Conditional</animation>
                    <animation effect="slide" end="0,240" time="0" condition="Control.HasFocus(11)">Conditional</animation>
                </control>
                <control type="label">
                    <description>Rating Label</description>
                    <posx>20</posx>
                    <posy>181</posy>
                    <height>60</height>
                    <width>250</width>
                    <font>Font-Condensed-S29-B</font>
                    <label>$LOCALIZE[563]</label>
                    <textcolor>eewhite</textcolor>
                    <shadowcolor>22000000</shadowcolor>
                    <scroll>false</scroll>
                    <animation effect="fade" start="100" end="50" time="0" condition="!ControlGroup(8000).HasFocus">Conditional</animation>
                </control>
                <control type="image">
                    <posx>410</posx>
                    <posy>198</posy>
                    <width>129</width>
                    <height>23</height>
                    <texture>$INFO[ListItem.StarRating,dialogs/music-info/fo-,]</texture>
                    <animation effect="fade" start="100" end="50" time="0" condition="!ControlGroup(8000).HasFocus">Conditional</animation>
                </control>
                <control type="grouplist" id="8000">
                    <description>button area</description>
                    <posx>544</posx>
                    <posy>180</posy>
                    <width>86</width>
                    <height>60</height>
                    <itemgap>0</itemgap>
                    <onleft>8000</onleft>
                    <onright>8000</onright>
                    <onup>11</onup>
                    <ondown>12</ondown>
                    <orientation>horizontal</orientation>
                    <control type="button" id="15">
                        <width>43</width>
                        <height>60</height>
                        <texturefocus>buttons/spinctrl/arrow-down-fo.png</texturefocus>
                        <texturenofocus>buttons/spinctrl/arrow-down-nf.png</texturenofocus>
                        <onclick>DecreaseRating</onclick>
                    </control>
                    <control type="button" id="16">
                        <width>43</width>
                        <height>60</height>
                        <texturefocus>buttons/spinctrl/arrow-up-fo.png</texturefocus>
                        <texturenofocus>buttons/spinctrl/arrow-up-nf.png</texturenofocus>
                        <onclick>IncreaseRating</onclick>
                    </control>
                </control>
                <control type="group">
                    <posx>20</posx>
                    <posy>241</posy>
                    <control type="button" id="12">
                        <description>Album Info button</description>
                        <width>590</width>
                        <height>60</height>
                        <align>left</align>
                        <font>Font-Condensed-S29-B</font>
                        <textcolor>77white</textcolor>
                        <focusedcolor>eewhite</focusedcolor>
                        <shadowcolor>22000000</shadowcolor>
                        <label>$LOCALIZE[10523]</label>
                        <onleft>DecreaseRating</onleft>
                        <onright>IncreaseRating</onright>
                        <onup>8000</onup>
                        <ondown>13</ondown>
                        <animation effect="fade" start="100" end="50" time="0" condition="!Control.IsEnabled(12)">Conditional</animation>
                    </control>
                    <control type="button" id="13">
                        <description>Get Thumb button</description>
                        <posy>60</posy>
                        <width>590</width>
                        <height>60</height>
                        <align>left</align>
                        <font>Font-Condensed-S29-B</font>
                        <textcolor>77white</textcolor>
                        <focusedcolor>eewhite</focusedcolor>
                        <label>$LOCALIZE[13405]</label>
                        <onleft>DecreaseRating</onleft>
                        <onright>IncreaseRating</onright>
                        <onup>12</onup>
                        <ondown>10</ondown>
                        <animation effect="fade" start="100" end="50" time="0" condition="!Control.IsEnabled(13)">Conditional</animation>
                    </control>
                    <control type="button" id="10">
                        <description>Select</description>
                        <posy>120</posy>
                        <width>590</width>
                        <height>60</height>
                        <align>left</align>
                        <font>Font-Condensed-S29-B</font>
                        <textcolor>77white</textcolor>
                        <focusedcolor>eewhite</focusedcolor>
                        <label>$LOCALIZE[42000]</label>
                        <onleft>DecreaseRating</onleft>
                        <onright>IncreaseRating</onright>
                        <onup>13</onup>
                        <ondown>11</ondown>
                        <animation effect="fade" start="100" end="50" time="0" condition="!Control.IsEnabled(10)">Conditional</animation>
                    </control>
                    <control type="button" id="11">
                        <description>Cancel</description>
                        <posy>180</posy>
                        <width>590</width>
                        <height>60</height>
                        <align>left</align>
                        <font>Font-Condensed-S29-B</font>
                        <textcolor>77white</textcolor>
                        <focusedcolor>eewhite</focusedcolor>
                        <label>$LOCALIZE[42001]</label>
                        <onleft>DecreaseRating</onleft>
                        <onright>IncreaseRating</onright>
                        <onup>10</onup>
                        <ondown>8000</ondown>
                        <animation effect="fade" start="100" end="50" time="0" condition="!Control.IsEnabled(11)">Conditional</animation>
                    </control>
                </control>
            </control>
        </control>
    </include>

    <include name="SongInfoCoverList">
        <control type="group">
            <animation type="Visible" condition="IsEmpty(Window(home).property(NoAnimation)) + !Window.Next(visualisation)" reversible="false">
                <effect type="fade" start="0" end="100" time="300" delay="400" tween="sine" easing="in" />
                <effect type="zoom" start="115" end="100" time="300" delay="400" center="auto" tween="sine" easing="out" />
            </animation>
            <include>GuideNoAnimation</include>
            <animation type="Hidden" reversible="false">
                <effect type="zoom" start="100" end="115" center="auto" tween="sine" delay="0" easing="out" time="300" />
                <effect type="fade" start="100" end="0" tween="cubic" easing="out" delay="0" time="300" />
            </animation>
            <visible>!Window.IsActive(musicinformation)</visible>
            <control type="group">
                <posx>430</posx>
                <posy>134</posy>
                <animation effect="slide" end="0,96" time="0" condition="Container.Position(1)">Conditional</animation>
                <animation effect="slide" end="0,192" time="0" condition="Container.Position(2)">Conditional</animation>
                <animation effect="slide" end="0,288" time="0" condition="Container.Position(3)">Conditional</animation>
                <animation effect="slide" end="0,384" time="0" condition="Container.Position(4)">Conditional</animation>
                <animation effect="slide" end="0,480" time="0" condition="Container.Position(5)">Conditional</animation>
                <animation effect="slide" start="0,0" end="0,-30" time="200" tween="sine" easing="inout">WindowOpen</animation>
                <animation effect="slide" start="0,-30" end="0,0" time="200" tween="sine" easing="inout">WindowClose</animation>
                <control type="group">
                    <posx>50</posx>
                    <posy>280</posy>
                    <animation type="WindowOpen" reversible="false">
                        <effect type="slide" start="0,-50" end="0,0" time="200" tween="sine" easing="out" />
                        <effect type="fade" start="0" end="100" time="200" tween="sine" easing="in" />
                    </animation>
                    <animation type="WindowClose" reversible="false">
                        <effect type="slide" start="0,0" end="0,-50" time="200" tween="sine" easing="out" />
                        <effect type="fade" start="100" end="0" time="200" easing="out" tween="sine" />
                    </animation>
                    <control type="button" id="10">
                        <description>Select</description>
                        <label>$LOCALIZE[42000]</label>
                        <include>DialogButtonDimensions</include>
                        <texturefocus>buttons/select-fo.png</texturefocus>
                        <texturenofocus>buttons/select-nf.png</texturenofocus>
                        <onleft>13</onleft>
                        <onright>11</onright>
                        <onup>IncreaseRating</onup>
                        <ondown>DecreaseRating</ondown>
                        <animation effect="fade" start="100" end="75" time="0" condition="!Control.IsEnabled(10)">Conditional</animation>
                    </control>
                    <control type="button" id="11">
                        <description>Cancel</description>
                        <posx>225</posx>
                        <label>$LOCALIZE[42001]</label>
                        <include>DialogButtonDimensions</include>
                        <texturefocus>buttons/cancel-fo.png</texturefocus>
                        <texturenofocus>buttons/cancel-nf.png</texturenofocus>
                        <onleft>10</onleft>
                        <onright>12</onright>
                        <onup>IncreaseRating</onup>
                        <ondown>DecreaseRating</ondown>
                        <animation effect="fade" start="100" end="75" time="0" condition="!Control.IsEnabled(11)">Conditional</animation>
                    </control>
                    <control type="button" id="12">
                        <description>Album Info button</description>
                        <posx>450</posx>
                        <label>$LOCALIZE[10523]</label>
                        <include>DialogButtonDimensions</include>
                        <texturefocus>buttons/albuminfo-fo.png</texturefocus>
                        <texturenofocus>buttons/albuminfo-nf.png</texturenofocus>
                        <onleft>11</onleft>
                        <onright>13</onright>
                        <onup>IncreaseRating</onup>
                        <ondown>DecreaseRating</ondown>
                        <animation effect="fade" start="100" end="75" time="0" condition="!Control.IsEnabled(12)">Conditional</animation>
                    </control>
                    <control type="button" id="13">
                        <description>Get Thumb button</description>
                        <posx>675</posx>
                        <label>$LOCALIZE[13405]</label>
                        <include>DialogButtonDimensions</include>
                        <texturefocus>buttons/get-fo.png</texturefocus>
                        <texturenofocus>buttons/get-nf.png</texturenofocus>
                        <onleft>12</onleft>
                        <onright>10</onright>
                        <onup>IncreaseRating</onup>
                        <ondown>DecreaseRating</ondown>
                        <animation effect="fade" start="100" end="75" time="0" condition="!Control.IsEnabled(13)">Conditional</animation>
                    </control>
                </control>
                <control type="image">
                    <posx>0</posx>
                    <posy>0</posy>
                    <width>1062</width>
                    <height>332</height>
                    <texture border="60">views/banner/other/panel.png</texture>
                </control>
                <control type="image">
                    <posx>33</posx>
                    <posy>35</posy>
                    <width>262</width>
                    <height>262</height>
                    <texture diffuse="views/banner/diffuse/square.png" background="true" fallback="views/banner/other/defaultalbumcover.png">$INFO[ListItem.Thumb]</texture>
                    <aspectratio scalediffuse="false">scale</aspectratio>
                </control>
                <control type="image">
                    <posx>134</posx>
                    <posy>35</posy>
                    <width>162</width>
                    <height>262</height>
                    <texture>views/banner/other/thumb-overlay.png</texture>
                </control>
                <control type="group">
                    <posy>55</posy>
                    <posx>317</posx>
                    <control type="image">
                        <posx>622</posx>
                        <posy>154</posy>
                        <width>88</width>
                        <height>88</height>
                        <texture>views/banner/other/playing.png</texture>
                        <visible>stringcompare(Player.FileNameAndPath,ListItem.FileNameAndPath)</visible>
                    </control>
                    <control type="image">
                        <posx>0</posx>
                        <posy>5</posy>
                        <width>48</width>
                        <height>31</height>
                        <texture>$INFO[ListItem.DiscNumber,flags/discnumber/,.png]</texture>
                    </control>
                    <control type="image">
                        <posx>55</posx>
                        <posy>5</posy>
                        <width>90</width>
                        <height>31</height>
                        <texture>$INFO[ListItem.FileExtension,flags/fileextension/,.png]</texture>
                        <animation effect="slide" end="-55" time="0" condition="IsEmpty(ListItem.DiscNumber)">Conditional</animation>
                    </control>
                    <control type="image">
                        <posx>506</posx>
                        <posy>-20</posy>
                        <width>204</width>
                        <height>56</height>
                        <texture fallback="views/banner/other/fo-rating0.png">$INFO[ListItem.StarRating,views/banner/other/fo-,]</texture>
                    </control>
                    <control type="label">
                        <posx>0</posx>
                        <posy>50</posy>
                        <width>690</width>
                        <label>$VAR[MusicInfoListSongLabel]</label>
                        <font>Font-Condensed-S34-B</font>
                        <textcolor>FF333333</textcolor>
                        <scroll>false</scroll>
                        <align>left</align>
                    </control>
                    <control type="label">
                        <posx>0</posx>
                        <posy>90</posy>
                        <width>690</width>
                        <label>$INFO[ListItem.Artist]</label>
                        <font>Font-Condensed-S28</font>
                        <textcolor>FF484848</textcolor>
                        <scroll>false</scroll>
                        <align>left</align>
                    </control>
                    <control type="label">
                        <posx>0</posx>
                        <posy>145</posy>
                        <width>690</width>
                        <label>$INFO[ListItem.Genre,[B]$LOCALIZE[515]: [/B]]</label>
                        <font>Font-Condensed-S28</font>
                        <textcolor>FF484848</textcolor>
                        <scroll>false</scroll>
                        <align>left</align>
                    </control>
                    <control type="label">
                        <posx>0</posx>
                        <posy>185</posy>
                        <width>690</width>
                        <label>$INFO[ListItem.Duration,[B]$LOCALIZE[180]: [/B]]</label>
                        <font>Font-Condensed-S28</font>
                        <textcolor>FF484848</textcolor>
                        <scroll>false</scroll>
                        <align>left</align>
                    </control>
                </control>
            </control>
        </control>
    </include>

    <include name="SongInfoMusicPlaylistEditor">
        <control type="group">
            <animation type="Visible" condition="IsEmpty(Window(home).property(NoAnimation)) + !Window.Next(visualisation)" reversible="false">
                <effect type="slide" start="200" end="0" tween="cubic" easing="out" time="650" delay="300" />
                <effect type="fade" start="0" end="100" tween="sine" easing="inout" time="300" delay="300" />
                <effect type="zoom" start="88" end="100" center="576,560" tween="cubic" easing="out" time="400" delay="300" />
            </animation>
            <include>GuideNoAnimation</include>
            <animation type="Hidden" reversible="false">
                <effect type="zoom" start="100" end="125" center="960,600" tween="sine" easing="out" time="350" />
                <effect type="fade" start="100" end="0" tween="cubic" easing="out" time="250" />
            </animation>
            <animation effect="fade" start="100" end="25" tween="sine" easing="inout" time="300" condition="Window.IsActive(filebrowser)">Conditional</animation>
            <visible>!Window.IsActive(musicinformation)</visible>
            <control type="group">
                <posx>200</posx>
                <posy>240</posy>
                <animation effect="fade" time="300" start="0" end="100" tween="sine" easing="out">WindowOpen</animation>
                <animation effect="fade" time="300" start="100" end="0" tween="sine" easing="in">WindowClose</animation>
                <control type="button">
                    <posx>20</posx>
                    <posy>0</posy>
                    <height>59</height>
                    <width>712</width>
                    <align>left</align>
                    <font>Font-Condensed-S30</font>
                    <label>$LOCALIZE[556]</label>
                    <label2>$INFO[ListItem.Title]</label2>
                    <textcolor>77white</textcolor>
                    <shadowcolor>22000000</shadowcolor>
                </control>
                <control type="button">
                    <posx>20</posx>
                    <posy>60</posy>
                    <height>59</height>
                    <width>712</width>
                    <align>left</align>
                    <font>Font-Condensed-S30</font>
                    <label>$LOCALIZE[557]</label>
                    <label2>$INFO[ListItem.Artist]</label2>
                    <textcolor>77white</textcolor>
                    <shadowcolor>22000000</shadowcolor>
                </control>
                <control type="button">
                    <posx>20</posx>
                    <posy>120</posy>
                    <height>59</height>
                    <width>712</width>
                    <align>left</align>
                    <font>Font-Condensed-S30</font>
                    <label>$LOCALIZE[558]</label>
                    <label2>$INFO[ListItem.Album]</label2>
                    <textcolor>77white</textcolor>
                    <shadowcolor>22000000</shadowcolor>
                </control>
                <control type="button">
                    <posx>20</posx>
                    <posy>180</posy>
                    <height>59</height>
                    <width>712</width>
                    <align>left</align>
                    <font>Font-Condensed-S30</font>
                    <label>$LOCALIZE[180]</label>
                    <label2>$INFO[ListItem.Duration]</label2>
                    <textcolor>77white</textcolor>
                    <shadowcolor>22000000</shadowcolor>
                </control>
                <control type="button">
                    <posx>20</posx>
                    <posy>240</posy>
                    <height>59</height>
                    <width>712</width>
                    <align>left</align>
                    <font>Font-Condensed-S30</font>
                    <label>$LOCALIZE[515]</label>
                    <label2>$INFO[ListItem.Genre]</label2>
                    <textcolor>77white</textcolor>
                    <shadowcolor>22000000</shadowcolor>
                </control>
                <control type="image">
                    <posx>0</posx>
                    <posy>300</posy>
                    <width>752</width>
                    <height>59</height>
                    <texture border="150,1,150,1">views/other/focus.png</texture>
                    <animation effect="slide" end="0,60" time="0" condition="Control.HasFocus(12)">Conditional</animation>
                    <animation effect="slide" end="0,120" time="0" condition="Control.HasFocus(13)">Conditional</animation>
                    <animation effect="slide" end="0,180" time="0" condition="Control.HasFocus(10)">Conditional</animation>
                    <animation effect="slide" end="0,240" time="0" condition="Control.HasFocus(11)">Conditional</animation>
                </control>
                <control type="label">
                    <description>Rating Label</description>
                    <posx>20</posx>
                    <posy>300</posy>
                    <height>60</height>
                    <width>250</width>
                    <font>Font-Condensed-S30</font>
                    <label>$LOCALIZE[563]</label>
                    <textcolor>eewhite</textcolor>
                    <shadowcolor>22000000</shadowcolor>
                    <scroll>false</scroll>
                    <animation effect="fade" start="100" end="50" time="0" condition="!ControlGroup(8000).HasFocus">Conditional</animation>
                </control>
                <control type="image">
                    <posx>532</posx>
                    <posy>317</posy>
                    <width>129</width>
                    <height>23</height>
                    <texture>$INFO[ListItem.StarRating,dialogs/music-info/fo-,]</texture>
                    <animation effect="fade" start="100" end="50" time="0" condition="!ControlGroup(8000).HasFocus">Conditional</animation>
                </control>
                <control type="grouplist" id="8000">
                    <description>button area</description>
                    <posx>666</posx>
                    <posy>300</posy>
                    <width>86</width>
                    <height>60</height>
                    <itemgap>0</itemgap>
                    <onleft>8000</onleft>
                    <onright>8000</onright>
                    <onup>11</onup>
                    <ondown>12</ondown>
                    <orientation>horizontal</orientation>
                    <control type="button" id="15">
                        <width>43</width>
                        <height>60</height>
                        <texturefocus>buttons/spinctrl/arrow-down-fo.png</texturefocus>
                        <texturenofocus>buttons/spinctrl/arrow-down-nf.png</texturenofocus>
                        <onclick>DecreaseRating</onclick>
                    </control>
                    <control type="button" id="16">
                        <width>43</width>
                        <height>60</height>
                        <texturefocus>buttons/spinctrl/arrow-up-fo.png</texturefocus>
                        <texturenofocus>buttons/spinctrl/arrow-up-nf.png</texturenofocus>
                        <onclick>IncreaseRating</onclick>
                    </control>
                </control>
                <control type="group">
                    <posx>20</posx>
                    <posy>360</posy>
                    <control type="button" id="12">
                        <description>Album Info button</description>
                        <width>712</width>
                        <height>59</height>
                        <align>left</align>
                        <font>Font-Condensed-S30</font>
                        <textcolor>77white</textcolor>
                        <focusedcolor>eewhite</focusedcolor>
                        <shadowcolor>22000000</shadowcolor>
                        <label>$LOCALIZE[10523]</label>
                        <onleft>DecreaseRating</onleft>
                        <onright>IncreaseRating</onright>
                        <onup>8000</onup>
                        <ondown>13</ondown>
                        <animation effect="fade" start="100" end="50" time="0" condition="!Control.IsEnabled(12)">Conditional</animation>
                    </control>
                    <control type="button" id="13">
                        <description>Get Thumb button</description>
                        <posy>60</posy>
                        <width>712</width>
                        <height>59</height>
                        <align>left</align>
                        <font>Font-Condensed-S30</font>
                        <textcolor>77white</textcolor>
                        <focusedcolor>eewhite</focusedcolor>
                        <label>$LOCALIZE[13405]</label>
                        <onleft>DecreaseRating</onleft>
                        <onright>IncreaseRating</onright>
                        <onup>12</onup>
                        <ondown>10</ondown>
                        <animation effect="fade" start="100" end="50" time="0" condition="!Control.IsEnabled(13)">Conditional</animation>
                    </control>
                    <control type="button" id="10">
                        <description>Select</description>
                        <posy>120</posy>
                        <width>712</width>
                        <height>59</height>
                        <align>left</align>
                        <font>Font-Condensed-S30</font>
                        <textcolor>77white</textcolor>
                        <focusedcolor>eewhite</focusedcolor>
                        <label>$LOCALIZE[42000]</label>
                        <onleft>DecreaseRating</onleft>
                        <onright>IncreaseRating</onright>
                        <onup>13</onup>
                        <ondown>11</ondown>
                        <animation effect="fade" start="100" end="50" time="0" condition="!Control.IsEnabled(10)">Conditional</animation>
                    </control>
                    <control type="button" id="11">
                        <description>Cancel</description>
                        <posy>180</posy>
                        <width>712</width>
                        <height>59</height>
                        <align>left</align>
                        <font>Font-Condensed-S30</font>
                        <textcolor>77white</textcolor>
                        <focusedcolor>eewhite</focusedcolor>
                        <label>$LOCALIZE[42001]</label>
                        <onleft>DecreaseRating</onleft>
                        <onright>IncreaseRating</onright>
                        <onup>10</onup>
                        <ondown>8000</ondown>
                        <animation effect="fade" start="100" end="50" time="0" condition="!Control.IsEnabled(11)">Conditional</animation>
                    </control>
                </control>
            </control>
        </control>
        <control type="group">
            <animation type="WindowOpen">
                <effect type="slide" start="200" end="0" tween="cubic" easing="out" time="545" delay="105" />
                <effect type="fade" start="0" end="100" tween="sine" easing="inout" time="300" delay="105" />
                <effect type="zoom" start="76" end="100" center="1344,560" tween="cubic" easing="out" time="400" delay="105" />
            </animation>
            <animation type="Visible" condition="IsEmpty(Window(home).property(NoAnimation)) + !Window.Next(visualisation)" reversible="false">
                <effect type="slide" start="200" end="0" tween="cubic" easing="out" time="545" delay="405" />
                <effect type="fade" start="0" end="100" tween="sine" easing="inout" time="300" delay="405" />
                <effect type="zoom" start="76" end="100" center="1344,560" tween="cubic" easing="out" time="400" delay="405" />
            </animation>
            <animation type="WindowClose">
                <effect type="slide" start="0" end="200" tween="cubic" easing="out" time="545" />
                <effect type="fade" start="100" end="0" tween="sine" easing="inout" time="300" />
                <effect type="zoom" start="100" end="76" center="1344,560" tween="cubic" easing="out" time="400" />
            </animation>
            <include>GuideNoAnimation</include>
            <animation type="Hidden" reversible="false">
                <effect type="zoom" start="100" end="125" center="960,600" tween="sine" easing="out" time="350" />
                <effect type="fade" start="100" end="0" tween="cubic" easing="out" time="250" />
            </animation>
            <visible>!Window.IsActive(musicinformation)</visible>
            <control type="group">
                <posx>968</posx>
                <posy>240</posy>
                <control type="image">
                    <posx>0</posx>
                    <posy>0</posy>
                    <width>600</width>
                    <height>600</height>
                    <texture background="true">$INFO[ListItem.Thumb]</texture>
                    <aspectratio scalediffuse="false">scale</aspectratio>
                </control>
            </control>
        </control>
    </include>

</includes>