<?xml version="1.0" encoding="UTF-8"?>
<window>
    <defaultcontrol>3</defaultcontrol>
    <allowoverlay>no</allowoverlay>
    <controls>
        <control type="group">
            <animation type="WindowOpen" condition="Player.Seeking | Player.DisplayAfterSeek | Player.Paused | Player.Forwarding | Player.Rewinding">
                <effect type="fade" start="0" end="100" time="175" tween="sine" easing="inout" delay="100" />
                <effect type="slide" start="0,70" end="0,0" time="275" tween="cubic" easing="inout" />
            </animation>
            <animation type="WindowOpen" condition="![Player.Seeking | Player.DisplayAfterSeek | Player.Paused | Player.Forwarding | Player.Rewinding]">
                <effect type="fade" start="0" end="100" time="200" tween="sine" easing="inout" />
                <effect type="slide" start="0,85" end="0,0" time="275" tween="cubic" easing="out" />
            </animation>
            <animation type="WindowClose" condition="Player.Seeking | Player.DisplayAfterSeek | Player.Paused | Player.Forwarding | Player.Rewinding">
                <effect type="fade" start="100" end="0" time="200" tween="sine" easing="out" />
                <effect type="slide" start="0,0" end="0,70" time="300" tween="cubic" easing="inout" />
            </animation>
            <animation type="WindowClose" condition="![Player.Seeking | Player.DisplayAfterSeek | Player.Paused | Player.Forwarding | Player.Rewinding]">
                <effect type="fade" start="100" end="0" time="200" tween="sine" easing="in" />
                <effect type="slide" start="0,0" end="0,85" time="300" tween="sine" easing="in" />
            </animation>
            <animation type="Visible">
                <effect type="fade" start="0" end="100" time="175" tween="sine" easing="inout" delay="100" />
                <effect type="slide" start="0,70" end="0,0" time="275" tween="cubic" easing="inout" />
            </animation>
            <animation type="Hidden">
                <effect type="fade" start="100" end="0" time="200" tween="sine" easing="out" />
                <effect type="slide" start="0,0" end="0,70" time="300" tween="cubic" easing="inout" />
            </animation>
            <animation effect="slide" start="0,0" end="0,-62" time="300" tween="cubic" easing="inout" condition="Player.Seeking | Player.DisplayAfterSeek | Player.Paused | Player.Forwarding | Player.Rewinding">Conditional</animation>
            <control type="group">
                <posx>-90</posx>
                <posy>989</posy>
                <control type="button" id="7">
                    <description>Playlist</description>
                    <posx>460</posx>
                    <height>100</height>
                    <width>100</width>
                    <texturefocus>osd/fullscreen/buttons/playlists-fo.png</texturefocus>
                    <texturenofocus>osd/fullscreen/buttons/playlists-nofo.png</texturenofocus>
                    <onclick>Close</onclick>
                    <onclick>ActivateWindow(musicplaylist)</onclick>
                    <onleft>14</onleft>
                    <onright>12</onright>
                    <onup>20</onup>
                    <ondown>noop</ondown>
                </control>
                <control type="togglebutton" id="12">
                    <description>Shuffle</description>
                    <posx>550</posx>
                    <height>100</height>
                    <width>100</width>
                    <texturefocus>osd/fullscreen/buttons/shuffle_off-fo.png</texturefocus>
                    <texturenofocus>osd/fullscreen/buttons/shuffle_off-nofo.png</texturenofocus>
                    <usealttexture>Playlist.IsRandom</usealttexture>
                    <alttexturefocus>osd/fullscreen/buttons/shuffle_on-fo.png</alttexturefocus>
                    <alttexturenofocus>osd/fullscreen/buttons/shuffle_on-nofo.png</alttexturenofocus>
                    <onclick>PlayerControl(random)</onclick>
                    <onup>20</onup>
                    <ondown>noop</ondown>
                    <onleft>7</onleft>
                    <onright>10</onright>
                </control>
                <control type="button" id="10">
                    <description>Repeat</description>
                    <posx>640</posx>
                    <height>100</height>
                    <width>100</width>
                    <texturefocus>-</texturefocus>
                    <texturenofocus>-</texturenofocus>
                    <onclick>PlayerControl(repeat)</onclick>
                    <onleft>12</onleft>
                    <onright>1</onright>
                    <onup>20</onup>
                    <ondown>noop</ondown>
                    <animation effect="fade" start="100" end="50" time="150" tween="sine" easing="inout" condition="!VideoPlayer.HasMenu">Conditional</animation>
                </control>
                <control type="button" id="1">
                    <description>Skip Back</description>
                    <posx>730</posx>
                    <height>100</height>
                    <width>100</width>
                    <texturefocus>osd/fullscreen/buttons/previous-fo.png</texturefocus>
                    <texturenofocus>osd/fullscreen/buttons/previous-nofo.png</texturenofocus>
                    <onclick>playercontrol(previous)</onclick>
                    <onup>20</onup>
                    <ondown>noop</ondown>
                    <onleft>10</onleft>
                    <onright>2</onright>
                </control>
                <control type="togglebutton" id="2">
                    <description>Rewind</description>
                    <posx>820</posx>
                    <height>100</height>
                    <width>100</width>
                    <texturefocus>osd/fullscreen/buttons/rewind-fo.png</texturefocus>
                    <texturenofocus>osd/fullscreen/buttons/rewind-nofo.png</texturenofocus>
                    <usealttexture>Player.Rewinding</usealttexture>
                    <alttexturefocus>osd/fullscreen/buttons/rewind-on-fo.png</alttexturefocus>
                    <alttexturenofocus>osd/fullscreen/buttons/rewind-on-nofo.png</alttexturenofocus>
                    <onclick>playercontrol(rewind)</onclick>
                    <onup>20</onup>
                    <ondown>noop</ondown>
                    <onleft>1</onleft>
                    <onright>3</onright>
                </control>
                <control type="togglebutton" id="3">
                    <description>Play / Pause</description>
                    <posx>910</posx>
                    <height>100</height>
                    <width>100</width>
                    <texturefocus>osd/fullscreen/buttons/pause-fo.png</texturefocus>
                    <texturenofocus>osd/fullscreen/buttons/pause-nofo.png</texturenofocus>
                    <usealttexture>Player.Paused | Player.Forwarding | Player.Rewinding</usealttexture>
                    <alttexturefocus>osd/fullscreen/buttons/play-fo.png</alttexturefocus>
                    <alttexturenofocus>osd/fullscreen/buttons/play-nofo.png</alttexturenofocus>
                    <onclick>playercontrol(play)</onclick>
                    <onup>20</onup>
                    <ondown>noop</ondown>
                    <onleft>2</onleft>
                    <onright>4</onright>
                </control>
                <control type="button" id="4">
                    <description>Stop</description>
                    <posx>1000</posx>
                    <height>100</height>
                    <width>100</width>
                    <texturefocus>osd/fullscreen/buttons/stop-fo.png</texturefocus>
                    <texturenofocus>osd/fullscreen/buttons/stop-nofo.png</texturenofocus>
                    <onclick>playercontrol(stop)</onclick>
                    <onup>20</onup>
                    <ondown>noop</ondown>
                    <onleft>3</onleft>
                    <onright>5</onright>
                </control>
                <control type="togglebutton" id="5">
                    <description>Forward</description>
                    <posx>1090</posx>
                    <height>100</height>
                    <width>100</width>
                    <texturefocus>osd/fullscreen/buttons/fast-forward-fo.png</texturefocus>
                    <texturenofocus>osd/fullscreen/buttons/fast-forward-nofo.png</texturenofocus>
                    <usealttexture>Player.Forwarding</usealttexture>
                    <alttexturefocus>osd/fullscreen/buttons/fast-forward-on-fo.png</alttexturefocus>
                    <alttexturenofocus>osd/fullscreen/buttons/fast-forward-on-nofo.png</alttexturenofocus>
                    <onclick>playercontrol(forward)</onclick>
                    <onup>20</onup>
                    <ondown>noop</ondown>
                    <onleft>4</onleft>
                    <onright>6</onright>
                </control>
                <control type="button" id="6">
                    <description>Skip Forward</description>
                    <posx>1180</posx>
                    <height>100</height>
                    <width>100</width>
                    <texturefocus>osd/fullscreen/buttons/next-fo.png</texturefocus>
                    <texturenofocus>osd/fullscreen/buttons/next-nofo.png</texturenofocus>
                    <onclick>playercontrol(next)</onclick>
                    <onup>20</onup>
                    <ondown>noop</ondown>
                    <onleft>5</onleft>
                    <onright>8</onright>
                </control>
                <control type="togglebutton" id="8">
                    <description>Lyrics</description>
                    <posx>1270</posx>
                    <height>100</height>
                    <width>100</width>
                    <texturefocus>osd/fullscreen/buttons/lyrics-fo.png</texturefocus>
                    <texturenofocus>osd/fullscreen/buttons/lyrics-nofo.png</texturenofocus>
                    <alttexturefocus>osd/fullscreen/buttons/lyrics-fo.png</alttexturefocus>
                    <alttexturenofocus>osd/fullscreen/buttons/lyrics-nofo.png</alttexturenofocus>
                    <onclick>Close</onclick>
                    <onclick>XBMC.RunScript($INFO[Skin.String(LyricScript_Path)])</onclick>
                    <altclick>Skin.SetAddon(LyricScript_Path,xbmc.python.lyrics)</altclick>
                    <altclick>Close</altclick>
                    <altclick>XBMC.RunScript($INFO[Skin.String(LyricScript_Path)])</altclick>
                    <usealttexture>IsEmpty(Skin.String(LyricScript_Path))</usealttexture>
                    <onleft>6</onleft>
                    <onright>500</onright>
                    <onup>20</onup>
                    <ondown>noop</ondown>
                </control>
                <control type="button" id="500">
                    <description>Viz presets</description>
                    <posx>1360</posx>
                    <height>100</height>
                    <width>100</width>
                    <texturefocus>osd/fullscreen/buttons/choose-viz-fo.png</texturefocus>
                    <texturenofocus>osd/fullscreen/buttons/choose-viz-nofo.png</texturenofocus>
                    <onclick>Addon.Default.OpenSettings(xbmc.player.musicviz)</onclick>
                    <onup>20</onup>
                    <ondown>noop</ondown>
                    <onleft>8</onleft>
                    <onright>13</onright>
                    <enable>Skin.HasSetting(OSDVisualisation.Enabled)</enable>
                    <animation effect="fade" end="50" time="0" condition="!Control.IsEnabled(500)">Conditional</animation>
                </control>
                <control type="button" id="13">
                    <description>Choose viz</description>
                    <posx>1450</posx>
                    <height>100</height>
                    <width>100</width>
                    <texturefocus>osd/fullscreen/buttons/viz-presets-fo.png</texturefocus>
                    <texturenofocus>osd/fullscreen/buttons/viz-presets-nofo.png</texturenofocus>
                    <onclick>ActivateWindow(122)</onclick>
                    <onup>20</onup>
                    <ondown>noop</ondown>
                    <onleft>500</onleft>
                    <onright>14</onright>
                    <enable>Skin.HasSetting(OSDVisualisation.Enabled)</enable>
                    <animation effect="fade" end="50" time="0" condition="!Control.IsEnabled(13)">Conditional</animation>
                </control>
                <control type="button" id="14">
                    <description>Viz settings</description>
                    <posx>1540</posx>
                    <height>100</height>
                    <width>100</width>
                    <texturefocus>osd/fullscreen/buttons/viz-settings-fo.png</texturefocus>
                    <texturenofocus>osd/fullscreen/buttons/viz-settings-nofo.png</texturenofocus>
                    <onclick>Addon.Default.OpenSettings(xbmc.player.musicviz)</onclick>
                    <onup>20</onup>
                    <ondown>noop</ondown>
                    <onleft>13</onleft>
                    <onright>7</onright>
                    <enable>Skin.HasSetting(OSDVisualisation.Enabled)</enable>
                    <animation effect="fade" end="50" time="0" condition="!Control.IsEnabled(14)">Conditional</animation>
                </control>
            </control>
            <control type="group">
                <posx>550</posx>
                <posy>989</posy>
                <control type="image">
                    <width>100</width>
                    <height>100</height>
                    <texture>osd/fullscreen/buttons/repeat-nofo.png</texture>
                    <visible>!Playlist.IsRepeat + !Playlist.IsRepeatOne</visible>
                    <visible>!Control.HasFocus(10)</visible>
                </control>
                <control type="image">
                    <width>100</width>
                    <height>100</height>
                    <texture>osd/fullscreen/buttons/repeat-fo.png</texture>
                    <visible>!Playlist.IsRepeat + !Playlist.IsRepeatOne</visible>
                    <visible>Control.HasFocus(10)</visible>
                </control>
                <control type="image">
                    <width>100</width>
                    <height>100</height>
                    <texture>osd/fullscreen/buttons/repeat_one-nofo.png</texture>
                    <visible>Playlist.IsRepeatOne</visible>
                    <visible>!Control.HasFocus(10)</visible>
                </control>
                <control type="image">
                    <width>100</width>
                    <height>100</height>
                    <texture>osd/fullscreen/buttons/repeat_one-fo.png</texture>
                    <visible>Playlist.IsRepeatOne</visible>
                    <visible>Control.HasFocus(10)</visible>
                </control>
                <control type="image">
                    <width>100</width>
                    <height>100</height>
                    <texture>osd/fullscreen/buttons/repeat_all-nofo.png</texture>
                    <visible>Playlist.IsRepeat</visible>
                    <visible>!Control.HasFocus(10)</visible>
                </control>
                <control type="image">
                    <width>100</width>
                    <height>100</height>
                    <texture>osd/fullscreen/buttons/repeat_all-fo.png</texture>
                    <visible>Playlist.IsRepeat</visible>
                    <visible>Control.HasFocus(10)</visible>
                </control>
            </control>
        </control>
    </controls>
</window>