<?xml version="1.0" encoding="UTF-8"?>
<window>
    <defaultcontrol always="true">101</defaultcontrol>
    <allowoverlay>no</allowoverlay>
    <backgroundcolor>0</backgroundcolor>
    <controls>

        <include>CommonWeatherItems</include>
        <include>WeatherHeader</include>

        <control type="group">
            <include condition="!StringCompare(Weather.Plugin,weather.wunderground) | ![Skin.HasSetting(ShowWeatherFanart) + !IsEmpty(Skin.String(WeatherFanartDir))]">WeatherDefault</include>
            <include condition="StringCompare(Weather.Plugin,weather.wunderground) + Skin.HasSetting(ShowWeatherFanart) + !IsEmpty(Skin.String(WeatherFanartDir))">WeatherWunderground</include>
        </control>

        <include>Common-Info</include>

        <control type="button" id="101">
            <description>open options</description>
            <onup>9111</onup>
            <ondown>9111</ondown>
            <visible>!StringCompare(Weather.Plugin,weather.wunderground) | ![Skin.HasSetting(ShowWeatherFanart) + !IsEmpty(Skin.String(WeatherFanartDir))]</visible>
        </control>

        <control type="group" id="9000">
            <posx>267</posx>
            <posy>517</posy>
            <include>OptionsAnimations</include>
            <animation effect="slide" start="0" end="-204" time="0" condition="Skin.HasSetting(HideShutdownButton)">Conditional</animation>
            <control type="group">
                <include>OptionsPanelAnimations</include>
                <control type="image">
                    <description>shadow image</description>
                    <posx>5</posx>
                    <posy>505</posy>
                    <height>60</height>
                    <width>442</width>
                    <texture>dialogs/shutdown/shadow.png</texture>
                    <aspectratio>stretch</aspectratio>
                </control>
                <control type="image">
                    <description>background image</description>
                    <posx>0</posx>
                    <posy>0</posy>
                    <height>540</height>
                    <width>442</width>
                    <texture>dialogs/shutdown/shutdown.png</texture>
                    <aspectratio>stretch</aspectratio>
                </control>
            </control>

            <control type="group" id="9111">
                <posx>19</posx>
                <posy>47</posy>
                <width>404</width>
                <height>399</height>
                <include>GeneralOptionsAnimations</include>
                <control type="spincontrolex" id="3">
                    <description>change location</description>
                    <textoffsetx>0</textoffsetx>
                    <textwidth>120</textwidth>
                    <spinposx>16</spinposx>
                    <align>left</align>
                    <include>optionsbuttonsdimensions</include>
                    <textureup>buttons/spinctrl/arrow-light-up-nf.png</textureup>
                    <texturedown>buttons/spinctrl/arrow-light-down-nf.png</texturedown>
                    <textureupfocus>buttons/spinctrl/arrow-light-up-fo.png</textureupfocus>
                    <texturedownfocus>buttons/spinctrl/arrow-light-down-fo.png</texturedownfocus>
                    <texturefocus border="70,2,2,2">dialogs/options/buttons/location-fo.png</texturefocus>
                    <texturenofocus border="70,2,2,2">dialogs/options/buttons/location-nf.png</texturenofocus>
                    <onleft condition="!StringCompare(Weather.Plugin,weather.wunderground) | ![Skin.HasSetting(ShowWeatherFanart) + !IsEmpty(Skin.String(WeatherFanartDir))]">101</onleft>
                    <onleft condition="StringCompare(Weather.Plugin,weather.wunderground) + Skin.HasSetting(ShowWeatherFanart) + !IsEmpty(Skin.String(WeatherFanartDir))">40</onleft>
                    <onright condition="!StringCompare(Weather.Plugin,weather.wunderground) | ![Skin.HasSetting(ShowWeatherFanart) + !IsEmpty(Skin.String(WeatherFanartDir))]">101</onright>
                    <onright condition="StringCompare(Weather.Plugin,weather.wunderground) + Skin.HasSetting(ShowWeatherFanart) + !IsEmpty(Skin.String(WeatherFanartDir))">40</onright>
                    <onup>273</onup>
                    <ondown>2</ondown>
                    <onback condition="!StringCompare(Weather.Plugin,weather.wunderground) | ![Skin.HasSetting(ShowWeatherFanart) + !IsEmpty(Skin.String(WeatherFanartDir))]">101</onback>
                    <onback condition="StringCompare(Weather.Plugin,weather.wunderground) + Skin.HasSetting(ShowWeatherFanart) + !IsEmpty(Skin.String(WeatherFanartDir))">40</onback>
                    <animation effect="fade" start="100" end="50" time="0" condition="!Control.IsEnabled(3)">Conditional</animation>
                </control>
                <control type="label">
                    <description>change location label</description>
                    <posx>75</posx>
                    <posy>0</posy>
                    <height>57</height>
                    <width>150</width>
                    <font>Font-Condensed-S34</font>
                    <align>left</align>
                    <textcolor>FF484848</textcolor>
                    <label>$LOCALIZE[41689]</label>
                    <visible>!Control.HasFocus(3)</visible>
                    <animation effect="fade" start="100" end="50" time="0" condition="!Control.IsEnabled(3)">Conditional</animation>
                </control>
                <control type="label">
                    <description>change location label</description>
                    <posx>75</posx>
                    <posy>0</posy>
                    <height>57</height>
                    <width>150</width>
                    <font>Font-Condensed-S34</font>
                    <align>left</align>
                    <textcolor>DDFFFFFF</textcolor>
                    <label>$LOCALIZE[41689]</label>
                    <visible>Control.HasFocus(3)</visible>
                </control>
                <control type="button" id="2">
                    <description>Refresh</description>
                    <posy>57</posy>
                    <include>optionsbuttonsdimensions</include>
                    <texturefocus border="70,2,2,2">dialogs/options/buttons/refresh-fo.png</texturefocus>
                    <texturenofocus border="70,2,2,2">dialogs/options/buttons/refresh-nf.png</texturenofocus>
                    <onleft condition="!StringCompare(Weather.Plugin,weather.wunderground) | ![Skin.HasSetting(ShowWeatherFanart) + !IsEmpty(Skin.String(WeatherFanartDir))]">101</onleft>
                    <onleft condition="StringCompare(Weather.Plugin,weather.wunderground) + Skin.HasSetting(ShowWeatherFanart) + !IsEmpty(Skin.String(WeatherFanartDir))">40</onleft>
                    <onright condition="!StringCompare(Weather.Plugin,weather.wunderground) | ![Skin.HasSetting(ShowWeatherFanart) + !IsEmpty(Skin.String(WeatherFanartDir))]">101</onright>
                    <onright condition="StringCompare(Weather.Plugin,weather.wunderground) + Skin.HasSetting(ShowWeatherFanart) + !IsEmpty(Skin.String(WeatherFanartDir))">40</onright>
                    <onup>3</onup>
                    <ondown>4</ondown>
                    <onback condition="!StringCompare(Weather.Plugin,weather.wunderground) | ![Skin.HasSetting(ShowWeatherFanart) + !IsEmpty(Skin.String(WeatherFanartDir))]">101</onback>
                    <onback condition="StringCompare(Weather.Plugin,weather.wunderground) + Skin.HasSetting(ShowWeatherFanart) + !IsEmpty(Skin.String(WeatherFanartDir))">40</onback>
                    <animation effect="fade" start="100" end="50" time="0" condition="!Control.IsEnabled(2)">Conditional</animation>
                </control>
                <control type="button" id="4">
                    <description>Settings</description>
                    <posy>114</posy>
                    <include>optionsbuttonsdimensions</include>
                    <label>$LOCALIZE[5]</label>
                    <texturefocus border="70,2,2,2">dialogs/options/buttons/settings-fo.png</texturefocus>
                    <texturenofocus border="70,2,2,2">dialogs/options/buttons/settings-nf.png</texturenofocus>
                    <onclick>ActivateWindow(MyWeatherSettings)</onclick>
                    <onleft condition="!StringCompare(Weather.Plugin,weather.wunderground) | ![Skin.HasSetting(ShowWeatherFanart) + !IsEmpty(Skin.String(WeatherFanartDir))]">101</onleft>
                    <onleft condition="StringCompare(Weather.Plugin,weather.wunderground) + Skin.HasSetting(ShowWeatherFanart) + !IsEmpty(Skin.String(WeatherFanartDir))">40</onleft>
                    <onright condition="!StringCompare(Weather.Plugin,weather.wunderground) | ![Skin.HasSetting(ShowWeatherFanart) + !IsEmpty(Skin.String(WeatherFanartDir))]">101</onright>
                    <onright condition="StringCompare(Weather.Plugin,weather.wunderground) + Skin.HasSetting(ShowWeatherFanart) + !IsEmpty(Skin.String(WeatherFanartDir))">40</onright>
                    <onup>2</onup>
                    <ondown>271</ondown>
                    <onback condition="!StringCompare(Weather.Plugin,weather.wunderground) | ![Skin.HasSetting(ShowWeatherFanart) + !IsEmpty(Skin.String(WeatherFanartDir))]">101</onback>
                    <onback condition="StringCompare(Weather.Plugin,weather.wunderground) + Skin.HasSetting(ShowWeatherFanart) + !IsEmpty(Skin.String(WeatherFanartDir))">40</onback>
                    <animation effect="fade" start="100" end="50" time="0" condition="!Control.IsEnabled(4)">Conditional</animation>
                </control>
                <control type="radiobutton" id="271">
                    <description>Hide fanart</description>
                    <posy>171</posy>
                    <include>optionsbuttonsdimensions</include>
                    <label>$LOCALIZE[41690]</label>
                    <texturefocus border="2">dialogs/options/buttons/default-fo.png</texturefocus>
                    <onclick>Skin.ToggleSetting(ShowWeatherFanart)</onclick>
                    <onclick condition="Skin.HasSetting(ShowWeatherFanart)">Skin.SetBool(ShowDailyWeatherFanart)</onclick>
                    <onclick condition="!Skin.HasSetting(ShowWeatherFanart)">Skin.Reset(ShowDailyWeatherFanart)</onclick>
                    <onclick>ReloadSkin</onclick>
                    <selected>!Skin.HasSetting(ShowWeatherFanart)</selected>
                    <textureradioon>buttons/radio/options-radio-button-fo.png</textureradioon>
                    <textureradiooff>buttons/radio/options-radio-button-nf.png</textureradiooff>
                    <radioposx>-19</radioposx>
                    <onleft condition="!StringCompare(Weather.Plugin,weather.wunderground) | ![Skin.HasSetting(ShowWeatherFanart) + !IsEmpty(Skin.String(WeatherFanartDir))]">101</onleft>
                    <onleft condition="StringCompare(Weather.Plugin,weather.wunderground) + Skin.HasSetting(ShowWeatherFanart) + !IsEmpty(Skin.String(WeatherFanartDir))">40</onleft>
                    <onright condition="!StringCompare(Weather.Plugin,weather.wunderground) | ![Skin.HasSetting(ShowWeatherFanart) + !IsEmpty(Skin.String(WeatherFanartDir))]">101</onright>
                    <onright condition="StringCompare(Weather.Plugin,weather.wunderground) + Skin.HasSetting(ShowWeatherFanart) + !IsEmpty(Skin.String(WeatherFanartDir))">40</onright>
                    <onup>4</onup>
                    <ondown>272</ondown>
                    <onback condition="!StringCompare(Weather.Plugin,weather.wunderground) | ![Skin.HasSetting(ShowWeatherFanart) + !IsEmpty(Skin.String(WeatherFanartDir))]">101</onback>
                    <onback condition="StringCompare(Weather.Plugin,weather.wunderground) + Skin.HasSetting(ShowWeatherFanart) + !IsEmpty(Skin.String(WeatherFanartDir))">40</onback>
                    <animation effect="fade" start="100" end="50" time="0" condition="!Control.IsEnabled(271)">Conditional</animation>
                </control>
                <control type="radiobutton" id="272">
                    <description>Hide daily fanart</description>
                    <posy>228</posy>
                    <include>optionsbuttonsdimensions</include>
                    <label>$LOCALIZE[41692]</label>
                    <texturefocus border="2">dialogs/options/buttons/default-fo.png</texturefocus>
                    <onclick>Skin.ToggleSetting(ShowDailyWeatherFanart)</onclick>
                    <selected>!Skin.HasSetting(ShowDailyWeatherFanart)</selected>
                    <textureradioon>buttons/radio/options-radio-button-fo.png</textureradioon>
                    <textureradiooff>buttons/radio/options-radio-button-nf.png</textureradiooff>
                    <radioposx>-19</radioposx>
                    <onleft condition="!StringCompare(Weather.Plugin,weather.wunderground) | ![Skin.HasSetting(ShowWeatherFanart) + !IsEmpty(Skin.String(WeatherFanartDir))]">101</onleft>
                    <onleft condition="StringCompare(Weather.Plugin,weather.wunderground) + Skin.HasSetting(ShowWeatherFanart) + !IsEmpty(Skin.String(WeatherFanartDir))">40</onleft>
                    <onright condition="!StringCompare(Weather.Plugin,weather.wunderground) | ![Skin.HasSetting(ShowWeatherFanart) + !IsEmpty(Skin.String(WeatherFanartDir))]">101</onright>
                    <onright condition="StringCompare(Weather.Plugin,weather.wunderground) + Skin.HasSetting(ShowWeatherFanart) + !IsEmpty(Skin.String(WeatherFanartDir))">40</onright>
                    <onup>271</onup>
                    <ondown>273</ondown>
                    <onback condition="!StringCompare(Weather.Plugin,weather.wunderground) | ![Skin.HasSetting(ShowWeatherFanart) + !IsEmpty(Skin.String(WeatherFanartDir))]">101</onback>
                    <onback condition="StringCompare(Weather.Plugin,weather.wunderground) + Skin.HasSetting(ShowWeatherFanart) + !IsEmpty(Skin.String(WeatherFanartDir))">40</onback>
                    <enable>Skin.HasSetting(ShowWeatherFanart)</enable>
                    <visible>!StringCompare(Weather.Plugin,weather.wunderground) | ![Skin.HasSetting(ShowWeatherFanart) + !IsEmpty(Skin.String(WeatherFanartDir))]</visible>
                    <animation effect="fade" start="100" end="50" time="0" condition="!Control.IsEnabled(272)">Conditional</animation>
                </control>
                <control type="button" id="273">
                    <description>Set fanart path</description>
                    <posy>285</posy>
                    <include>optionsbuttonsdimensions</include>
                    <label>$LOCALIZE[41691]</label>
                    <texturefocus border="70,2,2,2">dialogs/options/buttons/bullet-fo.png</texturefocus>
                    <texturenofocus border="70,2,2,2">dialogs/options/buttons/bullet-nf.png</texturenofocus>
                    <onclick>Skin.SetPath(WeatherFanartDir)</onclick>
                    <enable>Skin.HasSetting(ShowWeatherFanart)</enable>
                    <onleft condition="!StringCompare(Weather.Plugin,weather.wunderground) | ![Skin.HasSetting(ShowWeatherFanart) + !IsEmpty(Skin.String(WeatherFanartDir))]">101</onleft>
                    <onleft condition="StringCompare(Weather.Plugin,weather.wunderground) + Skin.HasSetting(ShowWeatherFanart) + !IsEmpty(Skin.String(WeatherFanartDir))">40</onleft>
                    <onright condition="!StringCompare(Weather.Plugin,weather.wunderground) | ![Skin.HasSetting(ShowWeatherFanart) + !IsEmpty(Skin.String(WeatherFanartDir))]">101</onright>
                    <onright condition="StringCompare(Weather.Plugin,weather.wunderground) + Skin.HasSetting(ShowWeatherFanart) + !IsEmpty(Skin.String(WeatherFanartDir))">40</onright>
                    <onup>272</onup>
                    <ondown>3</ondown>
                    <onback condition="!StringCompare(Weather.Plugin,weather.wunderground) | ![Skin.HasSetting(ShowWeatherFanart) + !IsEmpty(Skin.String(WeatherFanartDir))]">101</onback>
                    <onback condition="StringCompare(Weather.Plugin,weather.wunderground) + Skin.HasSetting(ShowWeatherFanart) + !IsEmpty(Skin.String(WeatherFanartDir))">40</onback>
                    <animation effect="slide" end="0,-57" time="0" condition="StringCompare(Weather.Plugin,weather.wunderground) + Skin.HasSetting(ShowWeatherFanart) + !IsEmpty(Skin.String(WeatherFanartDir))">Conditional</animation>
                    <animation effect="fade" start="100" end="50" time="0" condition="!Control.IsEnabled(273)">Conditional</animation>
                </control>
            </control>

            <control type="group">
                <include>GeneralOptionsAnimations</include>
                <control type="image">
                    <posx>9</posx>
                    <posy>433</posy>
                    <width>100</width>
                    <height>100</height>
                    <texture>buttons/options_nofo.png</texture>
                </control>
                <control type="label">
                    <posx>94</posx>
                    <posy>433</posy>
                    <width>300</width>
                    <height>100</height>
                    <label>$LOCALIZE[41600]</label>
                    <font>Font-Condensed-S34-B</font>
                    <textcolor>eewhite</textcolor>
                    <shadowcolor>22000000</shadowcolor>
                </control>
            </control>
        </control>
    </controls>
</window>