<?xml version="1.0" encoding="UTF-8"?>
<window type="dialog">
    <defaultcontrol always="true">9100</defaultcontrol>
    <zorder>3</zorder>
    <onload condition="Window.IsVisible(fullscreenvideo) | [Window.IsVisible(script-XBMC_Lyrics-main.xml) + Window.IsVisible(visualisation)] | Window.IsVisible(progressdialog) | Window.IsVisible(pvr)">Action(close)</onload>
    <onload>SetProperty(NoAnimation,1,Home)</onload>
    <onunload>ClearProperty(NoAnimation,Home)</onunload>
    <onunload>ClearProperty(GroupListMove)</onunload>
    <controls>
        <control type="group">
            <visible>!Window.IsVisible(fullscreenvideo) + ![Window.IsVisible(script-XBMC_Lyrics-main.xml) + Window.IsVisible(visualisation)] + !Window.IsVisible(progressdialog) + !Window.IsVisible(pvr)</visible>
            <control type="group">
                <visible>ControlGroup(9102).HasFocus | ControlGroup(9108).HasFocus | ControlGroup(9109).HasFocus | ControlGroup(9120).HasFocus</visible>
                <posx>625</posx>
                <posy>726</posy>
                <animation type="Visible" reversible="false">
                    <effect type="slide" end="0,55" time="175" tween="sine" easing="out" />
                    <effect type="fade" start="0" end="100" time="175" tween="sine" easing="in" />
                </animation>
                <animation type="Hidden" reversible="false">
                    <effect type="slide" start="0,55" end="0,0" time="175" tween="sine" easing="out" />
                    <effect type="fade" start="100" end="0" time="175" easing="out" tween="sine" />
                </animation>
                <control type="group" id="9108">
                    <visible>!ControlGroup(9109).HasFocus()</visible>
                    <control type="button" id="91081">
                        <description>Down</description>
                        <posx>376</posx>
                        <label>-</label>
                        <texturefocus>buttons/down-fo.png</texturefocus>
                        <texturenofocus>buttons/down-nf.png</texturenofocus>
                        <include>DialogButtonDimensionsRightAlign</include>
                        <onleft>SetFocus(91082)</onleft>
                        <onright>SetFocus(91082)</onright>
                        <onup>Control.Move(91022,-1)</onup>
                        <onup>SetFocus(9102)</onup>
                        <ondown>SetFocus(9102)</ondown>
                        <onclick>SetProperty(GroupListMove,91081)</onclick>
                        <onclick>SetFocus(9120)</onclick>
                    </control>
                    <control type="button" id="91082">
                        <posx>426</posx>
                        <description>Up</description>
                        <label>-</label>
                        <texturefocus>buttons/up-fo.png</texturefocus>
                        <texturenofocus>buttons/up-nf.png</texturenofocus>
                        <include>DialogButtonDimensionsRightAlign</include>
                        <onleft>SetFocus(91081)</onleft>
                        <onright>SetFocus(91081)</onright>
                        <onup>Control.Move(91022,-1)</onup>
                        <onup>SetFocus(9102)</onup>
                        <ondown>SetFocus(9102)</ondown>
                        <onclick>SetProperty(GroupListMove,91082)</onclick>
                        <onclick>SetFocus(9120)</onclick>
                    </control>
                </control>
                <control type="group" id="9109">
                    <visible allowhiddenfocus="true">ControlGroup(9109).HasFocus()</visible>
                    <control type="button" id="91091">
                        <description>Down</description>
                        <posx>376</posx>
                        <label>-</label>
                        <texturefocus>buttons/down-fo.png</texturefocus>
                        <texturenofocus>buttons/down-nf.png</texturenofocus>
                        <include>DialogButtonDimensionsRightAlign</include>
                        <onleft>SetFocus(91092)</onleft>
                        <onright>SetFocus(91092)</onright>
                        <onup>SetFocus(9102)</onup>
                        <ondown>Control.Move(91022,1)</ondown>
                        <ondown>SetFocus(9102)</ondown>
                        <onclick>SetProperty(GroupListMove,91091)</onclick>
                        <onclick>SetFocus(9120)</onclick>
                    </control>
                    <control type="button" id="91092">
                        <posx>426</posx>
                        <description>Up</description>
                        <label>-</label>
                        <texturefocus>buttons/up-fo.png</texturefocus>
                        <texturenofocus>buttons/up-nf.png</texturenofocus>
                        <include>DialogButtonDimensionsRightAlign</include>
                        <onleft>SetFocus(91091)</onleft>
                        <onright>SetFocus(91091)</onright>
                        <onup>SetFocus(9102)</onup>
                        <ondown>Control.Move(91022,1)</ondown>
                        <ondown>SetFocus(9102)</ondown>
                        <onclick>SetProperty(GroupListMove,91092)</onclick>
                        <onclick>SetFocus(9120)</onclick>
                    </control>
                </control>
                <control type="grouplist" id="9120">
                    <posx>375</posx>
                    <posy>0</posy>
                    <width>350</width>
                    <height>100</height>
                    <itemgap>0</itemgap>
                    <onleft>noop</onleft>
                    <onright>noop</onright>
                    <onup>9120</onup>
                    <ondown>9120</ondown>
                    <scrolltime>0</scrolltime>
                    <control type="button" id="91201">
                        <label>$LOCALIZE[342]</label>
                        <include>DialogButtonDimensionsRightAlign</include>
                        <onfocus condition="stringcompare(Window.Property(GroupListMove),91081) | stringcompare(Window.Property(GroupListMove),91091)">Action(down)</onfocus>
                        <onfocus condition="stringcompare(Window.Property(GroupListMove),91082) | stringcompare(Window.Property(GroupListMove),91092)">Action(up)</onfocus>
                        <onfocus condition="stringcompare(Window.Property(GroupListMove),91081) | stringcompare(Window.Property(GroupListMove),91082)">SetFocus(9108)</onfocus>
                        <onfocus condition="stringcompare(Window.Property(GroupListMove),91091) | stringcompare(Window.Property(GroupListMove),91092)">SetFocus(9109)</onfocus>
                    </control>
                    <control type="button" id="91202">
                        <label>$LOCALIZE[20343]</label>
                        <include>DialogButtonDimensionsRightAlign</include>
                        <onfocus condition="stringcompare(Window.Property(GroupListMove),91081) | stringcompare(Window.Property(GroupListMove),91091)">Action(down)</onfocus>
                        <onfocus condition="stringcompare(Window.Property(GroupListMove),91082) | stringcompare(Window.Property(GroupListMove),91092)">Action(up)</onfocus>
                        <onfocus condition="stringcompare(Window.Property(GroupListMove),91081) | stringcompare(Window.Property(GroupListMove),91082)">SetFocus(9108)</onfocus>
                        <onfocus condition="stringcompare(Window.Property(GroupListMove),91091) | stringcompare(Window.Property(GroupListMove),91092)">SetFocus(9109)</onfocus>
                    </control>
                    <control type="button" id="91203">
                        <label>$LOCALIZE[132]</label>
                        <include>DialogButtonDimensionsRightAlign</include>
                        <onfocus condition="stringcompare(Window.Property(GroupListMove),91081) | stringcompare(Window.Property(GroupListMove),91091)">Action(down)</onfocus>
                        <onfocus condition="stringcompare(Window.Property(GroupListMove),91082) | stringcompare(Window.Property(GroupListMove),91092)">Action(up)</onfocus>
                        <onfocus condition="stringcompare(Window.Property(GroupListMove),91081) | stringcompare(Window.Property(GroupListMove),91082)">SetFocus(9108)</onfocus>
                        <onfocus condition="stringcompare(Window.Property(GroupListMove),91091) | stringcompare(Window.Property(GroupListMove),91092)">SetFocus(9109)</onfocus>
                    </control>
                    <control type="button" id="91204">
                        <label>$LOCALIZE[134]</label>
                        <include>DialogButtonDimensionsRightAlign</include>
                        <onfocus condition="stringcompare(Window.Property(GroupListMove),91081) | stringcompare(Window.Property(GroupListMove),91091)">Action(down)</onfocus>
                        <onfocus condition="stringcompare(Window.Property(GroupListMove),91082) | stringcompare(Window.Property(GroupListMove),91092)">Action(up)</onfocus>
                        <onfocus condition="stringcompare(Window.Property(GroupListMove),91081) | stringcompare(Window.Property(GroupListMove),91082)">SetFocus(9108)</onfocus>
                        <onfocus condition="stringcompare(Window.Property(GroupListMove),91091) | stringcompare(Window.Property(GroupListMove),91092)">SetFocus(9109)</onfocus>
                    </control>
                </control>
            </control>
            <control type="list" id="9110">
                <onup>9105</onup>
                <ondown>noop</ondown>
                <onleft>9110</onleft>
                <onright>9110</onright>
                <visible>Player.HasMedia + [Control.HasFocus(9105) | Control.HasFocus(9110)]</visible>
                <animation type="Visible" reversible="false">
                    <effect type="slide" end="0,55" time="175" tween="sine" easing="out" />
                    <effect type="fade" start="0" end="100" time="175" tween="sine" easing="in" />
                </animation>
                <animation type="Hidden" reversible="false">
                    <effect type="slide" start="0,55" end="0,0" time="175" tween="sine" easing="out" />
                    <effect type="fade" start="100" end="0" time="175" easing="out" tween="sine" />
                </animation>
                <include>NowPlayingControls</include>
            </control>
            <include>GuideInterface</include>
            <control type="list" id="9100">
                <visible allowhiddenfocus="true">Control.HasFocus(9100)</visible>
                <onup>9100</onup>
                <ondown>9100</ondown>
                <animation type="Hidden" reversible="false">
                    <effect type="fade" start="100" end="0" time="175" tween="sine" easing="out" />
                </animation>
                <animation type="Conditional" condition="Control.HasFocus(9105)" reversible="false">
                    <effect type="zoom" start="100" end="95" center="960,325" time="175" tween="sine" easing="in" />
                    <effect type="slide" start="0" end="-30" time="175" tween="sine" easing="in" />
                </animation>
                <animation type="Conditional" condition="ControlGroup(9102).HasFocus"  reversible="false">
                    <effect type="zoom" start="100" end="95" center="960,325" time="175" tween="sine" easing="in" />
                    <effect type="slide" start="0" end="30" time="175" tween="sine" easing="in" />
                </animation>
                <animation type="Conditional" condition="Control.HasFocus(9100) + IsEmpty(Window.Property(center))" reversible="false">
                    <effect type="fade" start="0" end="100" time="175" tween="sine" easing="in" />
                    <effect type="zoom" start="95" end="100" center="960,325" time="175" tween="sine" easing="out" />
                    <effect type="slide" start="30" end="0" time="175" tween="sine" easing="out" />
                </animation>
                <animation type="Conditional" condition="Control.HasFocus(9100) + !IsEmpty(Window.Property(center))" reversible="false">
                    <effect type="fade" start="0" end="100" time="175" tween="sine" easing="in" />
                    <effect type="zoom" start="95" end="100" center="960,325" time="175" tween="sine" easing="out" />
                    <effect type="slide" start="-30" end="0" time="175" tween="sine" easing="out" />
                </animation>
                <include>GuideList</include>
            </control>
            <!-- Hidden buttons used for the animations -->
            <!-- Onleft Buttons -->
            <control type="group" id="9102">
                <control type="button" id="91021">
                    <onup>9108</onup>
                    <ondown>9109</ondown>
                    <onleft>9103</onleft>
                    <onright>9100</onright>
                    <onfocus>ClearProperty(center)</onfocus>
                    <visible>!IntegerGreaterThan(Container(91022).NumItems,0)</visible>
                </control>
                <control type="list" id="91022">
                    <visible allowhiddenfocus="true">ControlGroup(9102).HasFocus | ControlGroup(9108).HasFocus | ControlGroup(9109).HasFocus | ControlGroup(9120).HasFocus</visible>
                    <animation type="Conditional" condition="[ControlGroup(9102).HasFocus | ControlGroup(9108).HasFocus | ControlGroup(9109).HasFocus | ControlGroup(9120).HasFocus] + !IsEmpty(Window.property(left))" reversible="false">
                        <effect type="fade" start="0" end="100" time="175" tween="sine" easing="in" />
                        <effect type="zoom" start="95" end="100" center="960,325" time="175" tween="sine" easing="out" />
                        <effect type="slide" start="30" end="0" time="175" tween="sine" easing="out" />
                    </animation>
                    <animation type="Conditional" condition="[ControlGroup(9102).HasFocus | ControlGroup(9108).HasFocus | ControlGroup(9109).HasFocus | ControlGroup(9120).HasFocus] + IsEmpty(Window.property(left))" reversible="false">
                        <effect type="fade" start="0" end="100" time="175" tween="sine" easing="in" />
                        <effect type="zoom" start="95" end="100" center="960,325" time="175" tween="sine" easing="out" />
                        <effect type="slide" start="-30" end="0" time="175" tween="sine" easing="out" />
                    </animation>
                    <animation type="Hidden" reversible="false">
                        <effect type="fade" start="100" end="0" time="175" tween="sine" easing="out" />
                    </animation>
                    <animation type="Conditional" condition="Control.HasFocus(9100)" reversible="false">
                        <effect type="zoom" start="100" end="95" center="960,325" time="175" tween="sine" easing="in" />
                        <effect type="slide" start="0" end="-30" time="175" tween="sine" easing="in" />
                    </animation>
                    <animation type="Conditional" condition="Control.HasFocus(9103)">
                        <effect type="zoom" start="100" end="95" center="960,325" time="175" tween="sine" easing="in" />
                        <effect type="slide" start="0" end="30" time="175" tween="sine" easing="in" />
                    </animation>
                    <include>GuideRecentlyAdded</include>
                </control>
            </control>
            <control type="button" id="9103">
                <onleft>9103</onleft>
                <onright>9102</onright>
                <onup>noop</onup>
                <ondown>noop</ondown>
                <onfocus>SetProperty(left,1)</onfocus>
            </control>
            <!-- Onright Buttons -->
            <control type="button" id="9105">
                <onleft>9100</onleft>
                <onright>9106</onright>
                <onup>9110</onup>
                <ondown>9110</ondown>
                <onfocus>SetProperty(center,1)</onfocus>
                <visible>!Player.HasAudio</visible>
            </control>
            <control type="list" id="9105">
                <visible allowhiddenfocus="true">[Control.HasFocus(9105) | Control.HasFocus(9110)] + Player.HasAudio</visible>
                <animation type="Conditional" condition="[Control.HasFocus(9105) | Control.HasFocus(9110)] + !IsEmpty(Window.property(right))" reversible="false">
                    <effect type="fade" start="0" end="100" time="175" tween="sine" easing="in" />
                    <effect type="zoom" start="95" end="100" center="960,325" time="175" tween="sine" easing="out" />
                    <effect type="slide" start="-30" end="0" time="175" tween="sine" easing="out" />
                </animation>
                <animation type="Conditional" condition="[Control.HasFocus(9105) | Control.HasFocus(9110)] + IsEmpty(Window.property(right))" reversible="false">
                    <effect type="fade" start="0" end="100" time="175" tween="sine" easing="in" />
                    <effect type="zoom" start="95" end="100" center="960,325" time="175" tween="sine" easing="out" />
                    <effect type="slide" start="30" end="0" time="175" tween="sine" easing="out" />
                </animation>
                <animation type="Hidden" reversible="false">
                    <effect type="fade" start="100" end="0" time="175" tween="sine" easing="out" />
                </animation>
                <animation type="Conditional" condition="Control.HasFocus(9106)" reversible="false">
                    <effect type="zoom" start="100" end="95" center="960,325" time="175" tween="sine" easing="in" />
                    <effect type="slide" start="0" end="-30" time="175" tween="sine" easing="in" />
                </animation>
                <animation type="Conditional" condition="Control.HasFocus(9100)">
                    <effect type="zoom" start="100" end="95" center="960,325" time="175" tween="sine" easing="in" />
                    <effect type="slide" start="0" end="30" time="175" tween="sine" easing="in" />
                </animation>
                <include>GuideUpNext</include>
            </control>
            <control type="list" id="9106">
                <visible allowhiddenfocus="true">Control.HasFocus(9106)</visible>
                <onleft>9105</onleft>
                <onright>9106</onright>
                <onup>9106</onup>
                <ondown>9106</ondown>
                <animation type="Visible" reversible="false">
                    <effect type="fade" start="0" end="100" time="175" tween="sine" easing="in" />
                    <effect type="zoom" start="95" end="100" center="960,325" time="175" tween="sine" easing="out" />
                    <effect type="slide" start="30" end="0" time="175" tween="sine" easing="out" />
                </animation>
                <animation type="Hidden" reversible="false">
                    <effect type="fade" start="100" end="0" time="175" tween="sine" easing="out" />
                    <effect type="zoom" start="100" end="95" center="960,325" time="175" tween="sine" easing="in" />
                    <effect type="slide" start="0" end="30" time="175" tween="sine" easing="in" />
                </animation>
                <include>GuideSettings</include>
            </control>
            <control type="group">
                <posx>637</posx>
                <posy>325</posy>
                <width>750</width>
                <height>500</height>
                <visible>Control.HasFocus(9100)</visible>
                <animation type="Conditional" condition="Control.HasFocus(9100) + IsEmpty(Window.Property(center))" reversible="false">
                        <effect type="fade" start="0" end="100" time="175" tween="sine" easing="in" />
                        <effect type="zoom" start="95" end="100" center="960,325" time="175" tween="sine" easing="out" />
                        <effect type="slide" start="30" end="0" time="175" tween="sine" easing="out" />
                    </animation>
                <animation type="Conditional" condition="Control.HasFocus(9100) + !IsEmpty(Window.Property(center))" reversible="false">
                        <effect type="fade" start="0" end="100" time="175" tween="sine" easing="in" />
                        <effect type="zoom" start="95" end="100" center="960,325" time="175" tween="sine" easing="out" />
                        <effect type="slide" start="-30" end="0" time="175" tween="sine" easing="out" />
                    </animation>
                <animation type="Hidden" reversible="false">
                    <effect type="fade" start="100" end="0" time="175" tween="sine" easing="out" />
                </animation>
                <animation type="Conditional" condition="Control.HasFocus(9105)" reversible="false">
                    <effect type="zoom" start="100" end="95" center="960,325" time="175" tween="sine" easing="in" />
                    <effect type="slide" start="0" end="-30" time="175" tween="sine" easing="in" />
                </animation>
                <animation type="Conditional" condition="ControlGroup(9102).HasFocus">
                    <effect type="zoom" start="100" end="95" center="960,325" time="175" tween="sine" easing="in" />
                    <effect type="slide" start="0" end="30" time="175" tween="sine" easing="in" />
                </animation>
                <control type="group">
                    <posx>668</posx>
                    <posy>10</posy>
                    <animation effect="fade" start="50" end="100" time="800" delay="100" reversible="false" condition="Container(9100).HasFocus(0) + Control.IsVisible(9100)">Conditional</animation>
                    <animation effect="fade" start="100" end="50" time="0" reversible="false" condition="!Container(9100).HasFocus(0) + Control.IsVisible(9100)">Conditional</animation>
                    <control type="label">
                        <width>100</width>
                        <height>60</height>
                        <label fallback=" 0">$INFO[Window(Home).Property(Movies.Count)]</label>
                        <textcolor>eewhite</textcolor>
                        <font>Font-Condensed-S41</font>
                        <align>right</align>
                    </control>
                    <control type="image">
                        <posx>7</posx>
                        <posy>5</posy>
                        <width>50</width>
                        <height>50</height>
                        <texture>osd/media-guide/settings/video.png</texture>
                        <colordiffuse>eewhite</colordiffuse>
                    </control>
                </control>

                <control type="group">
                    <posx>668</posx>
                    <posy>77</posy>
                    <animation effect="fade" start="50" end="100" time="800" delay="100" reversible="false" condition="Container(9100).HasFocus(1) + Control.IsVisible(9100)">Conditional</animation>
                    <animation effect="fade" start="100" end="50" time="0" reversible="false" condition="!Container(9100).HasFocus(1) + Control.IsVisible(9100)">Conditional</animation>
                    <control type="label">
                        <width>100</width>
                        <height>60</height>
                        <label fallback=" 0">$INFO[Window(Home).Property(TVShows.Count)]</label>
                        <textcolor>eewhite</textcolor>
                        <font>Font-Condensed-S41</font>
                        <align>right</align>
                    </control>
                    <control type="image">
                        <posx>7</posx>
                        <posy>5</posy>
                        <width>50</width>
                        <height>50</height>
                        <texture>osd/media-guide/settings/tvshows.png</texture>
                        <colordiffuse>eewhite</colordiffuse>
                    </control>
                </control>

                <control type="group">
                    <posx>668</posx>
                    <posy>144</posy>
                    <animation effect="fade" start="50" end="100" time="800" delay="100" reversible="false" condition="Container(9100).HasFocus(2) + Control.IsVisible(9100)">Conditional</animation>
                    <animation effect="fade" start="100" end="50" time="0" reversible="false" condition="!Container(9100).HasFocus(2) + Control.IsVisible(9100)">Conditional</animation>
                    <control type="label">
                        <width>100</width>
                        <height>60</height>
                        <label fallback=" 0">$INFO[Window(Home).Property(Music.SongsCount)]</label>
                        <textcolor>eewhite</textcolor>
                        <font>Font-Condensed-S41</font>
                        <align>right</align>
                    </control>
                    <control type="image">
                        <posx>7</posx>
                        <posy>5</posy>
                        <width>50</width>
                        <height>50</height>
                        <texture>osd/media-guide/settings/music.png</texture>
                        <colordiffuse>eewhite</colordiffuse>
                    </control>
                </control>
            </control>

            <!-- Quicknav Icon -->

            <control type="image">
                <posx>538</posx>
                <posy>274</posy>
                <width>100</width>
                <height>100</height>
                <texture>osd/media-guide/quicknavicon.png</texture>
                <aspectratio>stretch</aspectratio>
                <visible>Control.HasFocus(9100)</visible>
                <animation type="Visible" reversible="false">
                    <effect type="fade" start="15" end="100" delay="75" time="100" />
                </animation>
                <animation type="Hidden" reversible="false">
                    <effect type="fade" start="100" end="15" time="100" />
                </animation>
            </control>

            <!-- Now Playing Icon -->

            <control type="image">
                <posx>538</posx>
                <posy>274</posy>
                <width>100</width>
                <height>100</height>
                <texture>osd/media-guide/nowplayingicon.png</texture>
                <aspectratio>stretch</aspectratio>
                <visible>Control.HasFocus(9105) | Control.HasFocus(9110)</visible>
                <animation type="Visible" reversible="false">
                    <effect type="fade" start="15" end="100" delay="75" time="100" />
                </animation>
                <animation type="Hidden" reversible="false">
                    <effect type="fade" start="100" end="15" time="100" />
                </animation>
            </control>

            <!-- Settings Icon -->

            <control type="image">
                <posx>538</posx>
                <posy>274</posy>
                <width>100</width>
                <height>100</height>
                <texture>osd/media-guide/settingsicon.png</texture>
                <aspectratio>stretch</aspectratio>
                <visible>Control.HasFocus(9106)</visible>
                <animation type="Visible" reversible="false">
                    <effect type="fade" start="15" end="100" delay="75" time="100" />
                </animation>
                <animation type="Hidden" reversible="false">
                    <effect type="fade" start="100" end="15" time="100" />
                </animation>
            </control>

            <!-- Recently added Icon -->

            <control type="image">
                <posx>538</posx>
                <posy>274</posy>
                <width>100</width>
                <height>100</height>
                <texture>osd/media-guide/recentlyaddedicon.png</texture>
                <aspectratio>stretch</aspectratio>
                <visible>ControlGroup(9102).HasFocus | ControlGroup(9108).HasFocus | ControlGroup(9109).HasFocus | ControlGroup(9120).HasFocus</visible>
                <animation type="Visible" reversible="false">
                    <effect type="fade" start="15" end="100" delay="75" time="100" />
                </animation>
                <animation type="Hidden" reversible="false">
                    <effect type="fade" start="100" end="15" time="100" />
                </animation>
            </control>

            <!-- System info Icon -->

            <control type="image">
                <posx>538</posx>
                <posy>274</posy>
                <width>100</width>
                <height>100</height>
                <texture>osd/media-guide/systeminfoicon.png</texture>
                <aspectratio>stretch</aspectratio>
                <visible>Control.HasFocus(9103)</visible>
                <animation type="Visible" reversible="false">
                    <effect type="fade" start="15" end="100" delay="75" time="100" />
                </animation>
                <animation type="Hidden" reversible="false">
                    <effect type="fade" start="100" end="15" time="100" />
                </animation>
            </control>

            <!-- System Info -->

            <control type="group">
                <posx>0</posx>
                <posy>0</posy>
                <width>750</width>
                <height>500</height>
                <animation type="Visible" reversible="false">
                    <effect type="fade" start="0" end="100" time="175" tween="sine" easing="in" />
                    <effect type="zoom" start="95" end="100" center="960,325" time="175" tween="sine" easing="out" />
                    <effect type="slide" start="-30" end="0" time="175" tween="sine" easing="out" />
                </animation>
                <animation type="Hidden" reversible="false">
                    <effect type="zoom" start="100" end="95" center="960,325" time="175" tween="sine" easing="in" />
                    <effect type="slide" start="0" end="-30" time="175" tween="sine" easing="in" />
                    <effect type="fade" start="100" end="0" time="175" tween="sine" easing="out" />
                </animation>
                <visible>Control.HasFocus(9103)</visible>
                <include>GuideSystemInfo</include>
            </control>

            <!-- Now playing -->

            <control type="group">
                <posx>637</posx>
                <posy>325</posy>
                <width>750</width>
                <height>500</height>
                <animation type="Conditional" condition="[Control.HasFocus(9105) | Control.HasFocus(9110)] + !IsEmpty(Window.property(right))" reversible="false">
                    <effect type="fade" start="0" end="100" time="175" tween="sine" easing="in" />
                    <effect type="zoom" start="95" end="100" center="960,325" time="175" tween="sine" easing="out" />
                    <effect type="slide" start="-30" end="0" time="175" tween="sine" easing="out" />
                </animation>
                <animation type="Conditional" condition="[Control.HasFocus(9105) | Control.HasFocus(9110)] + IsEmpty(Window.property(right))" reversible="false">
                    <effect type="fade" start="0" end="100" time="175" tween="sine" easing="in" />
                    <effect type="zoom" start="95" end="100" center="960,325" time="175" tween="sine" easing="out" />
                    <effect type="slide" start="30" end="0" time="175" tween="sine" easing="out" />
                </animation>
                <animation type="Hidden" reversible="false">
                    <effect type="fade" start="100" end="0" time="175" tween="sine" easing="out" />
                </animation>
                <animation type="Conditional" condition="Control.HasFocus(9106)" reversible="false">
                    <effect type="zoom" start="100" end="95" center="960,325" time="175" tween="sine" easing="in" />
                    <effect type="slide" start="0" end="-30" time="175" tween="sine" easing="in" />
                </animation>
                <animation type="Conditional" condition="Control.HasFocus(9100)">
                    <effect type="zoom" start="100" end="95" center="960,325" time="175" tween="sine" easing="in" />
                    <effect type="slide" start="0" end="30" time="175" tween="sine" easing="in" />
                </animation>
                <visible>Control.HasFocus(9105) | Control.HasFocus(9110)</visible>
                <include>GuideNowPlaying</include>
            </control>
        </control>
    </controls>
</window>