<?xml version="1.0" encoding="UTF-8"?>
<window id="3003">
	<defaultcontrol always="true">51</defaultcontrol>
	<allowoverlay>no</allowoverlay>
	<onload>ClearProperty(script.metadata.actors.showactors,home)</onload>
	<onload condition="Skin.HasSetting(MovieInformation.PlayTrailer)">AlarmClock(PlayTrailer,PlayMedia($INFO[ListItem.Trailer],false,1),00:01,silent)</onload>
	<onload condition="[Window.IsActive(movieinformation) | !IsEmpty(Window(Home).Property(script.metadata.actors.hasparent))] + IsEmpty(Window(Home).Property(script.metadata.actors.push))">SetProperty(script.metadata.actors.showactors,1,home)</onload>
	<onload condition="[Window.IsActive(movieinformation) | !IsEmpty(Window(Home).Property(script.metadata.actors.hasparent))] + IsEmpty(Window(Home).Property(script.metadata.actors.push))">SetFocus(9301)</onload>
	<onunload>ClearProperty(fanart_image,home)</onunload>
	<controls>

	    <control type="button" id="51">
	        <onfocus>SetProperty(fanart_image,$INFO[ListItem.Property(Fanart_Image)],home)</onfocus>
	        <onfocus condition="System.HasAddon(script.videolanguage)">RunScript(script.videolanguage,movieid=$INFO[ListItem.Property(dbid)],type=movie)</onfocus>
	        <onfocus>SetFocus(9333)</onfocus>
	        <animation effect="fade" start="0" end="100" time="0" delay="300">Focus</animation>
	    </control>

		<control type="list" id="50">
			<description>container movie properties</description>
			<posx>0</posx>
			<posy>0</posy>
			<width>1</width>
			<height>1</height>
			<onleft>9000</onleft>
			<onright>9000</onright>
			<onup>9000</onup>
			<ondown>9000</ondown>
			<viewtype label="Movie">list</viewtype>
			<pagecontrol>-</pagecontrol>
			<itemlayout height="1" width="1" />
			<focusedlayout height="1" width="1" />
		</control>

		<!-- Movies, TVShows, Seasons, Episodes -->
        <control type="group">
            <posx>0</posx>
            <posy>0</posy>
            <width>1920</width>
            <height>1080</height>

            <animation type="WindowOpen" condition="!Window.IsActive(movieinformation) + IsEmpty(Window(Home).Property(script.metadata.actors.hasparent))">
                <effect type="fade" start="0" end="100" time="300" tween="sine" delay="300" easing="out" />
                <effect type="zoom" start="335,125,1440,810" end="0,0,1920,1080" time="400" delay="300" tween="cubic" easing="out" />
            </animation>
            <animation type="WindowClose" condition="!Window.IsActive(movieinformation) + IsEmpty(Window(Home).Property(script.metadata.actors.hasparent))">
                <effect type="fade" start="100" end="0" time="300" tween="sine" easing="out" />
                <effect type="zoom" start="0,0,1920,1080" end="335,125,1440,810" time="300" tween="cubic" easing="out" />
            </animation>
            <animation type="WindowOpen" condition="[Window.IsActive(movieinformation) | !IsEmpty(Window(Home).Property(script.metadata.actors.hasparent))] + !IsEmpty(Window(Home).Property(script.metadata.actors.push))">
                <effect type="slide" start="1920" end="0" time="500" delay="0" tween="sine" easing="inout" />
            </animation>
            <animation type="WindowOpen" condition="[Window.IsActive(movieinformation) | !IsEmpty(Window(Home).Property(script.metadata.actors.hasparent))] + IsEmpty(Window(Home).Property(script.metadata.actors.push))">
                <effect type="slide" start="-1920" end="0" time="500" delay="0" tween="sine" easing="inout" />
            </animation>
            <animation type="WindowClose" condition="[Window.IsActive(movieinformation) | !IsEmpty(Window(Home).Property(script.metadata.actors.hasparent))] + IsEmpty(Window(Home).Property(script.metadata.actors.push))">
                <effect type="zoom" start="100" end="75" center="640,540" time="250" tween="sine" easing="inout" />
                <effect type="slide" end="2320" time="500" delay="0" tween="sine" easing="inout" />
            </animation>
            <animation type="WindowClose" condition="[Window.IsActive(movieinformation) | !IsEmpty(Window(Home).Property(script.metadata.actors.hasparent))] + !IsEmpty(Window(Home).Property(script.metadata.actors.push))">
                <effect type="zoom" start="100" end="75" center="640,540" time="250" tween="sine" easing="inout" />
                <effect type="slide" start="0" end="-2320" time="500" delay="0" tween="sine" easing="inout" />
            </animation>

            <!-- Title Label -->
            <control type="label">
                <animation effect="fade" start="0" end="100" time="300" tween="sine" delay="300" easing="in" condition="!Window.IsActive(movieinformation) + IsEmpty(Window(Home).Property(script.metadata.actors.hasparent))">WindowOpen</animation>
                <posx>118</posx>
                <posy>51</posy>
                <width>1490</width>
                <height>100</height>
                <label>$INFO[ListItem.Title]</label>
                <font>Font-Condensed-S75</font>
                <textcolor>aawhite</textcolor>
                <align>left</align>
                <scroll>false</scroll>
                <visible>!Player.HasMedia + !Window.IsActive(infodialog) + !Window.IsActive(extendedprogressdialog)</visible>
                <include>visiblehidefadeinfo</include>
            </control>
            <control type="label">
                <animation effect="fade" start="0" end="100" time="300" tween="sine" delay="300" easing="in" condition="!Window.IsActive(movieinformation) + IsEmpty(Window(Home).Property(script.metadata.actors.hasparent))">WindowOpen</animation>
                <posx>118</posx>
                <posy>51</posy>
                <width>832</width>
                <height>100</height>
                <label>$INFO[ListItem.Title]</label>
                <font>Font-Condensed-S75</font>
                <textcolor>aawhite</textcolor>
                <align>left</align>
                <scroll>false</scroll>
                <visible>Player.HasMedia | Window.IsActive(infodialog) | Window.IsActive(extendedprogressdialog)</visible>
                <include>visiblehidefadeinfo</include>
            </control>

            <!-- Studio / Rating -->
            <control type="group">
                <animation type="Conditional" condition="Player.HasMedia | Window.IsActive(busydialog) | Window.IsActive(volumebar) | Window.IsActive(infodialog) | Window.IsActive(extendedprogressdialog)">
                    <effect type="fade" start="100" end="8" tween="sine" easing="out" time="300" />
                    <effect type="zoom" start="100" end="50" center="1765,101" tween="sine" easing="inout" time="300" />
                </animation>
                <visible>![IsEmpty(ListItem.Rating) + IsEmpty(ListItem.Studio)]</visible>
                <control type="image" id="9340">
                    <animation effect="fade" start="0" end="100" time="300" tween="sine" delay="300" easing="in" condition="!Window.IsActive(movieinformation) + IsEmpty(Window(Home).Property(script.metadata.actors.hasparent))">WindowOpen</animation>
                    <posx>1659</posx>
                    <posy>41</posy>
                    <width>161</width>
                    <aspectratio align="right" aligny="center">center</aspectratio>
                    <height>120</height>
                    <texture background="true" fallback=".">$INFO[ListItem.Studio,special://skin/extras/studioflags/,.png]</texture>
                    <colordiffuse>aawhite</colordiffuse>
                </control>
                <control type="label">
                    <animation effect="fade" start="0" end="100" time="300" tween="sine" delay="300" easing="in" condition="!Window.IsActive(movieinformation) + IsEmpty(Window(Home).Property(script.metadata.actors.hasparent))">WindowOpen</animation>
                    <posx>1820</posx>
                    <posy>51</posy>
                    <width>250</width>
                    <height>100</height>
                    <label>$INFO[ListItem.Rating,, ★]</label>
                    <font>Font-Condensed-S75</font>
                    <textcolor>aawhite</textcolor>
                    <align>right</align>
                    <scroll>false</scroll>
                    <visible>stringcompare(Control.GetLabel(9340),.)</visible>
                </control>
            </control>

            <control type="grouplist">
                <animation effect="fade" start="0" end="100" time="300" tween="sine" delay="300" easing="in" condition="!Window.IsActive(movieinformation) + IsEmpty(Window(Home).Property(script.metadata.actors.hasparent))">WindowOpen</animation>
                <animation type="Conditional" condition="Control.HasFocus(1110)">
                    <effect type="slide" start="0" end="510" time="400" delay="0" tween="sine" easing="inout" />
                </animation>
                <posx>65</posx>
                <posy>144</posy>
                <width>1000</width>
                <height>60</height>
                <orientation>horizontal</orientation>
                <itemgap>20</itemgap>
                <usecontrolcoords>true</usecontrolcoords>
                <!-- Left Arrow Label -->
                <control type="label">
                    <posx>0</posx>
                    <posy>0</posy>
                    <width>45</width>
                    <height>60</height>
                    <label>←</label>
                    <font>Font-Condensed-S45</font>
                    <textcolor>eewhite</textcolor>
                    <align>left</align>
                    <scroll>false</scroll>
                    <include>visiblehidefadeinfo</include>
                    <animation effect="fade" start="100" end="0" tween="sine" easing="inout" time="300" condition="Control.HasFocus(1110) | Control.HasFocus(150)">Conditional</animation>
                </control>
                <!-- Plot Label -->
                <control type="label">
                    <posx>-12</posx>
                    <posy>0</posy>
                    <width min="50" max="400">auto</width>
                    <height>60</height>
                    <label>$LOCALIZE[41319]</label>
                    <font>Font-Condensed-S45</font>
                    <textcolor>eewhite</textcolor>
                    <align>left</align>
                    <scroll>false</scroll>
                    <animation effect="fade" start="100" end="50" time="200" tween="sine" easing="inout" condition="Control.HasFocus(150) | Control.HasFocus(1110)">Conditional</animation>
                </control>
                <!-- Cast Label -->
                <control type="label">
                    <posx>0</posx>
                    <posy>0</posy>
                    <width min="50" max="400">auto</width>
                    <height>60</height>
                    <label>$LOCALIZE[41316]</label>
                    <font>Font-Condensed-S45</font>
                    <textcolor>eewhite</textcolor>
                    <align>left</align>
                    <scroll>false</scroll>
                    <animation effect="fade" start="100" end="50" time="200" tween="sine" easing="inout" condition="Control.HasFocus(9333) | Control.HasFocus(1101) | Control.HasFocus(1104) | Control.HasFocus(1105) | Control.HasFocus(1110) | Control.HasFocus(70) | Control.HasFocus(71) | Control.HasFocus(51)">Conditional</animation>
                    <visible>IntegerGreaterThan(Container(150).NumItems,0)</visible>
                </control>
                <!-- Right Arrow Label -->
                <control type="label">
                    <posx>-12</posx>
                    <posy>0</posy>
                    <width>45</width>
                    <height>60</height>
                    <label>→</label>
                    <font>Font-Condensed-S45</font>
                    <textcolor>eewhite</textcolor>
                    <align>left</align>
                    <scroll>false</scroll>
                    <include>visiblehidefadeinfo</include>
                    <animation effect="fade" start="100" end="0" tween="sine" easing="inout" time="300" condition="!Control.HasFocus(150)">Conditional</animation>
                </control>
            </control>

            <!-- Info Stuff -->
            <control type="group">
                <include>FullscreenDimensions</include>
                <visible allowhiddenfocus="true">Control.HasFocus(9333) | Control.HasFocus(1101) | Control.HasFocus(1104) | Control.HasFocus(1105) | Control.HasFocus(1110) | Control.HasFocus(70) | Control.HasFocus(71) | Control.HasFocus(51) | Control.HasFocus(8)</visible>
                <include>listEndAnimation</include>
                <animation type="Visible">
                    <effect type="slide" start="-1920" end="0" time="500" delay="0" tween="sine" easing="inout" />
                </animation>
                <animation type="Hidden">
                    <effect type="zoom" start="100" end="75" center="640,540" time="250" tween="sine" easing="inout" />
                    <effect type="slide" start="0" end="-2320" time="500" delay="0" tween="sine" easing="inout" />
                </animation>
                <animation type="Conditional" condition="Control.HasFocus(1110)">
                    <effect type="slide" start="0" end="494" time="400" delay="0" tween="sine" easing="inout" />
                </animation>

                <!-- Shadow -->
                <control type="image">
                    <description>Shadow</description>
                    <posx>57</posx>
                    <posy>900</posy>
                    <width>720</width>
                    <height>125</height>
                    <texture>windows/home/item-shadow.png</texture>
                </control>

                <!-- Panel -->
                <control type="image">
                    <posx>98</posx>
                    <posy>573</posy>
                    <width>638</width>
                    <height>335</height>
                    <texture border="3">views/list/panel/panel.png</texture>
                </control>

                <!-- Fanart / Thumb / Overlay -->
                <control type="group">
                    <posx>100</posx>
                    <posy>220</posy>
                    <control type="group">
                        <visible>!Player.HasVideo</visible>
                        <include>visiblehidefadeinfo</include>
                        <control type="image">
                            <posx>0</posx>
                            <posy>0</posy>
                            <width>634</width>
                            <height>355</height>
                            <aspectratio>scale</aspectratio>
                            <texture>views/fallbacks/DefaultVideo.png/landscape.png</texture>
                        </control>
                        <control type="image">
                            <posx>0</posx>
                            <posy>0</posy>
                            <width>634</width>
                            <height>355</height>
                            <aspectratio>scale</aspectratio>
                            <texture background="true">$INFO[ListItem.Property(Fanart_Image)]</texture>
                        </control>
                        <control type="image">
                            <posx>534</posx>
                            <posy>0</posy>
                            <width>100</width>
                            <height>100</height>
                            <texture>$VAR[ActorsVideoInfoOverlay]</texture>
                        </control>
                    </control>
                    <control type="group">
                        <visible>Player.HasVideo</visible>
                        <include>visiblehidefadeinfo</include>
                        <control type="image">
                            <description>black</description>
                            <posx>0</posx>
                            <posy>0</posy>
                            <width>634</width>
                            <height>355</height>
                            <texture border="1">windows/common/black.png</texture>
                        </control>
                        <control type="videowindow">
                            <description>video</description>
                            <posx>0</posx>
                            <posy>0</posy>
                            <width>634</width>
                            <height>356</height>
                            <aspectratio>stretch</aspectratio>
                            <include>visiblehidefadeinfo</include>
                            <visible>Window.IsActive(movieinformation)</visible>
                        </control>
                    </control>
                </control>

                <!-- OSD Back -->
                <control type="image">
                    <posx>324</posx>
                    <posy>500</posy>
                    <width>188</width>
                    <height>59</height>
                    <texture>dialogs/video-info/osd-back.png</texture>
                    <animation effect="fade" start="100" end="0" time="300" tween="sine" easing="inout" condition="![Control.HasFocus(1101) | Control.HasFocus(1104) | Control.HasFocus(1105)]">Conditional</animation>
                    <include>visiblehidefade</include>
                    <visible>Player.HasVideo</visible>
                </control>

                <control type="group" id="9336">
                    <posx>329</posx>
                    <posy>500</posy>
                    <width>177</width>
                    <height>59</height>
                    <animation effect="fade" start="100" end="0" time="300" tween="sine" easing="inout" condition="![Control.HasFocus(1101) | Control.HasFocus(1104) | Control.HasFocus(1105)]">Conditional</animation>
                    <control type="button" id="1101">
                        <posx>0</posx>
                        <posy>0</posy>
                        <width>59</width>
                        <height>59</height>
                        <onleft>1105</onleft>
                        <onright>1104</onright>
                        <onup>9333</onup>
                        <ondown>9333</ondown>
                        <onclick>PlayerControl(Stop)</onclick>
                        <onclick>SetFocus(9333)</onclick>
                        <texturefocus>dialogs/video-info/osd-stop.png</texturefocus>
                        <texturenofocus>dialogs/video-info/osd-stop-nf.png</texturenofocus>
                        <visible>Player.HasVideo</visible>
                        <enable>Player.HasVideo</enable>
                    </control>
                    <control type="togglebutton" id="1104">
                        <posx>59</posx>
                        <posy>0</posy>
                        <width>59</width>
                        <height>59</height>
                        <onleft>1101</onleft>
                        <onright>1105</onright>
                        <onup>9333</onup>
                        <ondown>9333</ondown>
                        <onclick>PlayerControl(Play)</onclick>
                        <texturefocus>dialogs/video-info/osd-play.png</texturefocus>
                        <texturenofocus>dialogs/video-info/osd-play-nf.png</texturenofocus>
                        <alttexturefocus>dialogs/video-info/osd-pause.png</alttexturefocus>
                        <alttexturenofocus>dialogs/video-info/osd-pause-nf.png</alttexturenofocus>
                        <usealttexture>!Player.IsPaused</usealttexture>
                        <visible>Player.HasVideo</visible>
                        <enable>Player.HasVideo</enable>
                    </control>
                    <control type="button" id="1105">
                        <posx>118</posx>
                        <posy>0</posy>
                        <width>59</width>
                        <height>59</height>
                        <onleft>1104</onleft>
                        <onright condition="IntegerGreaterThan(Container(150).NumItems,0)">SetFocus(150)</onright>
                        <onup>9333</onup>
                        <ondown>9333</ondown>
                        <onclick>Action(fullscreen)</onclick>
                        <texturefocus>dialogs/video-info/osd-fs.png</texturefocus>
                        <texturenofocus>dialogs/video-info/osd-fs-nf.png</texturenofocus>
                        <visible>Player.HasVideo</visible>
                        <enable>Player.HasVideo</enable>
                    </control>
                </control>

                <control type="list" id="9333">
                    <posx>100</posx>
                    <posy>576</posy>
                    <width>634</width>
                    <height>332</height>
                    <onleft>1110</onleft>
                    <onright condition="Control.IsVisible(70)">70</onright>
                    <onright condition="!Control.IsVisible(70)">71</onright>
                    <onup condition="!Player.HasVideo">9333</onup>
                    <onup condition="Player.HasVideo">9336</onup>
                    <ondown condition="!Player.HasVideo">9333</ondown>
                    <ondown condition="Player.HasVideo">9336</ondown>
                    <scrolltime>0</scrolltime>
                    <orientation>vertical</orientation>
                    <focusposition>0</focusposition>
                    <itemlayout height="83">
                        <control type="image">
                            <posx>0</posx>
                            <posy>0</posy>
                            <width>634</width>
                            <height>84</height>
                            <texture border="90,3,90,3">views/list/other/separator.png</texture>
                        </control>
                        <control type="label">
                            <posx>30</posx>
                            <posy>0</posy>
                            <width>574</width>
                            <height>82</height>
                            <font>Font-Condensed-S40</font>
                            <label>$INFO[ListItem.Label]</label>
                            <textcolor>eewhite</textcolor>
                            <shadowcolor>33000000</shadowcolor>
                            <animation effect="fade" start="100" end="50" time="0" condition="true">Conditional</animation>
                        </control>
                    </itemlayout>
                    <focusedlayout height="83">
                        <control type="image">
                            <posx>0</posx>
                            <posy>0</posy>
                            <width>634</width>
                            <height>84</height>
                            <texture border="90,3,90,3">views/list/other/separator.png</texture>
                        </control>
                        <control type="image">
                            <posx>0</posx>
                            <posy>0</posy>
                            <width>634</width>
                            <height>82</height>
                            <texture border="150,1,150,1">views/other/focus.png</texture>
                            <animation effect="slide" start="0,83" end="0,0" time="300" reversible="false" tween="back" easing="out" condition="Container(9333).OnPrevious">Focus</animation>
                            <animation effect="slide" start="0,-83" end="0,0" time="300" reversible="false" tween="back" easing="out" condition="Container(9333).OnNext">Focus</animation>
                            <include>visiblehidefadeinfo</include>
                            <visible>Control.HasFocus(9333)</visible>
                        </control>
                        <control type="label">
                            <posx>30</posx>
                            <posy>0</posy>
                            <width>574</width>
                            <height>82</height>
                            <font>Font-Condensed-S40</font>
                            <label>$INFO[ListItem.Label]</label>
                            <textcolor>eewhite</textcolor>
                            <shadowcolor>33000000</shadowcolor>
                            <animation effect="fade" start="50" end="100" time="300" tween="sine" easing="inout" reversible="false" condition="Container(9333).OnNext | Container(9333).OnPrevious">Focus</animation>
                            <animation effect="fade" start="100" end="50" time="300" tween="sine" easing="inout" condition="!Control.HasFocus(9333)">Conditional</animation>
                        </control>
                    </focusedlayout>
                    <content>
                        <item id="1">
                            <label>$LOCALIZE[41315]</label>
                            <onclick>SetFocus(8)</onclick>
                            <visible>Control.IsEnabled(8)</visible>
                        </item>
                        <item id="2">
                            <label>$LOCALIZE[20410]</label>
                            <onclick>SetProperty(script.metadata.actors.path,$INFO[ListItem.Trailer],home)</onclick>
                            <onclick condition="Window.IsActive(movieinformation)">Dialog.Close(movieinformation)</onclick>
                            <onclick>PreviousMenu</onclick>
                            <onclick>AlarmClock(ActorsPlay,PlayMedia($INFO[Window(Home).Property(script.metadata.actors.path)]),00:01,silent)</onclick>
                            <onclick>AlarmClock(ActorsClear,ClearProperty(script.metadata.actors.path,home),00:01,silent)</onclick>
                            <visible>!IsEmpty(ListItem.Trailer)</visible>
                        </item>
                        <item id="3">
                            <label>$LOCALIZE[41307]</label>
                            <onclick>SendClick(6)</onclick>
                        </item>
                    </content>
                </control>

                <!-- Language flags -->
                <control type="grouplist">
                    <animation effect="fade" start="100" end="50" time="300" tween="sine" easing="inout" condition="!Control.HasFocus(9333) | !Container(9333).HasFocus(1)">Conditional</animation>
                    <posx>415</posx>
                    <posy>593</posy>
                    <width>290</width>
                    <height>48</height>
                    <align>right</align>
                    <itemgap>10</itemgap>
                    <orientation>horizontal</orientation>
                    <control type="image">
                        <width>48</width>
                        <height>48</height>
                        <aspectratio>center</aspectratio>
                        <texture>$INFO[Window(movieinformation).Property(AudioLanguage.1),flags/language/,.png]</texture>
                        <include>visiblehidefadeflags</include>
                        <visible>!IsEmpty(Window(movieinformation).Property(AudioLanguage.1))</visible>
                    </control>
                    <control type="image">
                        <width>48</width>
                        <height>48</height>
                        <aspectratio>center</aspectratio>
                        <texture>$INFO[Window(movieinformation).Property(AudioLanguage.2),flags/language/,.png]</texture>
                        <include>visiblehidefadeflags</include>
                        <visible>!IsEmpty(Window(movieinformation).Property(AudioLanguage.2))</visible>
                    </control>
                    <control type="image">
                        <width>48</width>
                        <height>48</height>
                        <aspectratio>center</aspectratio>
                        <texture>$INFO[Window(movieinformation).Property(AudioLanguage.3),flags/language/,.png]</texture>
                        <include>visiblehidefadeflags</include>
                        <visible>!IsEmpty(Window(movieinformation).Property(AudioLanguage.3))</visible>
                    </control>
                    <control type="image">
                        <width>48</width>
                        <height>48</height>
                        <aspectratio>center</aspectratio>
                        <texture>$INFO[Window(movieinformation).Property(AudioLanguage.4),flags/language/,.png]</texture>
                        <include>visiblehidefadeflags</include>
                        <visible>!IsEmpty(Window(movieinformation).Property(AudioLanguage.4))</visible>
                    </control>
                    <control type="image">
                        <width>48</width>
                        <height>48</height>
                        <aspectratio>center</aspectratio>
                        <texture>$INFO[Window(movieinformation).Property(AudioLanguage.5),flags/language/,.png]</texture>
                        <include>visiblehidefadeflags</include>
                        <visible>!IsEmpty(Window(movieinformation).Property(AudioLanguage.5))</visible>
                    </control>
                </control>

                <!-- Info -->
                <control type="grouplist">
                    <animation effect="fade" start="0" end="100" time="300" tween="sine" delay="300" easing="in" condition="!Window.IsActive(movieinformation) + IsEmpty(Window(Home).Property(script.metadata.actors.hasparent))">WindowOpen</animation>
                    <animation effect="fade" start="0" end="100" time="300" tween="sine" delay="500" easing="in">Visible</animation>
                    <animation effect="fade" start="100" end="0" time="300" tween="sine" delay="500" easing="out">Hidden</animation>
                    <posx>760</posx>
                    <posy>245</posy>
                    <width>1050</width>
                    <height>700</height>
                    <orientation>vertical</orientation>
                    <usecontrolcoords>true</usecontrolcoords>
                    <control type="label">
                        <posx>10</posx>
                        <width>1044</width>
                        <height>70</height>
                        <font>Font-Condensed-S45</font>
                        <align>left</align>
                        <label>$VAR[VideoInfoTitleLabel]</label>
                        <textcolor>eewhite</textcolor>
                        <scroll>false</scroll>
                    </control>
                    <control type="group">
                        <width>1044</width>
                        <height>40</height>
                        <visible>!IsEmpty(ListItem.Year) | !IsEmpty(ListItem.Duration) | !IsEmpty(ListItem.RatingAndVotes)</visible>
                        <!-- Year | Runtime -->
                        <control type="label">
                            <posx>8</posx>
                            <posy>0</posy>
                            <width>1044</width>
                            <height>36</height>
                            <font>Font-Condensed-S34</font>
                            <align>left</align>
                            <label>$INFO[ListItem.Year,, • ]$INFO[ListItem.Duration,, $LOCALIZE[12391]]$INFO[ListItem.RatingAndVotes, • ,]</label>
                            <textcolor>aawhite</textcolor>
                            <scroll>false</scroll>
                        </control>
                    </control>
                    <control type="group">
                        <!-- Genre -->
                        <width>1044</width>
                        <height>40</height>
                        <visible>!IsEmpty(ListItem.Genre)</visible>
                        <control type="image">
                            <posx>0</posx>
                            <posy>-6</posy>
                            <width>49</width>
                            <height>49</height>
                            <texture>views/other/genre-icon.png</texture>
                        </control>
                        <control type="label">
                            <posx>50</posx>
                            <posy>0</posy>
                            <width>1002</width>
                            <height>36</height>
                            <font>Font-Condensed-S34</font>
                            <align>left</align>
                            <label>$INFO[ListItem.Genre]</label>
                            <textcolor>aawhite</textcolor>
                            <scroll>false</scroll>
                        </control>
                    </control>
                    <control type="group">
                        <!-- Director -->
                        <width>1044</width>
                        <height>40</height>
                        <visible>!IsEmpty(ListItem.Director)</visible>
                        <control type="image">
                            <posx>0</posx>
                            <posy>-6</posy>
                            <width>49</width>
                            <height>49</height>
                            <texture>views/other/director-icon.png</texture>
                        </control>
                        <control type="button" id="71">
                            <posx>50</posx>
                            <posy>0</posy>
                            <width>1002</width>
                            <height>36</height>
                            <font>Font-Condensed-S34</font>
                            <align>left</align>
                            <label>$INFO[ListItem.Director]</label>
                            <textcolor>eewhite</textcolor>
                            <focusedcolor>eewhite</focusedcolor>
                            <onup>70</onup>
                            <ondown>70</ondown>
                            <onleft>9333</onleft>
                            <onright condition="IntegerGreaterThan(Container(150).NumItems,0)">SetFocus(150)</onright>
                            <onright condition="!IntegerGreaterThan(Container(150).NumItems,0) + !Window.IsVisible(3009)">SetProperty(BounceRight,1,Home)</onright>
                            <animation effect="fade" start="100" end="71.5" time="300" tween="sine" easing="inout" condition="!Control.HasFocus(71)">Conditional</animation>
                        </control>
                    </control>
                    <control type="group">
                        <!-- Writer -->
                        <width>1044</width>
                        <height>59</height>
                        <visible>!IsEmpty(ListItem.Writer)</visible>
                        <control type="image">
                            <posx>0</posx>
                            <posy>-5</posy>
                            <width>49</width>
                            <height>49</height>
                            <texture>views/other/writer-icon.png</texture>
                        </control>
                        <control type="label">
                            <posx>50</posx>
                            <posy>0</posy>
                            <width>1002</width>
                            <height>36</height>
                            <font>Font-Condensed-S34</font>
                            <align>left</align>
                            <label>$INFO[ListItem.Writer]</label>
                            <textcolor>aawhite</textcolor>
                            <scroll>false</scroll>
                        </control>
                    </control>
                </control>

                <!-- Flags -->
                <control type="grouplist">
                    <posx>760</posx>
                    <posy>519</posy>
                    <width>783</width>
                    <height>60</height>
                    <align>left</align>
                    <itemgap>-9</itemgap>
                    <orientation>horizontal</orientation>
                    <animation effect="fade" start="0" end="100" time="300" tween="sine" delay="300" easing="in">WindowOpen</animation>
                    <animation effect="fade" start="0" end="100" time="300" tween="sine" delay="500" easing="in">Visible</animation>
                    <animation effect="fade" start="100" end="0" time="300" tween="sine" delay="500" easing="out">Hidden</animation>
                    <include>InfoFlags</include>
                </control>

                <!-- Plot -->
                <control type="group">
                    <animation effect="fade" start="0" end="100" time="300" tween="sine" delay="300" easing="in">WindowOpen</animation>
                    <animation effect="fade" start="0" end="100" time="300" tween="sine" delay="500" easing="in">Visible</animation>
                    <animation effect="fade" start="100" end="0" time="300" tween="sine" delay="500" easing="out">Hidden</animation>
                    <posx>770</posx>
                    <posy>590</posy>
                    <width>1045</width>
                    <height>60</height>
                    <control type="textbox">
                        <posx>0</posx>
                        <posy>0</posy>
                        <width>1045</width>
                        <height>270</height>
                        <label>$INFO[ListItem.Plot]</label>
                        <textcolor>bbwhite</textcolor>
                        <align>justify</align>
                        <font>Font-Condensed-S40</font>
                        <autoscroll time="2000" delay="10000" repeat="10000">!Control.HasFocus(70) + !Skin.HasSetting(AutoScroll.Disable)</autoscroll>
                        <pagecontrol>70</pagecontrol>
                    </control>
                    <!-- Scrollbar -->
                    <control type="image">
                        <description>Scrollbar background</description>
                        <posx>1065</posx>
                        <posy>15</posy>
                        <width>6</width>
                        <height>244</height>
                        <texture border="1">views/other/scrollbar-sq.png</texture>
                        <visible>Control.IsVisible(70)</visible>
                        <animation effect="fade" start="25" end="10" time="300" tween="sine" easing="inout" condition="!Control.HasFocus(70)">Conditional</animation>
                    </control>
                    <control type="scrollbar" id="70">
                        <description>Scrollbar</description>
                        <posx>1065</posx>
                        <posy>15</posy>
                        <width>6</width>
                        <height>244</height>
                        <onup>71</onup>
                        <ondown>71</ondown>
                        <onleft>9333</onleft>
                        <onright condition="IntegerGreaterThan(Container(150).NumItems,0)">SetFocus(150)</onright>
                        <onright condition="!IntegerGreaterThan(Container(150).NumItems,0) + !Window.IsVisible(3009)">SetProperty(BounceRight,1,Home)</onright>
                        <texturesliderbar border="1">views/other/scrollbar-sq.png</texturesliderbar>
                        <texturesliderbarfocus border="1">views/other/scrollbar-sq.png</texturesliderbarfocus>
                        <orientation>vertical</orientation>
                        <showonepage>false</showonepage>
                        <animation effect="fade" start="80" end="35" time="300" tween="sine" easing="inout" condition="!Control.HasFocus(70)">Conditional</animation>
                        <visible>!IsEmpty(ListItem.Plot)</visible>
                    </control>
                </control>
            </control>

            <!-- Cast Stuff -->
            <control type="group" id="9301">
                <include>FullscreenDimensions</include>
                <include>listEndAnimation</include>
                <visible allowhiddenfocus="true">ControlGroup(9301).HasFocus</visible>
                <animation type="Visible" condition="IsEmpty(Window(Home).Property(script.metadata.actors.showactors))">
                    <effect type="slide" start="1920" end="0" time="500" delay="0" tween="sine" easing="inout" />
                </animation>
                <animation type="Hidden">
                    <effect type="zoom" start="100" end="75" center="640,540" time="250" tween="sine" easing="inout" />
                    <effect type="slide" end="2320" time="500" delay="0" tween="sine" easing="inout" />
                </animation>

                <control type="button" id="152">
                    <visible allowhiddenfocus="true">false</visible>
                    <onfocus condition="!IsEmpty(Window(Home).Property(script.metadata.actors.showactors)) + !IntegerGreaterThan(Container(150).NumItems,0)">SetFocus(152)</onfocus>
                    <onfocus condition="!IsEmpty(Window(Home).Property(script.metadata.actors.showactors)) + IntegerGreaterThan(Container(150).NumItems,0)">ClearProperty(script.metadata.actors.showactors,Home)</onfocus>
                    <onfocus condition="!IsEmpty(Window(Home).Property(script.metadata.actors.showactors)) + IntegerGreaterThan(Container(150).NumItems,0)">SetFocus(150)</onfocus>
                </control>

                <control type="list" id="150">
                    <posx>118</posx>
                    <posy>234</posy>
                    <width>1180</width>
                    <height>660</height>
                    <onleft>SetFocus(9333)</onleft>
                    <onright>Action(select)</onright>
                    <!-- Prevent mulitple selections by changing focus -->
                    <onright>SetFocus(152)</onright>
                    <onup>150</onup>
                    <ondown>150</ondown>
                    <pagecontrol>151</pagecontrol>
                    <scrolltime tween="cubic" easing="out">500</scrolltime>
                    <orientation>vertical</orientation>
                    <focusposition>0</focusposition>
                    <viewtype label="actor list">list</viewtype>
                    <itemlayout height="60">
                        <control type="label">
                            <posx>0</posx>
                            <posy>0</posy>
                            <width>1190</width>
                            <height>60</height>
                            <label>$INFO[ListItem.Label]$INFO[ListItem.Label2, $LOCALIZE[20347] ,]</label>
                            <font>Font-Condensed-S40</font>
                            <textcolor>aawhite</textcolor>
                            <selectedcolor>white</selectedcolor>
                            <align>left</align>
                            <aligny>center</aligny>
                            <scroll>false</scroll>
                        </control>
                    </itemlayout>
                    <focusedlayout height="60">
                        <control type="label">
                            <posx>0</posx>
                            <posy>0</posy>
                            <width>1190</width>
                            <height>60</height>
                            <label>$INFO[ListItem.label]$INFO[ListItem.Label2, $LOCALIZE[20347] ,]</label>
                            <textcolor>eewhite</textcolor>
                            <font>Font-Condensed-S40</font>
                            <align>left</align>
                            <aligny>center</aligny>
                        </control>
                    </focusedlayout>
                </control>

                <control type="image">
                    <description>Scrollbar background</description>
                    <posx>1340</posx>
                    <posy>220</posy>
                    <width>6</width>
                    <height>687</height>
                    <texture border="1">views/other/scrollbar-sq.png</texture>
                    <visible>Control.IsVisible(151)</visible>
                    <animation effect="fade" start="25" end="10" time="300" tween="sine" easing="inout" condition="!Control.HasFocus(151)">Conditional</animation>
                </control>
                <control type="scrollbar" id="151">
                    <description>Scrollbar</description>
                    <posx>1340</posx>
                    <posy>220</posy>
                    <width>6</width>
                    <height>687</height>
                    <texturesliderbar border="1">views/other/scrollbar-sq.png</texturesliderbar>
                    <texturesliderbarfocus border="1">views/other/scrollbar-sq.png</texturesliderbarfocus>
                    <orientation>vertical</orientation>
                    <showonepage>false</showonepage>
                    <animation effect="fade" start="80" end="35" time="300" tween="sine" easing="inout" condition="!Control.HasFocus(151)">Conditional</animation>
                </control>

                <control type="image">
                    <description>Actor image</description>
                    <posx>1362</posx>
                    <posy>220</posy>
                    <width>458</width>
                    <height>687</height>
                    <texture background="true" fallback="views/fallbacks/DefaultActor.png/large.png">$INFO[Container(150).ListItem.Icon]</texture>
                    <fadetime>300</fadetime>
                    <aspectratio>scale</aspectratio>
                </control>
                <control type="image">
                    <description>Shadow</description>
                    <posx>1319</posx>
                    <posy>900</posy>
                    <width>544</width>
                    <height>125</height>
                    <texture>windows/home/item-shadow.png</texture>
                </control>

            </control>

            <control type="group">
                <visible>Control.HasFocus(1110)</visible>
                <animation type="Visible">
                    <effect type="fade" start="50" end="100" time="400"  tween="sine" easing="inout" />
                    <effect type="slide" start="-650" end="0" time="400" tween="sine" easing="inout" />
                </animation>
                <animation type="Hidden">
                    <effect type="slide" start="0" end="-650" time="400" tween="sine" easing="inout" />
                </animation>
                <!-- Left Arrow Label -->
                <control type="label">
                    <posx>65</posx>
                    <posy>144</posy>
                    <width>45</width>
                    <height>60</height>
                    <label>←</label>
                    <font>Font-Condensed-S45</font>
                    <textcolor>eewhite</textcolor>
                    <align>left</align>
                    <scroll>false</scroll>
                    <include>visiblehidefadeinfo</include>
                    <visible>!IsEmpty(Container(50).Property(ParentDir))</visible>
                </control>
                <control type="label">
                    <posx>118</posx>
                    <posy>144</posy>
                    <width>200</width>
                    <height>60</height>
                    <label>$LOCALIZE[21371]</label>
                    <font>Font-Condensed-S45</font>
                    <textcolor>eewhite</textcolor>
                    <align>left</align>
                    <scroll>false</scroll>
                </control>
                <control type="image">
                    <description>Cover</description>
                    <posx>100</posx>
                    <posy>220</posy>
                    <width>458</width>
                    <height>687</height>
                    <texture>views/fallbacks/DefaultVideo.png/large.png</texture>
                    <include>listEndAnimation</include>
                    <aspectratio>scale</aspectratio>
                </control>
                <control type="image">
                    <description>Cover</description>
                    <posx>100</posx>
                    <posy>220</posy>
                    <width>458</width>
                    <height>687</height>
                    <texture background="true">$INFO[ListItem.Icon]</texture>
                    <include>listEndAnimation</include>
                    <aspectratio>scale</aspectratio>
                </control>
                <control type="image">
                    <description>Shadow</description>
                    <posx>57</posx>
                    <posy>900</posy>
                    <width>544</width>
                    <height>125</height>
                    <texture>windows/home/item-shadow.png</texture>
                </control>
            </control>

        </control>

        <control type="button" id="8">
        	<description>Play</description>
        	<onfocus>Action(select)</onfocus>
        	<onfocus condition="IsEmpty(ListItem.FilenameAndPath)">SetFocus(9333)</onfocus>
        	<onclick condition="!IsEmpty(ListItem.FilenameAndPath)">SetProperty(script.metadata.actors.path,$ESCINFO[ListItem.FilenameAndPath],home)</onclick>
        	<onclick condition="!IsEmpty(ListItem.FilenameAndPath) + Window.IsActive(movieinformation)">Dialog.Close(movieinformation)</onclick>
        	<onclick condition="!IsEmpty(ListItem.FilenameAndPath)">PreviousMenu</onclick>
        	<onclick condition="!IsEmpty(ListItem.FilenameAndPath)">AlarmClock(ActorsPlay,PlayMedia($INFO[Window(Home).Property(script.metadata.actors.path)]),00:01,silent)</onclick>
        	<onclick condition="!IsEmpty(ListItem.FilenameAndPath)">AlarmClock(ActorsClear,ClearProperty(script.metadata.actors.path,home),00:01,silent)</onclick>
        	<enable>!IsEmpty(ListItem.FilenameAndPath)</enable>
        	<visible allowhiddenfocus="true">false</visible>
        </control>
        <control type="button" id="6">
        	<description>Refresh</description>
        	<visible>false</visible>
        </control>
        <control type="button" id="1110">
            <onleft condition="!IsEmpty(Container(50).Property(ParentDir))">ParentDir</onleft>
            <onleft condition="Window.IsActive(movieinformation) + IsEmpty(Container(50).Property(ParentDir))">PreviousMenu</onleft>
            <onleft condition="!Window.IsActive(movieinformation) + IsEmpty(Container(50).Property(ParentDir)) + !Window.IsVisible(3008)">SetProperty(BounceLeft,1,Home)</onleft>
            <onright>9333</onright>
        </control>

        <control type="button" id="5">
        	<visible>false</visible>
        </control>
        <control type="button" id="10">
        	<visible>false</visible>
        </control>

	</controls>
</window>
