<?xml version="1.0" encoding="UTF-8"?>
<window>
    <backgroundcolor>0</backgroundcolor>
    <controls>
        <control type="image" id="1234">
            <animation type="WindowOpen">
                <effect type="fade" start="0" end="100" delay="700" time="0" />
            </animation>
        </control>
        <include>CommonContent</include>
        <control type="image">
            <description>Background fanart</description>
            <include>FullscreenDimensions</include>
            <fadetime>500</fadetime>
            <animation effect="fade" time="300">Visible</animation>
            <animation effect="fade" time="300">Hidden</animation>
            <texture background="true">$VAR[TVGuideInfoFanart]</texture>
            <aspectratio>scale</aspectratio>
            <include>Animation_FanartFade</include>
        </control>
        <control type="image">
            <include>FullscreenDimensions</include>
            <texture background="true">special://skin/extras/fade/overlay.png</texture>
        </control>
        <control type="group">
            <posx>75</posx>
            <posy>26</posy>
            <include>BannerListInfoAnimation</include>
            <control type="image">
                <posx>17</posx>
                <posy>32</posy>
                <width>85</width>
                <height>85</height>
                <texture>DefaultTVGuide.png</texture>
            </control>
            <control type="label">
                <posx>110</posx>
                <posy>0</posy>
                <width>250</width>
                <height>120</height>
                <label>$LOCALIZE[42160]</label>
                <font>Font-Condensed-S36-B</font>
                <textcolor>C0FFFFFF</textcolor>
                <scroll>false</scroll>
                <align>left</align>
            </control>
            <control type="label">
                <posx>110</posx>
                <posy>33</posy>
                <width>250</width>
                <height>120</height>
                <label>$INFO[System.Date]</label>
                <font>Font-Condensed-S28</font>
                <textcolor>80FFFFFF</textcolor>
                <scroll>false</scroll>
                <align>left</align>
            </control>
        </control>
        <control type="group">
            <include>FullscreenDimensions</include>
            <include>OptionsShutdownAnimation</include>
            <animation type="WindowClose" reversible="false">
                <effect type="fade" start="100" end="0" time="300" tween="sine" easing="out" />
                <effect type="zoom" start="100" end="85" time="300" center="960,540" tween="sine" easing="out" />
            </animation>
            <control type="group">
                <posx>580</posx>
                <posy>380</posy>
                <animation effect="fade" start="0" end="100" time="0" reversible="false">Visible</animation>
                <visible>!Control.IsVisible(1234)</visible>
                <control type="group">
                    <animation type="WindowOpen">
                        <effect type="fade" start="0" end="100" delay="100" tween="sine" easing="in" time="300" />
                        <effect type="slide" start="1000" end="0" delay="100" tween="cubic" easing="out" time="600" />
                    </animation>
                    <control type="group">
                        <posx>984</posx>
                        <control type="group">
                            <posx>12</posx>
                            <animation effect="fade" end="50" time="0" condition="true">Conditional</animation>
                            <control type="image">
                                <posx>-10</posx>
                                <posy>465</posy>
                                <height>50</height>
                                <width>500</width>
                                <texture>dialogs/shutdown/shadow.png</texture>
                            </control>
                            <control type="image">
                                <posx>-5</posx>
                                <posy>265</posy>
                                <width>490</width>
                                <height>200</height>
                                <texture border="7">windows/home/tile-grey.png</texture>
                                <animation effect="fade" end="60" time="0" condition="true">Conditional</animation>
                            </control>
                            <control type="image">
                                <posx>0</posx>
                                <posy>270</posy>
                                <width>480</width>
                                <height>104</height>
                                <texture border="2">views/extended/overlay.png</texture>
                            </control>
                            <control type="label">
                                <posx>20</posx>
                                <posy>287</posy>
                                <width>440</width>
                                <label>$VAR[TVGuideNextTitle2]</label>
                                <font>Font-Condensed-S34-B</font>
                                <textcolor>ddwhite</textcolor>
                                <shadowcolor>22000000</shadowcolor>
                                <scroll>false</scroll>
                                <align>left</align>
                            </control>
                            <control type="label">
                                <posx>20</posx>
                                <posy>327</posy>
                                <width>440</width>
                                <label>$VAR[TVGuideShowName2]</label>
                                <font>Font-Condensed-S32</font>
                                <textcolor>aawhite</textcolor>
                                <shadowcolor>22000000</shadowcolor>
                                <scroll>false</scroll>
                                <align>left</align>
                            </control>
                            <control type="image">
                                <posx>14</posx>
                                <posy>391</posy>
                                <width>50</width>
                                <height>50</height>
                                <texture>windows/tvguide/clock.png</texture>
                            </control>
                            <control type="label">
                                <posx>77</posx>
                                <posy>401</posy>
                                <width>383</width>
                                <label>$VAR[TVGuideDateShort2]</label>
                                <font>Font-Condensed-S40</font>
                                <textcolor>eewhite</textcolor>
                                <shadowcolor>22000000</shadowcolor>
                                <scroll>false</scroll>
                                <align>left</align>
                            </control>
                        </control>
                        <control type="image">
                            <posx>12</posx>
                            <posy>0</posy>
                            <width>480</width>
                            <height>270</height>
                            <texture background="true" fallback="views/fallbacks/DefaultVideo.png/landscape.png">$VAR[TVGuideThumb2]</texture>
                            <aspectratio align="center" aligny="bottom" scalediffuse="false">keep</aspectratio>
                        </control>
                        <control type="image">
                            <posx>12</posx>
                            <posy>269</posy>
                            <width>480</width>
                            <height>1</height>
                            <colordiffuse>99000000</colordiffuse>
                            <texture>windows/common/black.png</texture>
                        </control>
                        <visible>[ControlGroup(9001).HasFocus(200) + !IsEmpty(Container(200).ListItemNoWrap(2).Label)] | [ControlGroup(9001).HasFocus(201) + !IsEmpty(Container(201).ListItemNoWrap(2).Label)] | [ControlGroup(9001).HasFocus(202) + !IsEmpty(Container(202).ListItemNoWrap(2).Label)] | [ControlGroup(9001).HasFocus(203) + !IsEmpty(Container(203).ListItemNoWrap(2).Label)] | [ControlGroup(9001).HasFocus(204) + !IsEmpty(Container(204).ListItemNoWrap(2).Label)] | [ControlGroup(9001).HasFocus(205) + !IsEmpty(Container(205).ListItemNoWrap(2).Label)] | [ControlGroup(9001).HasFocus(206) + !IsEmpty(Container(206).ListItemNoWrap(2).Label)]</visible>
                    </control>
                </control>
                <control type="group">
                    <animation type="WindowOpen">
                        <effect type="fade" start="0" end="100" delay="100" tween="sine" easing="in" time="300" />
                        <effect type="slide" start="700" end="0" delay="100" tween="cubic" easing="out" time="600" />
                    </animation>
                    <control type="group">
                        <posx>492</posx>
                        <control type="group">
                            <posx>12</posx>
                            <animation effect="fade" end="50" time="0" condition="true">Conditional</animation>
                            <control type="image">
                                <posx>-10</posx>
                                <posy>465</posy>
                                <height>50</height>
                                <width>500</width>
                                <texture>dialogs/shutdown/shadow.png</texture>
                            </control>
                            <control type="image">
                                <posx>-5</posx>
                                <posy>265</posy>
                                <width>490</width>
                                <height>200</height>
                                <texture border="7">windows/home/tile-grey.png</texture>
                                <animation effect="fade" end="60" time="0" condition="true">Conditional</animation>
                            </control>
                            <control type="image">
                                <posx>0</posx>
                                <posy>270</posy>
                                <width>480</width>
                                <height>104</height>
                                <texture border="2">views/extended/overlay.png</texture>
                            </control>
                            <control type="label">
                                <posx>20</posx>
                                <posy>287</posy>
                                <width>440</width>
                                <label>$VAR[TVGuideNextTitle1]</label>
                                <font>Font-Condensed-S34-B</font>
                                <textcolor>ddwhite</textcolor>
                                <shadowcolor>22000000</shadowcolor>
                                <scroll>false</scroll>
                                <align>left</align>
                            </control>
                            <control type="label">
                                <posx>20</posx>
                                <posy>327</posy>
                                <width>440</width>
                                <label>$VAR[TVGuideShowName1]</label>
                                <font>Font-Condensed-S32</font>
                                <textcolor>aawhite</textcolor>
                                <shadowcolor>22000000</shadowcolor>
                                <scroll>false</scroll>
                                <align>left</align>
                            </control>
                            <control type="image">
                                <posx>14</posx>
                                <posy>391</posy>
                                <width>50</width>
                                <height>50</height>
                                <texture>windows/tvguide/clock.png</texture>
                            </control>
                            <control type="label">
                                <posx>77</posx>
                                <posy>401</posy>
                                <width>383</width>
                                <label>$VAR[TVGuideDateShort1]</label>
                                <font>Font-Condensed-S40</font>
                                <textcolor>eewhite</textcolor>
                                <shadowcolor>22000000</shadowcolor>
                                <scroll>false</scroll>
                                <align>left</align>
                            </control>
                        </control>
                        <control type="image">
                            <posx>12</posx>
                            <posy>0</posy>
                            <width>480</width>
                            <height>270</height>
                            <texture background="true" fallback="views/fallbacks/DefaultVideo.png/landscape.png">$VAR[TVGuideThumb1]</texture>
                            <aspectratio align="center" aligny="bottom" scalediffuse="false">keep</aspectratio>
                        </control>
                        <control type="image">
                            <posx>12</posx>
                            <posy>269</posy>
                            <width>480</width>
                            <height>1</height>
                            <colordiffuse>99000000</colordiffuse>
                            <texture>windows/common/black.png</texture>
                        </control>
                        <visible>[ControlGroup(9001).HasFocus(200) + !IsEmpty(Container(200).ListItemNoWrap(1).Label)] | [ControlGroup(9001).HasFocus(201) + !IsEmpty(Container(201).ListItemNoWrap(1).Label)] | [ControlGroup(9001).HasFocus(202) + !IsEmpty(Container(202).ListItemNoWrap(1).Label)] | [ControlGroup(9001).HasFocus(203) + !IsEmpty(Container(203).ListItemNoWrap(1).Label)] | [ControlGroup(9001).HasFocus(204) + !IsEmpty(Container(204).ListItemNoWrap(1).Label)] | [ControlGroup(9001).HasFocus(205) + !IsEmpty(Container(205).ListItemNoWrap(1).Label)] | [ControlGroup(9001).HasFocus(206) + !IsEmpty(Container(206).ListItemNoWrap(1).Label)]</visible>
                    </control>
                </control>
                <control type="group">
                    <animation type="WindowOpen">
                        <effect type="fade" start="0" end="100" delay="100" tween="sine" easing="in" time="300" />
                        <effect type="slide" start="400" end="0" delay="100" tween="cubic" easing="out" time="600" />
                    </animation>
                    <control type="group">
                        <posx>0</posx>
                        <control type="group">
                            <posx>12</posx>
                            <control type="image">
                                <posx>-10</posx>
                                <posy>465</posy>
                                <height>50</height>
                                <width>500</width>
                                <texture>dialogs/shutdown/shadow.png</texture>
                            </control>
                            <control type="image">
                                <posx>-5</posx>
                                <posy>265</posy>
                                <width>490</width>
                                <height>200</height>
                                <texture border="7">windows/home/tile-grey.png</texture>
                            </control>
                            <control type="image">
                                <posx>0</posx>
                                <posy>270</posy>
                                <width>480</width>
                                <height>104</height>
                                <texture border="2">views/extended/overlay.png</texture>
                            </control>
                            <control type="label">
                                <posx>20</posx>
                                <posy>287</posy>
                                <width>440</width>
                                <label>$VAR[TVGuideNextTitle0]</label>
                                <font>Font-Condensed-S34-B</font>
                                <textcolor>ddwhite</textcolor>
                                <shadowcolor>22000000</shadowcolor>
                                <scroll>false</scroll>
                                <align>left</align>
                            </control>
                            <control type="label">
                                <posx>20</posx>
                                <posy>327</posy>
                                <width>440</width>
                                <label>$VAR[TVGuideShowName0]</label>
                                <font>Font-Condensed-S32</font>
                                <textcolor>aawhite</textcolor>
                                <shadowcolor>22000000</shadowcolor>
                                <scroll>false</scroll>
                                <align>left</align>
                            </control>
                            <control type="image">
                                <posx>14</posx>
                                <posy>391</posy>
                                <width>50</width>
                                <height>50</height>
                                <texture>windows/tvguide/clock.png</texture>
                            </control>
                            <control type="label">
                                <posx>77</posx>
                                <posy>401</posy>
                                <width>383</width>
                                <label>$VAR[TVGuideDateShort0]</label>
                                <font>Font-Condensed-S40</font>
                                <textcolor>eewhite</textcolor>
                                <shadowcolor>22000000</shadowcolor>
                                <scroll>false</scroll>
                                <align>left</align>
                            </control>
                        </control>
                        <control type="image">
                            <posx>12</posx>
                            <posy>0</posy>
                            <width>480</width>
                            <height>270</height>
                            <texture background="true" fallback="views/fallbacks/DefaultVideo.png/landscape.png">$VAR[TVGuideThumb0]</texture>
                            <aspectratio align="center" aligny="bottom" scalediffuse="false">keep</aspectratio>
                        </control>
                        <control type="image">
                            <posx>12</posx>
                            <posy>269</posy>
                            <width>480</width>
                            <height>1</height>
                            <colordiffuse>99000000</colordiffuse>
                            <texture>windows/common/black.png</texture>
                        </control>
                        <visible>[ControlGroup(9001).HasFocus(200) + !IsEmpty(Container(200).ListItem(0).Label)] | [ControlGroup(9001).HasFocus(201) + !IsEmpty(Container(201).ListItem(0).Label)] | [ControlGroup(9001).HasFocus(202) + !IsEmpty(Container(202).ListItem(0).Label)] | [ControlGroup(9001).HasFocus(203) + !IsEmpty(Container(203).ListItem(0).Label)] | [ControlGroup(9001).HasFocus(204) + !IsEmpty(Container(204).ListItem(0).Label)] | [ControlGroup(9001).HasFocus(205) + !IsEmpty(Container(205).ListItem(0).Label)] | [ControlGroup(9001).HasFocus(206) + !IsEmpty(Container(206).ListItem(0).Label)]</visible>
                    </control>
                </control>
            </control>
            <control type="group" id="9001">
                <animation type="WindowOpen" reversible="false">
                    <effect type="fade" start="0" end="100" time="0" />
                    <effect type="slide" start="0,-1500" end="0,0" delay="700" time="0" />
                </animation>
                <control type="fixedlist" id="200">
                    <description>Monday list</description>
                    <posx>580</posx>
                    <posy>380</posy>
                    <width>1722</width>
                    <height>600</height>
                    <orientation>horizontal</orientation>
                    <scrolltime tween="cubic" easing="out">500</scrolltime>
                    <onleft>9000</onleft>
                    <onright>200</onright>
                    <onup>SetProperty(Movement,1)</onup>
                    <onup>206</onup>
                    <ondown>ClearProperty(Movement)</ondown>
                    <ondown>201</ondown>
                    <animation effect="fade" start="100" end="0" time="300" tween="sine" easing="inout">Hidden</animation>
                    <animation effect="fade" start="0" end="100" time="300" tween="sine" easing="inout">Visible</animation>
                    <animation effect="slide" start="0,60" end="0,0" time="300" tween="sine" easing="inout" condition="ControlGroup(9001).HasFocus(200) + IsEmpty(Window.Property(Movement))" reversible="false">Conditional</animation>
                    <animation effect="slide" start="0,-60" end="0,0" time="300" tween="sine" easing="inout" condition="ControlGroup(9001).HasFocus(200) + !IsEmpty(Window.Property(Movement))" reversible="false">Conditional</animation>
                    <animation effect="slide" start="0,0" end="0,60" time="300" tween="sine" easing="inout" condition="!ControlGroup(9001).HasFocus(200) + !IsEmpty(Window.Property(Movement))" reversible="false">Conditional</animation>
                    <animation effect="slide" start="0,0" end="0,-60" time="300" tween="sine" easing="inout" condition="!ControlGroup(9001).HasFocus(200) + IsEmpty(Window.Property(Movement))" reversible="false">Conditional</animation>
                    <visible allowhiddenfocus="true">ControlGroup(9001).HasFocus(200)</visible>
                    <itemlayout width="492">
                        <include>TVGuideItemLayout</include>
                    </itemlayout>
                    <focusedlayout width="492">
                        <include>TVGuideFocusedLayout</include>
                    </focusedlayout>
                </control>
                <control type="fixedlist" id="201">
                    <description>Tuesday list</description>
                    <posx>580</posx>
                    <posy>380</posy>
                    <width>1722</width>
                    <height>600</height>
                    <orientation>horizontal</orientation>
                    <scrolltime tween="cubic" easing="out">500</scrolltime>
                    <onleft>9000</onleft>
                    <onright>201</onright>
                    <onup>SetProperty(Movement,1)</onup>
                    <onup>200</onup>
                    <ondown>ClearProperty(Movement)</ondown>
                    <ondown>202</ondown>
                    <animation effect="fade" start="100" end="0" time="300" tween="sine" easing="inout">Hidden</animation>
                    <animation effect="fade" start="0" end="100" time="300" tween="sine" easing="inout">Visible</animation>
                    <animation effect="slide" start="0,60" end="0,0" time="300" tween="sine" easing="inout" condition="ControlGroup(9001).HasFocus(201) + IsEmpty(Window.Property(Movement))" reversible="false">Conditional</animation>
                    <animation effect="slide" start="0,-60" end="0,0" time="300" tween="sine" easing="inout" condition="ControlGroup(9001).HasFocus(201) + !IsEmpty(Window.Property(Movement))" reversible="false">Conditional</animation>
                    <animation effect="slide" start="0,0" end="0,60" time="300" tween="sine" easing="inout" condition="!ControlGroup(9001).HasFocus(201) + !IsEmpty(Window.Property(Movement))" reversible="false">Conditional</animation>
                    <animation effect="slide" start="0,0" end="0,-60" time="300" tween="sine" easing="inout" condition="!ControlGroup(9001).HasFocus(201) + IsEmpty(Window.Property(Movement))" reversible="false">Conditional</animation>
                    <visible allowhiddenfocus="true">ControlGroup(9001).HasFocus(201)</visible>
                    <itemlayout width="492">
                        <include>TVGuideItemLayout</include>
                    </itemlayout>
                    <focusedlayout width="492">
                        <include>TVGuideFocusedLayout</include>
                    </focusedlayout>
                </control>
                <control type="fixedlist" id="202">
                    <description>Wednesday list</description>
                    <posx>580</posx>
                    <posy>380</posy>
                    <width>1722</width>
                    <height>600</height>
                    <orientation>horizontal</orientation>
                    <scrolltime tween="cubic" easing="out">500</scrolltime>
                    <onleft>9000</onleft>
                    <onright>202</onright>
                    <onup>SetProperty(Movement,1)</onup>
                    <onup>201</onup>
                    <ondown>ClearProperty(Movement)</ondown>
                    <ondown>203</ondown>
                    <animation effect="fade" start="100" end="0" time="300" tween="sine" easing="inout">Hidden</animation>
                    <animation effect="fade" start="0" end="100" time="300" tween="sine" easing="inout">Visible</animation>
                    <animation effect="slide" start="0,60" end="0,0" time="300" tween="sine" easing="inout" condition="ControlGroup(9001).HasFocus(202) + IsEmpty(Window.Property(Movement))" reversible="false">Conditional</animation>
                    <animation effect="slide" start="0,-60" end="0,0" time="300" tween="sine" easing="inout" condition="ControlGroup(9001).HasFocus(202) + !IsEmpty(Window.Property(Movement))" reversible="false">Conditional</animation>
                    <animation effect="slide" start="0,0" end="0,60" time="300" tween="sine" easing="inout" condition="!ControlGroup(9001).HasFocus(202) + !IsEmpty(Window.Property(Movement))" reversible="false">Conditional</animation>
                    <animation effect="slide" start="0,0" end="0,-60" time="300" tween="sine" easing="inout" condition="!ControlGroup(9001).HasFocus(202) + IsEmpty(Window.Property(Movement))" reversible="false">Conditional</animation>
                    <visible allowhiddenfocus="true">ControlGroup(9001).HasFocus(202)</visible>
                    <itemlayout width="492">
                        <include>TVGuideItemLayout</include>
                    </itemlayout>
                    <focusedlayout width="492">
                        <include>TVGuideFocusedLayout</include>
                    </focusedlayout>
                </control>
                <control type="fixedlist" id="203">
                    <description>Thursday list</description>
                    <posx>580</posx>
                    <posy>380</posy>
                    <width>1722</width>
                    <height>600</height>
                    <orientation>horizontal</orientation>
                    <scrolltime tween="cubic" easing="out">500</scrolltime>
                    <onleft>9000</onleft>
                    <onright>203</onright>
                    <onup>SetProperty(Movement,1)</onup>
                    <onup>202</onup>
                    <ondown>ClearProperty(Movement)</ondown>
                    <ondown>204</ondown>
                    <animation effect="fade" start="100" end="0" time="300" tween="sine" easing="inout">Hidden</animation>
                    <animation effect="fade" start="0" end="100" time="300" tween="sine" easing="inout">Visible</animation>
                    <animation effect="slide" start="0,60" end="0,0" time="300" tween="sine" easing="inout" condition="ControlGroup(9001).HasFocus(203) + IsEmpty(Window.Property(Movement))" reversible="false">Conditional</animation>
                    <animation effect="slide" start="0,-60" end="0,0" time="300" tween="sine" easing="inout" condition="ControlGroup(9001).HasFocus(203) + !IsEmpty(Window.Property(Movement))" reversible="false">Conditional</animation>
                    <animation effect="slide" start="0,0" end="0,60" time="300" tween="sine" easing="inout" condition="!ControlGroup(9001).HasFocus(203) + !IsEmpty(Window.Property(Movement))" reversible="false">Conditional</animation>
                    <animation effect="slide" start="0,0" end="0,-60" time="300" tween="sine" easing="inout" condition="!ControlGroup(9001).HasFocus(203) + IsEmpty(Window.Property(Movement))" reversible="false">Conditional</animation>
                    <visible allowhiddenfocus="true">ControlGroup(9001).HasFocus(203)</visible>
                    <itemlayout width="492">
                        <include>TVGuideItemLayout</include>
                    </itemlayout>
                    <focusedlayout width="492">
                        <include>TVGuideFocusedLayout</include>
                    </focusedlayout>
                </control>
                <control type="fixedlist" id="204">
                    <description>Friday list</description>
                    <posx>580</posx>
                    <posy>380</posy>
                    <width>1722</width>
                    <height>600</height>
                    <orientation>horizontal</orientation>
                    <scrolltime tween="cubic" easing="out">500</scrolltime>
                    <onleft>9000</onleft>
                    <onright>204</onright>
                    <onup>SetProperty(Movement,1)</onup>
                    <onup>203</onup>
                    <ondown>ClearProperty(Movement)</ondown>
                    <ondown>205</ondown>
                    <animation effect="fade" start="100" end="0" time="300" tween="sine" easing="inout">Hidden</animation>
                    <animation effect="fade" start="0" end="100" time="300" tween="sine" easing="inout">Visible</animation>
                    <animation effect="slide" start="0,60" end="0,0" time="300" tween="sine" easing="inout" condition="ControlGroup(9001).HasFocus(204) + IsEmpty(Window.Property(Movement))" reversible="false">Conditional</animation>
                    <animation effect="slide" start="0,-60" end="0,0" time="300" tween="sine" easing="inout" condition="ControlGroup(9001).HasFocus(204) + !IsEmpty(Window.Property(Movement))" reversible="false">Conditional</animation>
                    <animation effect="slide" start="0,0" end="0,60" time="300" tween="sine" easing="inout" condition="!ControlGroup(9001).HasFocus(204) + !IsEmpty(Window.Property(Movement))" reversible="false">Conditional</animation>
                    <animation effect="slide" start="0,0" end="0,-60" time="300" tween="sine" easing="inout" condition="!ControlGroup(9001).HasFocus(204) + IsEmpty(Window.Property(Movement))" reversible="false">Conditional</animation>
                    <visible allowhiddenfocus="true">ControlGroup(9001).HasFocus(204)</visible>
                    <itemlayout width="492">
                        <include>TVGuideItemLayout</include>
                    </itemlayout>
                   <focusedlayout width="492">
                       <include>TVGuideFocusedLayout</include>
                   </focusedlayout>
                </control>
                <control type="fixedlist" id="205">
                    <description>Saturday list</description>
                    <posx>580</posx>
                    <posy>380</posy>
                    <width>1722</width>
                    <height>600</height>
                    <orientation>horizontal</orientation>
                    <scrolltime tween="cubic" easing="out">500</scrolltime>
                    <onleft>9000</onleft>
                    <onright>205</onright>
                    <onup>SetProperty(Movement,1)</onup>
                    <onup>204</onup>
                    <ondown>ClearProperty(Movement)</ondown>
                    <ondown>206</ondown>
                    <animation effect="fade" start="100" end="0" time="300" tween="sine" easing="inout">Hidden</animation>
                    <animation effect="fade" start="0" end="100" time="300" tween="sine" easing="inout">Visible</animation>
                    <animation effect="slide" start="0,60" end="0,0" time="300" tween="sine" easing="inout" condition="ControlGroup(9001).HasFocus(205) + IsEmpty(Window.Property(Movement))" reversible="false">Conditional</animation>
                    <animation effect="slide" start="0,-60" end="0,0" time="300" tween="sine" easing="inout" condition="ControlGroup(9001).HasFocus(205) + !IsEmpty(Window.Property(Movement))" reversible="false">Conditional</animation>
                    <animation effect="slide" start="0,0" end="0,60" time="300" tween="sine" easing="inout" condition="!ControlGroup(9001).HasFocus(205) + !IsEmpty(Window.Property(Movement))" reversible="false">Conditional</animation>
                    <animation effect="slide" start="0,0" end="0,-60" time="300" tween="sine" easing="inout" condition="!ControlGroup(9001).HasFocus(205) + IsEmpty(Window.Property(Movement))" reversible="false">Conditional</animation>
                    <visible allowhiddenfocus="true">ControlGroup(9001).HasFocus(205)</visible>
                    <itemlayout width="492">
                        <include>TVGuideItemLayout</include>
                    </itemlayout>
                    <focusedlayout width="492">
                        <include>TVGuideFocusedLayout</include>
                    </focusedlayout>
                </control>
                <control type="fixedlist" id="206">
                    <description>Sunday list</description>
                    <posx>580</posx>
                    <posy>380</posy>
                    <width>1722</width>
                    <height>600</height>
                    <orientation>horizontal</orientation>
                    <scrolltime tween="cubic" easing="out">500</scrolltime>
                    <onleft>9000</onleft>
                    <onright>206</onright>
                    <onup>SetProperty(Movement,1)</onup>
                    <onup>205</onup>
                    <ondown>ClearProperty(Movement)</ondown>
                    <ondown>200</ondown>
                    <animation effect="fade" start="100" end="0" time="300" tween="sine" easing="inout">Hidden</animation>
                    <animation effect="fade" start="0" end="100" time="300" tween="sine" easing="inout">Visible</animation>
                    <animation effect="slide" start="0,60" end="0,0" time="300" tween="sine" easing="inout" condition="ControlGroup(9001).HasFocus(206) + IsEmpty(Window.Property(Movement))" reversible="false">Conditional</animation>
                    <animation effect="slide" start="0,-60" end="0,0" time="300" tween="sine" easing="inout" condition="ControlGroup(9001).HasFocus(206) + !IsEmpty(Window.Property(Movement))" reversible="false">Conditional</animation>
                    <animation effect="slide" start="0,0" end="0,60" time="300" tween="sine" easing="inout" condition="!ControlGroup(9001).HasFocus(206) + !IsEmpty(Window.Property(Movement))" reversible="false">Conditional</animation>
                    <animation effect="slide" start="0,0" end="0,-60" time="300" tween="sine" easing="inout" condition="!ControlGroup(9001).HasFocus(206) + IsEmpty(Window.Property(Movement))" reversible="false">Conditional</animation>
                    <visible allowhiddenfocus="true">ControlGroup(9001).HasFocus(206)</visible>
                    <itemgap>0</itemgap>
                    <itemlayout width="492">
                        <include>TVGuideItemLayout</include>
                    </itemlayout>
                    <focusedlayout width="492">
                        <include>TVGuideFocusedLayout</include>
                    </focusedlayout>
                </control>
            </control>
            <control type="group">
                <posx>100</posx>
                <posy>300</posy>
                <animation type="WindowOpen">
                    <effect type="slide" start="200" end="0" tween="cubic" easing="out" time="700" />
                    <effect type="fade" start="0" end="100" tween="sine" easing="inout" time="300" />
                    <effect type="zoom" start="94.7368421" end="100" center="400,606" tween="cubic" easing="out" time="400" />
                </animation>
                <control type="image">
                    <posx>-11</posx>
                    <posy>602</posy>
                    <height>50</height>
                    <width>512</width>
                    <texture>dialogs/shutdown/shadow.png</texture>
                </control>
                <control type="image">
                    <description>List Panel</description>
                    <posx>-2</posx>
                    <posy>-3</posy>
                    <width>484</width>
                    <height>592</height>
                    <texture border="3">views/list/panel/panel.png</texture>
                </control>
                <control type="image">
                    <description>Focus image</description>
                    <posx>0</posx>
                    <posy>-1</posy>
                    <width>480</width>
                    <height>83</height>
                    <texture border="150,1,150,1">views/other/focus.png</texture>
                    <animation type="WindowOpen" reversible="true">
                        <effect type="fade" start="0" end="100" tween="sine" easing="inout" time="300" delay="350" />
                    </animation>
                    <animation effect="slide" end="0,84" time="0" condition="ControlGroup(9001).HasFocus(201)">Conditional</animation>
                    <animation effect="slide" end="0,168" time="0" condition="ControlGroup(9001).HasFocus(202)">Conditional</animation>
                    <animation effect="slide" end="0,252" time="0" condition="ControlGroup(9001).HasFocus(203)">Conditional</animation>
                    <animation effect="slide" end="0,336" time="0" condition="ControlGroup(9001).HasFocus(204)">Conditional</animation>
                    <animation effect="slide" end="0,420" time="0" condition="ControlGroup(9001).HasFocus(205)">Conditional</animation>
                    <animation effect="slide" end="0,504" time="0" condition="ControlGroup(9001).HasFocus(206)">Conditional</animation>
                    <animation effect="slide" start="0,-84" end="0,0" time="300" tween="back" easing="out" condition="IsEmpty(Window.Property(Movement)) + ControlGroup(9001).HasFocus(200)" reversible="false">Conditional</animation>
                    <animation effect="slide" start="0,-84" end="0,0" time="300" tween="back" easing="out" condition="IsEmpty(Window.Property(Movement)) + ControlGroup(9001).HasFocus(201)" reversible="false">Conditional</animation>
                    <animation effect="slide" start="0,-84" end="0,0" time="300" tween="back" easing="out" condition="IsEmpty(Window.Property(Movement)) + ControlGroup(9001).HasFocus(202)" reversible="false">Conditional</animation>
                    <animation effect="slide" start="0,-84" end="0,0" time="300" tween="back" easing="out" condition="IsEmpty(Window.Property(Movement)) + ControlGroup(9001).HasFocus(203)" reversible="false">Conditional</animation>
                    <animation effect="slide" start="0,-84" end="0,0" time="300" tween="back" easing="out" condition="IsEmpty(Window.Property(Movement)) + ControlGroup(9001).HasFocus(204)" reversible="false">Conditional</animation>
                    <animation effect="slide" start="0,-84" end="0,0" time="300" tween="back" easing="out" condition="IsEmpty(Window.Property(Movement)) + ControlGroup(9001).HasFocus(205)" reversible="false">Conditional</animation>
                    <animation effect="slide" start="0,-84" end="0,0" time="300" tween="back" easing="out" condition="IsEmpty(Window.Property(Movement)) + ControlGroup(9001).HasFocus(206)" reversible="false">Conditional</animation>
                    <animation effect="slide" start="0,84" end="0,0" time="300" tween="back" easing="out" condition="!IsEmpty(Window.Property(Movement)) + ControlGroup(9001).HasFocus(200)" reversible="false">Conditional</animation>
                    <animation effect="slide" start="0,84" end="0,0" time="300" tween="back" easing="out" condition="!IsEmpty(Window.Property(Movement)) + ControlGroup(9001).HasFocus(201)" reversible="false">Conditional</animation>
                    <animation effect="slide" start="0,84" end="0,0" time="300" tween="back" easing="out" condition="!IsEmpty(Window.Property(Movement)) + ControlGroup(9001).HasFocus(202)" reversible="false">Conditional</animation>
                    <animation effect="slide" start="0,84" end="0,0" time="300" tween="back" easing="out" condition="!IsEmpty(Window.Property(Movement)) + ControlGroup(9001).HasFocus(203)" reversible="false">Conditional</animation>
                    <animation effect="slide" start="0,84" end="0,0" time="300" tween="back" easing="out" condition="!IsEmpty(Window.Property(Movement)) + ControlGroup(9001).HasFocus(204)" reversible="false">Conditional</animation>
                    <animation effect="slide" start="0,84" end="0,0" time="300" tween="back" easing="out" condition="!IsEmpty(Window.Property(Movement)) + ControlGroup(9001).HasFocus(205)" reversible="false">Conditional</animation>
                    <animation effect="slide" start="0,84" end="0,0" time="300" tween="back" easing="out" condition="!IsEmpty(Window.Property(Movement)) + ControlGroup(9001).HasFocus(206)" reversible="false">Conditional</animation>
                </control>
                <control type="image">
                    <description>Current weekday image</description>
                    <posx>0</posx>
                    <posy>0</posy>
                    <width>480</width>
                    <height>82</height>
                    <texture>views/other/selected.png</texture>
                    <colordiffuse>07FFFFFF</colordiffuse>
                    <aspectratio aligny="top">center</aspectratio>
                    <animation effect="slide" end="0,84" time="0" condition="stringcompare(System.Date(ddd),$LOCALIZE[42])">Conditional</animation>
                    <animation effect="slide" end="0,168" time="0" condition="stringcompare(System.Date(ddd),$LOCALIZE[43])">Conditional</animation>
                    <animation effect="slide" end="0,252" time="0" condition="stringcompare(System.Date(ddd),$LOCALIZE[44])">Conditional</animation>
                    <animation effect="slide" end="0,336" time="0" condition="stringcompare(System.Date(ddd),$LOCALIZE[45])">Conditional</animation>
                    <animation effect="slide" end="0,420" time="0" condition="stringcompare(System.Date(ddd),$LOCALIZE[46])">Conditional</animation>
                    <animation effect="slide" end="0,504" time="0" condition="stringcompare(System.Date(ddd),$LOCALIZE[47])">Conditional</animation>
                </control>
                <control type="grouplist">
                    <description>Weekday labels</description>
                    <posx>0</posx>
                    <posy>0</posy>
                    <width>480</width>
                    <height>588</height>
                    <itemgap>0</itemgap>
                    <control type="button">
                        <include>TVGuideWeekdayButton</include>
                        <label>[B]$VAR[TVDayLabelMon][/B]</label>
                        <label2>$VAR[TVDayLabelMonColor]$INFO[Window(Home).Property(NextAired.1.Date)][/COLOR]</label2>
                        <animation effect="fade" start="100" end="50" time="300" tween="sine" easing="inout" condition="!ControlGroup(9001).HasFocus(200) + !stringcompare(System.Date(ddd),$LOCALIZE[41])">Conditional</animation>
                        <enable>IntegerGreaterThan(Container(200).NumItems,0)</enable>
                    </control>
                    <control type="button">
                        <include>TVGuideWeekdayButton</include>
                        <label>[B]$VAR[TVDayLabelTue][/B]</label>
                        <label2>$VAR[TVDayLabelTueColor]$INFO[Window(Home).Property(NextAired.2.Date)][/COLOR]</label2>
                        <animation effect="fade" start="100" end="50" time="300" tween="sine" easing="inout" condition="!ControlGroup(9001).HasFocus(201) + !stringcompare(System.Date(ddd),$LOCALIZE[42])">Conditional</animation>
                        <enable>IntegerGreaterThan(Container(201).NumItems,0)</enable>
                    </control>
                    <control type="button">
                        <include>TVGuideWeekdayButton</include>
                        <label>[B]$VAR[TVDayLabelWed][/B]</label>
                        <label2>$VAR[TVDayLabelWedColor]$INFO[Window(Home).Property(NextAired.3.Date)][/COLOR]</label2>
                        <animation effect="fade" start="100" end="50" time="300" tween="sine" easing="inout" condition="!ControlGroup(9001).HasFocus(202) + !stringcompare(System.Date(ddd),$LOCALIZE[43])">Conditional</animation>
                        <enable>IntegerGreaterThan(Container(202).NumItems,0)</enable>
                    </control>
                    <control type="button">
                        <include>TVGuideWeekdayButton</include>
                        <label>[B]$VAR[TVDayLabelThu][/B]</label>
                        <label2>$VAR[TVDayLabelThuColor]$INFO[Window(Home).Property(NextAired.4.Date)][/COLOR]</label2>
                        <animation effect="fade" start="100" end="50" time="300" tween="sine" easing="inout" condition="!ControlGroup(9001).HasFocus(203) + !stringcompare(System.Date(ddd),$LOCALIZE[44])">Conditional</animation>
                        <enable>IntegerGreaterThan(Container(203).NumItems,0)</enable>
                    </control>
                    <control type="button">
                        <include>TVGuideWeekdayButton</include>
                        <label>[B]$VAR[TVDayLabelFri][/B]</label>
                        <label2>$VAR[TVDayLabelFriColor]$INFO[Window(Home).Property(NextAired.5.Date)][/COLOR]</label2>
                        <animation effect="fade" start="100" end="50" time="300" tween="sine" easing="inout" condition="!ControlGroup(9001).HasFocus(204) + !stringcompare(System.Date(ddd),$LOCALIZE[45])">Conditional</animation>
                        <enable>IntegerGreaterThan(Container(204).NumItems,0)</enable>
                    </control>
                    <control type="button">
                        <include>TVGuideWeekdayButton</include>
                        <label>[B]$VAR[TVDayLabelSat][/B]</label>
                        <label2>$VAR[TVDayLabelSatColor]$INFO[Window(Home).Property(NextAired.6.Date)][/COLOR]</label2>
                        <animation effect="fade" start="100" end="50" time="300" tween="sine" easing="inout" condition="!ControlGroup(9001).HasFocus(205) + !stringcompare(System.Date(ddd),$LOCALIZE[46])">Conditional</animation>
                        <enable>IntegerGreaterThan(Container(205).NumItems,0)</enable>
                    </control>
                    <control type="button">
                        <include>TVGuideWeekdayButton</include>
                        <label>[B]$VAR[TVDayLabelSun][/B]</label>
                        <label2>$VAR[TVDayLabelSunColor]$INFO[Window(Home).Property(NextAired.7.Date)][/COLOR]</label2>
                        <animation effect="fade" start="100" end="50" time="300" tween="sine" easing="inout" condition="!ControlGroup(9001).HasFocus(206) + !stringcompare(System.Date(ddd),$LOCALIZE[47])">Conditional</animation>
                        <enable>IntegerGreaterThan(Container(206).NumItems,0)</enable>
                    </control>
                </control>
            </control>
        </control>
        <include>Common-Info</include>
        <control type="group" id="9000">
            <posx>267</posx>
            <posy>517</posy>
            <include>OptionsAnimations</include>
            <animation effect="slide" start="0" end="-204" time="0" condition="Skin.HasSetting(HideShutdownButton)">Conditional</animation>
            <control type="group">
                <include>OptionsPanelAnimations</include>
                <control type="image">
                    <description>shadow image</description>
                    <posx>5</posx>
                    <posy>505</posy>
                    <height>60</height>
                    <width>442</width>
                    <texture>dialogs/shutdown/shadow.png</texture>
                </control>
                <control type="image">
                    <description>background image</description>
                    <posx>0</posx>
                    <posy>0</posy>
                    <height>540</height>
                    <width>442</width>
                    <texture>dialogs/shutdown/shutdown.png</texture>
                </control>
            </control>
            <control type="grouplist" id="9111">
                <posx>19</posx>
                <posy>47</posy>
                <width>404</width>
                <height>399</height>
                <itemgap>0</itemgap>
                <onleft>9001</onleft>
                <onright>9001</onright>
                <onup>9111</onup>
                <ondown>9111</ondown>
                <onback>9001</onback>
                <include>GeneralOptionsAnimations</include>
                <control type="button" id="8">
                    <description>Settings</description>
                    <include>optionsbuttonsdimensions</include>
                    <label>5</label>
                    <texturefocus border="70,2,2,2">dialogs/options/buttons/settings-fo.png</texturefocus>
                    <texturenofocus border="70,2,2,2">dialogs/options/buttons/settings-nf.png</texturenofocus>
                </control>
                <control type="radiobutton" id="9">
                    <description>Use landscape</description>
                    <include>optionsbuttonsdimensions</include>
                    <label>$LOCALIZE[42022]</label>
                    <texturefocus border="2">dialogs/options/buttons/default-fo.png</texturefocus>
                    <onclick>Skin.ToggleSetting(TVGuide.Landscape)</onclick>
                    <onclick>Skin.Reset(TVGuide.ClearArt)</onclick>
                    <onclick>Skin.Reset(TVGuide.ClearLogo)</onclick>
                    <selected>Skin.HasSetting(TVGuide.Landscape)</selected>
                    <textureradioon>buttons/radio/options-radio-button-fo.png</textureradioon>
                    <textureradiooff>buttons/radio/options-radio-button-nf.png</textureradiooff>
                    <radioposx>-19</radioposx>
                    <visible>System.HasAddon(script.artwork.downloader)</visible>
                </control>
                <control type="radiobutton" id="10">
                    <description>Use logo</description>
                    <include>optionsbuttonsdimensions</include>
                    <label>$LOCALIZE[42026]</label>
                    <texturefocus border="2">dialogs/options/buttons/default-fo.png</texturefocus>
                    <onclick>Skin.ToggleSetting(TVGuide.ClearLogo)</onclick>
                    <onclick>Skin.Reset(TVGuide.Landscape)</onclick>
                    <onclick>Skin.Reset(TVGuide.ClearArt)</onclick>
                    <selected>Skin.HasSetting(TVGuide.ClearLogo)</selected>
                    <textureradioon>buttons/radio/options-radio-button-fo.png</textureradioon>
                    <textureradiooff>buttons/radio/options-radio-button-nf.png</textureradiooff>
                    <radioposx>-19</radioposx>
                    <visible>System.HasAddon(script.artwork.downloader)</visible>
                </control>
                <control type="radiobutton" id="11">
                    <description>Use clearart</description>
                    <include>optionsbuttonsdimensions</include>
                    <label>$LOCALIZE[42023]</label>
                    <texturefocus border="2">dialogs/options/buttons/default-fo.png</texturefocus>
                    <onclick>Skin.ToggleSetting(TVGuide.ClearArt)</onclick>
                    <onclick>Skin.Reset(TVGuide.Landscape)</onclick>
                    <onclick>Skin.Reset(TVGuide.ClearLogo)</onclick>
                    <selected>Skin.HasSetting(TVGuide.ClearArt)</selected>
                    <textureradioon>buttons/radio/options-radio-button-fo.png</textureradioon>
                    <textureradiooff>buttons/radio/options-radio-button-nf.png</textureradiooff>
                    <radioposx>-19</radioposx>
                    <visible>System.HasAddon(script.artwork.downloader)</visible>
                </control>
                <control type="button" id="13">
                    <description>Label</description>
                    <include>optionsbuttonsdimensions</include>
                    <label>$LOCALIZE[42025]</label>
                    <onclick>XBMC.RunScript(script.artwork.downloader,mode=custom,mediatype=tvshow,landscape,clearlogo,clearart)</onclick>
                    <texturefocus border="70,2,2,2">dialogs/options/buttons/refresh-fo.png</texturefocus>
                    <texturenofocus border="70,2,2,2">dialogs/options/buttons/refresh-nf.png</texturenofocus>
                    <visible>System.HasAddon(script.artwork.downloader)</visible>
                </control>
            </control>
            <control type="group">
                <include>GeneralOptionsAnimations</include>
                <control type="image">
                    <posx>9</posx>
                    <posy>433</posy>
                    <width>100</width>
                    <height>100</height>
                    <texture>buttons/options_nofo.png</texture>
                </control>
                <control type="label">
                    <posx>94</posx>
                    <posy>433</posy>
                    <width>300</width>
                    <height>100</height>
                    <label>$LOCALIZE[41600]</label>
                    <font>Font-Condensed-S34-B</font>
                    <textcolor>eewhite</textcolor>
                    <shadowcolor>22000000</shadowcolor>
                </control>
            </control>
        </control>
    </controls>
</window>