<?xml version="1.0" encoding="UTF-8"?>
<window>
    <defaultcontrol>13</defaultcontrol>
    <allowoverlay>no</allowoverlay>
    <controls>
        <control type="group">
            <animation type="WindowOpen" condition="Window.IsVisible(script-RSS_Editor-setEditor.xml)" reversible="false">
                <effect type="fade" start="0" end="100" time="0" delay="300" />
            </animation>
            <control type="group">
                <include>KeyboardAnimations</include>
                <include>OptionsShutdownAnimation</include>
                <visible>!Window.IsVisible(virtualkeyboard) + !Window.IsVisible(numericinput)</visible>
                <control type="image">
                    <posx>920</posx>
                    <posy>376</posy>
                    <width>80</width>
                    <height>60</height>
                    <texture>dialogs/default/arrow.png</texture>
                </control>
                <control type="image">
                    <posx>445</posx>
                    <posy>396</posy>
                    <width>1030</width>
                    <height>287</height>
                    <texture border="39">dialogs/default/bg.png</texture>
                </control>
                <control type="label" id="2">
                    <description>Heading</description>
                    <posx>473</posx>
                    <posy>348</posy>
                    <width>974</width>
                    <font>Font-Condensed-S34</font>
                    <textcolor>ddwhite</textcolor>
                    <align>center</align>
                </control>
                <control type="group" id="9002">
                    <control type="label" id="3">
                        <description>List label</description>
                        <posx>479</posx>
                        <posy>429</posy>
                        <width>922</width>
                        <height>34</height>
                        <align>left</align>
                        <textoffsetx>20</textoffsetx>
                        <textcolor>FF585858</textcolor>
                        <shadowcolor>20FFFFFF</shadowcolor>
                        <font>Font-Condensed-S30</font>
                    </control>
                    <control type="image">
                    	<posx>479</posx>
                    	<posy>469</posy>
                    	<width>690</width>
                    	<height>181</height>
                    	<texture border="5">dialogs/default/inner.png</texture>
                    </control>
                    <control type="list" id="10">
                        <posx>479</posx>
                        <posy>469</posy>
                        <width>690</width>
                        <height>180</height>
                        <onup>9001</onup>
                        <onleft>9004</onleft>
                        <onright>60</onright>
                        <ondown>9001</ondown>
                        <pagecontrol>60</pagecontrol>
                        <scrolltime>0</scrolltime>
                        <itemlayout height="60">
                            <control type="image">
                                <posx>0</posx>
                                <posy>1</posy>
                                <width>690</width>
                                <height>60</height>
                                <texture>dialogs/default/separator.png</texture>
                            </control>
                            <control type="label">
                                <posx>20</posx>
                                <width>596</width>
                                <height>60</height>
                                <info>ListItem.Label</info>
                                <textcolor>FF585858</textcolor>
                                <scroll>false</scroll>
                            </control>
                            <control type="image">
                                <posx>616</posx>
                                <width>74</width>
                                <height>60</height>
                                <texture>dialogs/mediasource/keyboard-nf.png</texture>
                            </control>
                        </itemlayout>
                        <focusedlayout height="60">
                            <control type="image">
                                <posx>0</posx>
                                <posy>1</posy>
                                <width>690</width>
                                <height>60</height>
                                <texture>dialogs/default/separator.png</texture>
                                <visible>!Control.HasFocus(10)</visible>
                            </control>
                            <control type="image">
                                <width>690</width>
                                <height>60</height>
                                <texture border="2">dialogs/default/highlight.png</texture>
                                <visible>Control.HasFocus(10)</visible>
                            </control>
                            <control type="image">
                                <posx>616</posx>
                                <width>74</width>
                                <height>60</height>
                                <texture>dialogs/mediasource/keyboard-fo.png</texture>
                                <visible>Control.HasFocus(10) + !ListItem.IsSelected</visible>
                            </control>
                            <control type="label">
                                <posx>20</posx>
                                <width>596</width>
                                <height>60</height>
                                <info>ListItem.Label</info>
                                <textcolor>eewhite</textcolor>
                                <selectedcolor>eewhite</selectedcolor>
                                <scroll>false</scroll>
                                <visible>Control.HasFocus(10)</visible>
                            </control>
                            <control type="image">
                                <posx>616</posx>
                                <width>74</width>
                                <height>60</height>
                                <texture>dialogs/mediasource/keyboard-nf.png</texture>
                                <visible>!Control.HasFocus(10) + !ListItem.IsSelected</visible>
                            </control>
                            <control type="image">
                                <posx>623</posx>
                                <width>60</width>
                                <height>60</height>
                                <texture>dialogs/select/selected.png</texture>
                                <visible>ListItem.IsSelected</visible>
                            </control>
                            <control type="label">
                                <posx>20</posx>
                                <width>596</width>
                                <height>60</height>
                                <info>ListItem.Label</info>
                                <textcolor>FF585858</textcolor>
                                <selectedcolor>FF585858</selectedcolor>
                                <scroll>false</scroll>
                                <visible>!Control.HasFocus(10)</visible>
                            </control>
                        </focusedlayout>
                    </control>

                    <control type="image" id="61">
                        <animation effect="fade" start="0" end="100" time="0">Visible</animation>
                        <animation effect="fade" start="100" end="0" time="0">Hidden</animation>
                        <visible>Control.HasFocus(60)</visible>
                    </control>
                    <control type="image" id="61">
                        <animation effect="fade" start="0" end="100" time="0">Visible</animation>
                        <animation effect="fade" start="100" end="0" time="0" delay="1000">Hidden</animation>
                        <visible>!Control.HasFocus(60) + [Container(10).Scrolling | Container(10).OnScrollNext | Container(10).OnScrollPrevious]</visible>
                    </control>
                    <control type="scrollbar" id="60">
                        <posx>1156</posx>
                        <posy>416</posy>
                        <width>11</width>
                        <height>174</height>
                        <texturesliderbackground>-</texturesliderbackground>
                        <texturesliderbar border="0,6,0,6">dialogs/default/scrollbar.png</texturesliderbar>
                        <texturesliderbarfocus border="0,6,0,6">dialogs/default/scrollbar.png</texturesliderbarfocus>
                        <textureslidernib>-</textureslidernib>
                        <textureslidernibfocus>-</textureslidernibfocus>
                        <onleft>10</onleft>
                        <onright>9004</onright>
                        <showonepage>false</showonepage>
                        <orientation>vertical</orientation>
                        <animation effect="fade" start="75" end="0" time="300" tween="sine" easing="inout" condition="!Control.IsVisible(61)">Conditional</animation>
                    </control>

                    <control type="group" id="9004">
                        <posx>1183</posx>
                        <control type="image">
                        	<posx>0</posx>
                        	<posy>469</posy>
                        	<width>258</width>
                        	<height>181</height>
                        	<texture border="5">dialogs/default/inner.png</texture>
                        </control>
                        <control type="button" id="11">
                            <description>Change set</description>
                            <posy>469</posy>
                            <texturefocus border="54,2,2,2">dialogs/mediasource/change-fo.png</texturefocus>
                            <texturenofocus>dialogs/mediasource/change-nf.png</texturenofocus>
                            <textcolor>FF585858</textcolor>
                            <focusedcolor>eewhite</focusedcolor>
                            <disabledcolor>FF585858</disabledcolor>
                            <shadowcolor>20FFFFFF</shadowcolor>
                            <align>left</align>
                            <font>Font-Condensed-S32</font>
                            <textoffsetx>60</textoffsetx>
                            <width>258</width>
                            <height>60</height>
                            <onup>18</onup>
                            <onleft>10</onleft>
                            <onright>10</onright>
                            <ondown>13</ondown>
                            <onclick>PreviousMenu</onclick>
                            <animation effect="fade" start="100" end="50" time="0" condition="!Control.IsEnabled(11)" reversible="false">Conditional</animation>
                        </control>
                        <control type="button" id="13">
                            <description>Add</description>
                            <posy>529</posy>
                            <label>$LOCALIZE[15019]</label>
                            <texturefocus border="54,2,2,2">dialogs/mediasource/add-fo.png</texturefocus>
                            <texturenofocus>dialogs/mediasource/add-nf.png</texturenofocus>
                            <textcolor>FF585858</textcolor>
                            <focusedcolor>eewhite</focusedcolor>
                            <disabledcolor>FF585858</disabledcolor>
                            <shadowcolor>20FFFFFF</shadowcolor>
                            <align>left</align>
                            <font>Font-Condensed-S32</font>
                            <textoffsetx>60</textoffsetx>
                            <width>258</width>
                            <height>60</height>
                            <onup>11</onup>
                            <onleft>10</onleft>
                            <onright>10</onright>
                            <ondown>14</ondown>
                            <animation effect="fade" start="100" end="50" time="0" condition="!Control.IsEnabled(13)" reversible="false">Conditional</animation>
                        </control>
                        <control type="button" id="14">
                            <description>Remove</description>
                            <posy>589</posy>
                            <label>$LOCALIZE[1210]</label>
                            <texturefocus border="54,2,2,2">dialogs/mediasource/remove-fo.png</texturefocus>
                            <texturenofocus>dialogs/mediasource/remove-nf.png</texturenofocus>
                            <textcolor>FF585858</textcolor>
                            <focusedcolor>eewhite</focusedcolor>
                            <disabledcolor>FF585858</disabledcolor>
                            <shadowcolor>20FFFFFF</shadowcolor>
                            <align>left</align>
                            <font>Font-Condensed-S31</font>
                            <textoffsetx>60</textoffsetx>
                            <width>258</width>
                            <height>60</height>
                            <onup>13</onup>
                            <onleft>10</onleft>
                            <onright>10</onright>
                            <ondown>9001</ondown>
                            <animation effect="fade" start="100" end="50" time="0" condition="!Control.IsEnabled(14)" reversible="false">Conditional</animation>
                        </control>
                    </control>
                </control>
                <control type="group" id="9001">
                    <posx>466</posx>
                    <posy>645</posy>
                    <control type="button" id="18">
                        <description>Select</description>
                        <label>$LOCALIZE[42000]</label>
                        <texturefocus>buttons/select-fo.png</texturefocus>
                        <texturenofocus>buttons/select-nf.png</texturenofocus>
                        <include>DialogButtonDimensions</include>
                        <onleft>19</onleft>
                        <onright>19</onright>
                        <onup>9002</onup>
                        <ondown>9002</ondown>
                        <animation effect="fade" start="100" end="75" time="0" condition="!Control.IsEnabled(18)">Conditional</animation>
                    </control>
                    <control type="button" id="19">
                        <posx>200</posx>
                        <description>Cancel</description>
                        <label>$LOCALIZE[42001]</label>
                        <texturefocus>buttons/cancel-fo.png</texturefocus>
                        <texturenofocus>buttons/cancel-nf.png</texturenofocus>
                        <include>DialogButtonDimensions</include>
                        <onleft>18</onleft>
                        <onright>18</onright>
                        <onup>9002</onup>
                        <ondown>9002</ondown>
                        <animation effect="fade" start="100" end="75" time="0" condition="!Control.IsEnabled(19)">Conditional</animation>
                    </control>
                </control>
            </control>
        </control>
    </controls>
</window>