<?xml version="1.0" encoding="UTF-8"?>
<window>
    <defaultcontrol>3</defaultcontrol>
    <allowoverlay>no</allowoverlay>
    <backgroundcolor>0</backgroundcolor>
    <controls>

        <include>CommonSettingsItems</include>
        <include>SettingsHeader</include>

        <control type="group">
            <include>OptionsShutdownAnimation</include>
            <include>listEndAnimation</include>
            <animation type="WindowClose">
                <effect type="fade" start="100" end="0" time="300" tween="sine" easing="out" />
                <effect type="zoom" start="100" end="85" time="300" center="960,600" tween="sine" easing="out" />
            </animation>
            <animation type="Visible">
                <effect type="fade" start="0" end="100" time="300" delay="300" tween="sine" easing="out" />
                <effect type="zoom" start="85" end="100" time="300" delay="300" center="960,600" tween="sine" easing="out" />
            </animation>
            <animation type="Hidden">
                <effect type="fade" start="100" end="0" time="300" tween="sine" easing="out" />
                <effect type="zoom" start="100" end="85" time="300" center="960,600" tween="sine" easing="out" />
            </animation>
            <visible>!Window.IsActive(favourites)</visible>
            <control type="group">
                <animation type="WindowOpen">
                    <effect type="slide" start="200" end="0" tween="cubic" easing="out" time="650" />
                    <effect type="fade" start="0" end="100" tween="sine" easing="inout" time="300" />
                    <effect type="zoom" start="88" end="100" center="576,560" tween="cubic" easing="out" time="400" />
                </animation>
                <animation effect="slide" start="0" end="-430" time="500" tween="cubic" easing="inout" condition="Control.HasFocus(71)">Conditional</animation>
                <control type="label">
                    <description>Category</description>
                    <posx>483</posx>
                    <posy>240</posy>
                    <height>40</height>
                    <width>338</width>
                    <align>right</align>
                    <font>Font-Condensed-S25-B</font>
                    <label>$LOCALIZE[42130]</label>
                    <textcolor>aawhite</textcolor>
                </control>

                <!-- Panel -->
                <control type="image">
                    <posx>178</posx>
                    <posy>278</posy>
                    <height>613</height>
                    <width>342</width>
                    <texture border="4">views/list/panel/panel.png</texture>
                </control>

                <!-- Side Buttons -->
                <control type="grouplist" id="3">
                    <description>Button Area</description>
                    <posx>180</posx>
                    <posy>281</posy>
                    <width>338</width>
                    <height>609</height>
                    <itemgap>-1</itemgap>
                    <onleft>9010</onleft>
                    <onright>5</onright>
                    <onup>3</onup>
                    <ondown>3</ondown>
                    <scrolltime tween="cubic" easing="out">500</scrolltime>
                    <orientation>vertical</orientation>
                </control>
            </control>
            <control type="group">
                <posx>175</posx>
                <animation type="WindowOpen">
                    <effect type="slide" start="200" end="0" tween="cubic" easing="out" time="545" delay="75" />
                    <effect type="fade" start="0" end="100" tween="sine" easing="inout" time="300" delay="75" />
                    <effect type="zoom" start="76" end="100" center="1344,560" tween="cubic" easing="out" time="400" delay="75" />
                </animation>
                <animation effect="slide" start="0" end="-430" time="500" tween="cubic" easing="inout" condition="Control.HasFocus(71)">Conditional</animation>
                <control type="image">
                    <posx>392</posx>
                    <posy>251</posy>
                    <height>18</height>
                    <width>16</width>
                    <colordiffuse>aawhite</colordiffuse>
                    <texture>windows/settings/images/level-icon.png</texture>
                </control>

                <control type="label">
                    <description>Settings info</description>
                    <posx>415</posx>
                    <posy>240</posy>
                    <height>40</height>
                    <width>338</width>
                    <align>left</align>
                    <font>Font-Condensed-S25-B</font>
                    <label>$INFO[Control.GetLabel(20)]</label>
                    <textcolor>aawhite</textcolor>
                </control>

                <!-- Panel -->
                <control type="image">
                    <posx>353</posx>
                    <posy>278</posy>
                    <height>613</height>
                    <width>1214</width>
                    <texture border="4">views/list/panel/panel.png</texture>
                </control>
                <control type="image">
                    <description>Shadow</description>
                    <posx>-45</posx>
                    <posy>883</posy>
                    <width>1710</width>
                    <height>150</height>
                    <texture>windows/home/item-shadow.png</texture>
                </control>

                <control type="grouplist" id="5">
                    <description>Control Area</description>
                    <posx>355</posx>
                    <posy>281</posy>
                    <width>1210</width>
                    <height>609</height>
                    <itemgap>-1</itemgap>
                    <onleft>3</onleft>
                    <onright>71</onright>
                    <onup>5</onup>
                    <ondown>5</ondown>
                    <scrolltime tween="cubic" easing="out">500</scrolltime>
                    <orientation>vertical</orientation>
                </control>

                <control type="group">
                    <animation effect="slide" start="0" end="526" time="500" tween="cubic" easing="inout" condition="Control.HasFocus(71)">Conditional</animation>
                    <control type="image">
                        <posx>1520</posx>
                        <posy>252</posy>
                        <width>10</width>
                        <height>18</height>
                        <texture>windows/settings/images/rarrow.png</texture>
                        <colordiffuse>aawhite</colordiffuse>
                        <include>visiblehidefadeinfo</include>
                        <visible>!Control.HasFocus(71)</visible>
                    </control>
                    <control type="label">
                        <description>Description</description>
                        <posx>1510</posx>
                        <posy>240</posy>
                        <height>40</height>
                        <width>338</width>
                        <align>right</align>
                        <font>Font-Condensed-S25-B</font>
                        <label>$LOCALIZE[21821]</label>
                        <textcolor>aawhite</textcolor>
                    </control>
                </control>
            </control>
            <control type="group">
                <description>Setting description</description>
                <posx>1970</posx>
                <animation type="Visible">
                    <effect type="fade" start="50" end="100" time="500" delay="20" tween="cubic" easing="inout" />
                    <effect type="slide" start="0" end="-650" time="500" delay="20" tween="cubic" easing="inout" />
                </animation>
                <animation type="Hidden">
                    <effect type="slide" start="-650" end="0" time="500" tween="cubic" easing="inout" />
                </animation>
                <visible allowhiddenfocus="true">Control.HasFocus(71)</visible>
                <control type="image">
                    <posx>0</posx>
                    <posy>278</posy>
                    <height>613</height>
                    <width>498</width>
                    <texture border="4">views/list/panel/panel.png</texture>
                </control>
                <control type="textbox" id="6">
                    <description>Plot</description>
                    <posx>37</posx>
                    <posy>295</posy>
                    <width>428</width>
                    <height>573</height>
                    <align>left</align>
                    <textcolor>aawhite</textcolor>
                    <shadowcolor>33000000</shadowcolor>
                    <pagecontrol>71</pagecontrol>
                    <autoscroll delay="13000" time="3000" repeat="13000">!Control.HasFocus(71) + !Skin.HasSetting(AutoScroll.Disable)</autoscroll>
                    <font>Font-Condensed-S32</font>
                </control>
                <control type="scrollbar" id="71">
                    <posx>490</posx>
                    <posy>281</posy>
                    <width>6</width>
                    <height>608</height>
                    <texturesliderbackground>-</texturesliderbackground>
                    <texturesliderbar border="1">views/other/scrollbar-sq.png</texturesliderbar>
                    <texturesliderbarfocus border="1">views/other/scrollbar-sq.png</texturesliderbarfocus>
                    <textureslidernib>-</textureslidernib>
                    <textureslidernibfocus>-</textureslidernibfocus>
                    <onleft>5</onleft>
                    <onright condition="!Window.IsVisible(3009)">SetProperty(BounceRight,1,Home)</onright>
                    <showonepage>false</showonepage>
                    <orientation>vertical</orientation>
                    <animation effect="fade" start="45" end="0" time="300" tween="sine" easing="inout" condition="!Control.IsVisible(71)">Conditional</animation>
                    <visible allowhiddenfocus="true">Control.HasFocus(71)</visible>
                </control>
            </control>
        </control>

        <control type="label" id="2">
            <description>Fake Label</description>
            <posx>0</posx>
            <posy>0</posy>
            <width>0</width>
            <height>0</height>
            <font>-</font>
            <visible>false</visible>
        </control>
        <control type="button" id="7">
            <description>Default Button</description>
            <height>77</height>
            <align>left</align>
            <aligny>center</aligny>
            <texturefocus border="150,3,150,3">windows/settings/images/right-focus.png</texturefocus>
            <texturenofocus border="90,3,90,3">views/list/other/separator.png</texturenofocus>
            <textcolor>96FFFFFF</textcolor>
            <focusedcolor>eewhite</focusedcolor>
            <disabledcolor>40FFFFFF</disabledcolor>
            <font>Font-Condensed-S30-B</font>
            <textoffsetx>35</textoffsetx>
        </control>
        <control type="radiobutton" id="8">
            <description>Default Radio Button</description>
            <height>77</height>
            <radioposx>1087</radioposx>
            <align>left</align>
            <aligny>center</aligny>
            <texturefocus border="150,3,150,3">windows/settings/images/right-focus.png</texturefocus>
            <texturenofocus border="90,3,90,3">views/list/other/separator.png</texturenofocus>
            <textcolor>96FFFFFF</textcolor>
            <focusedcolor>eewhite</focusedcolor>
            <disabledcolor>40FFFFFF</disabledcolor>
            <font>Font-Condensed-S30-B</font>
            <textoffsetx>35</textoffsetx>
        </control>
        <control type="spincontrolex" id="9">
            <description>Default Spin Control</description>
            <height>77</height>
            <spinposx>33</spinposx>
            <align>left</align>
            <aligny>center</aligny>
            <texturefocus border="150,3,150,3">windows/settings/images/right-focus.png</texturefocus>
            <texturenofocus border="90,3,90,3">views/list/other/separator.png</texturenofocus>
            <textcolor>96FFFFFF</textcolor>
            <focusedcolor>eewhite</focusedcolor>
            <disabledcolor>40FFFFFF</disabledcolor>
            <font>Font-Condensed-S30-B</font>
            <textoffsetx>35</textoffsetx>
        </control>
        <control type="button" id="10">
            <description>Default Category Button</description>
            <include>SettingsCategoryButtonVars</include>
        </control>

        <include>Common-Info</include>

        <control type="group" id="9000">
            <posx>267</posx>
            <posy>517</posy>
            <include>OptionsAnimations</include>
            <animation effect="slide" start="0" end="-204" time="0" condition="Skin.HasSetting(HideShutdownButton)">Conditional</animation>
            <control type="group">
                <include>OptionsPanelAnimations</include>
                <control type="image">
                    <description>shadow image</description>
                    <posx>5</posx>
                    <posy>505</posy>
                    <height>60</height>
                    <width>442</width>
                    <texture>dialogs/shutdown/shadow.png</texture>
                    <aspectratio>stretch</aspectratio>
                </control>
                <control type="image">
                    <description>background image</description>
                    <posx>0</posx>
                    <posy>0</posy>
                    <height>540</height>
                    <width>442</width>
                    <texture>dialogs/shutdown/shutdown.png</texture>
                    <aspectratio>stretch</aspectratio>
                </control>
            </control>

            <control type="grouplist" id="9111">
                <posx>19</posx>
                <posy>47</posy>
                <width>404</width>
                <height>399</height>
                <itemgap>0</itemgap>
                <onleft>3</onleft>
                <onright>3</onright>
                <onup>9111</onup>
                <ondown>9111</ondown>
                <onback>3</onback>
                <include>GeneralOptionsAnimations</include>
                <control type="button" id="20">
                    <description>Setting level button</description>
                    <include>optionsbuttonsdimensions</include>
                    <label>$LOCALIZE[10037]</label>
                    <onclick>SettingsLevelChange</onclick>
                    <texturefocus border="70,2,2,2">dialogs/options/buttons/level-fo.png</texturefocus>
                    <texturenofocus border="70,2,2,2">dialogs/options/buttons/level-nf.png</texturenofocus>
                </control>
                <control type="button" id="21">
                    <description>Reset button</description>
                    <include>optionsbuttonsdimensions</include>
                    <label>$LOCALIZE[10035]</label>
                    <onclick>SettingsReset</onclick>
                    <texturefocus border="70,2,2,2">dialogs/options/buttons/reset-fo.png</texturefocus>
                    <texturenofocus border="70,2,2,2">dialogs/options/buttons/reset-nf.png</texturenofocus>
                </control>
            </control>

            <control type="group">
                <include>GeneralOptionsAnimations</include>
                <control type="image">
                    <posx>9</posx>
                    <posy>433</posy>
                    <width>100</width>
                    <height>100</height>
                    <texture>buttons/options_nofo.png</texture>
                </control>
                <control type="label">
                    <posx>94</posx>
                    <posy>433</posy>
                    <width>300</width>
                    <height>100</height>
                    <label>$LOCALIZE[41600]</label>
                    <font>Font-Condensed-S34-B</font>
                    <textcolor>eewhite</textcolor>
                    <shadowcolor>22000000</shadowcolor>
                </control>
            </control>
        </control>
    </controls>
</window>