<?xml version="1.0" encoding="UTF-8"?>
<window>
    <defaultcontrol always="true">22</defaultcontrol>
    <allowoverlay>no</allowoverlay>
    <controls>
        <control type="group">
            <include>KeyboardAnimations</include>
            <include>OptionsShutdownAnimation</include>
            <visible>!Window.IsVisible(virtualkeyboard) + !Window.IsVisible(smartplaylistrule) + !Window.IsVisible(selectdialog)</visible>
            <control type="image">
                <posx>920</posx>
                <posy>121</posy>
                <width>80</width>
                <height>60</height>
                <texture>dialogs/default/arrow.png</texture>
            </control>
            <control type="image">
                <posx>445</posx>
                <posy>141</posy>
                <width>1030</width>
                <height>796</height>
                <texture border="39">dialogs/default/bg.png</texture>
            </control>
            <control type="label" id="2">
                <description>Heading</description>
                <posx>473</posx>
                <posy>93</posy>
                <width>974</width>
                <font>Font-Condensed-S34</font>
                <label>$LOCALIZE[21432]</label>
                <textcolor>ddwhite</textcolor>
                <align>center</align>
            </control>
            <control type="group">
                <posx>479</posx>
                <posy>175</posy>
                <control type="image">
                	<posx>0</posx>
                	<posy>0</posy>
                	<width>962</width>
                	<height>61</height>
                	<texture border="5">dialogs/default/inner.png</texture>
                </control>
                <control type="spincontrolex" id="22">
                    <description>Set Playlist type</description>
                    <posx>0</posx>
                    <posy>0</posy>
                    <width>962</width>
                    <label>$LOCALIZE[467]</label>
                    <textureup>buttons/spinctrl/arrow-light-up-nf.png</textureup>
                    <texturedown>buttons/spinctrl/arrow-light-down-nf.png</texturedown>
                    <textureupfocus>buttons/spinctrl/arrow-light-up-fo.png</textureupfocus>
                    <texturedownfocus>buttons/spinctrl/arrow-light-down-fo.png</texturedownfocus>
                    <texturefocus border="2">dialogs/default/highlight.png</texturefocus>
                    <textcolor>FF585858</textcolor>
                    <focusedcolor>eewhite</focusedcolor>
                    <disabledcolor>77585858</disabledcolor>
                    <shadowcolor>20FFFFFF</shadowcolor>
                    <textoffsetx>20</textoffsetx>
                    <spinposx>16</spinposx>
                    <onup>8000</onup>
                    <ondown>12</ondown>
                    <onleft>22</onleft>
                    <onright>22</onright>
                </control>
                <control type="group">
                    <posy>74</posy>
                    <control type="label">
                        <description>Name label</description>
                        <posx>0</posx>
                        <posy>0</posy>
                        <width>922</width>
                        <height>34</height>
                        <align>left</align>
                        <textoffsetx>20</textoffsetx>
                        <label>$LOCALIZE[21433]</label>
                        <textcolor>FF585858</textcolor>
                        <shadowcolor>20FFFFFF</shadowcolor>
                        <font>Font-Condensed-S30</font>
                    </control>
                    <control type="image">
                    	<posx>0</posx>
                    	<posy>40</posy>
                    	<width>962</width>
                    	<height>61</height>
                    	<texture border="5">dialogs/default/inner.png</texture>
                    </control>
                    <control type="edit" id="12">
                        <description>Name Button</description>
                        <posx>0</posx>
                        <posy>40</posy>
                        <width>910</width>
                        <height>60</height>
                        <align>left</align>
                        <aligny>center</aligny>
                        <textoffsetx>20</textoffsetx>
                        <textcolor>FF585858</textcolor>
                        <focusedcolor>eewhite</focusedcolor>
                        <disabledcolor>FF585858</disabledcolor>
                        <shadowcolor>20FFFFFF</shadowcolor>
                        <font>Font-Condensed-S32</font>
                        <pulseonselect>false</pulseonselect>
                        <texturefocus border="2">dialogs/default/highlight.png</texturefocus>
                        <onup>22</onup>
                        <onleft>12</onleft>
                        <onright>12</onright>
                        <ondown>8001</ondown>
                        <animation effect="fade" start="100" end="50" time="0" condition="!Control.IsEnabled(12)" reversible="false">Conditional</animation>
                    </control>
                    <control type="image">
                        <posx>888</posx>
                        <posy>40</posy>
                        <width>74</width>
                        <height>60</height>
                        <texture>dialogs/mediasource/keyboard-nf.png</texture>
                        <visible>!Control.HasFocus(12)</visible>
                    </control>
                    <control type="image">
                        <posx>888</posx>
                        <posy>40</posy>
                        <width>74</width>
                        <height>60</height>
                        <texture>dialogs/mediasource/keyboard-fo.png</texture>
                        <visible>Control.HasFocus(12)</visible>
                    </control>
                </control>
                <control type="group" id="8001">
                    <control type="label">
                        <description>Rules label</description>
                        <posx>0</posx>
                        <posy>190</posy>
                        <width>922</width>
                        <height>34</height>
                        <align>left</align>
                        <textoffsetx>20</textoffsetx>
                        <label>$LOCALIZE[21434]</label>
                        <textcolor>FF585858</textcolor>
                        <shadowcolor>20FFFFFF</shadowcolor>
                        <font>Font-Condensed-S30</font>
                    </control>
                    <control type="image">
                    	<posx>0</posx>
                    	<posy>230</posy>
                    	<width>691</width>
                    	<height>181</height>
                    	<texture border="5">dialogs/default/inner.png</texture>
                    </control>
                    <control type="list" id="10">
                        <posx>0</posx>
                        <posy>230</posy>
                        <width>691</width>
                        <height>180</height>
                        <onup>12</onup>
                        <onleft>8002</onleft>
                        <onright>60</onright>
                        <ondown>16</ondown>
                        <pagecontrol>60</pagecontrol>
                        <scrolltime>0</scrolltime>
                        <itemlayout height="60">
                            <control type="image">
                                <posx>0</posx>
                                <posy>1</posy>
                                <width>690</width>
                                <height>60</height>
                                <texture>dialogs/default/separator.png</texture>
                            </control>
                            <control type="label">
                                <posx>20</posx>
                                <width>596</width>
                                <height>60</height>
                                <info>ListItem.Label</info>
                                <textcolor>FF585858</textcolor>
                                <selectedcolor>FF585858</selectedcolor>
                                <scroll>false</scroll>
                            </control>
                            <control type="image">
                                <posx>616</posx>
                                <width>74</width>
                                <height>60</height>
                                <texture>dialogs/mediasource/rules-nf.png</texture>
                            </control>
                        </itemlayout>
                        <focusedlayout height="60">
                            <control type="group">
                                <visible>!Control.HasFocus(10)</visible>
                                <control type="image">
                                    <posx>0</posx>
                                    <posy>1</posy>
                                    <width>690</width>
                                    <height>60</height>
                                    <texture>dialogs/default/separator.png</texture>
                                </control>
                                <control type="label">
                                    <posx>20</posx>
                                    <width>596</width>
                                    <height>60</height>
                                    <info>ListItem.Label</info>
                                    <textcolor>FF585858</textcolor>
                                    <selectedcolor>FF585858</selectedcolor>
                                    <scroll>false</scroll>
                                </control>
                                <control type="image">
                                    <posx>616</posx>
                                    <width>74</width>
                                    <height>60</height>
                                    <texture>dialogs/mediasource/rules-nf.png</texture>
                                    <visible>!ListItem.IsSelected</visible>
                                </control>
                            </control>
                            <control type="group">
                                <visible>Control.HasFocus(10)</visible>
                                <control type="image">
                                    <width>691</width>
                                    <height>60</height>
                                    <texture border="2">dialogs/default/highlight.png</texture>
                                </control>
                                <control type="label">
                                    <posx>20</posx>
                                    <width>596</width>
                                    <height>60</height>
                                    <info>ListItem.Label</info>
                                    <textcolor>eewhite</textcolor>
                                    <selectedcolor>eewhite</selectedcolor>
                                    <scroll>false</scroll>
                                </control>
                                <control type="image">
                                    <posx>616</posx>
                                    <width>74</width>
                                    <height>60</height>
                                    <texture>dialogs/mediasource/rules-fo.png</texture>
                                    <visible>!ListItem.IsSelected</visible>
                                </control>
                            </control>
                            <control type="image">
                                <posx>623</posx>
                                <width>60</width>
                                <height>60</height>
                                <texture>dialogs/select/selected.png</texture>
                                <visible>ListItem.IsSelected</visible>
                            </control>
                        </focusedlayout>
                    </control>

                    <control type="image" id="61">
                        <animation effect="fade" start="0" end="100" time="0">Visible</animation>
                        <animation effect="fade" start="100" end="0" time="0">Hidden</animation>
                        <visible>Control.HasFocus(60)</visible>
                    </control>
                    <control type="image" id="61">
                        <animation effect="fade" start="0" end="100" time="0">Visible</animation>
                        <animation effect="fade" start="100" end="0" time="0" delay="1000">Hidden</animation>
                        <visible>!Control.HasFocus(60) + [Container(10).Scrolling | Container(10).OnScrollNext | Container(10).OnScrollPrevious]</visible>
                    </control>
                    <control type="scrollbar" id="60">
                        <posx>1155</posx>
                        <posy>416</posy>
                        <width>11</width>
                        <height>174</height>
                        <texturesliderbackground>-</texturesliderbackground>
                        <texturesliderbar border="0,6,0,6">dialogs/default/scrollbar.png</texturesliderbar>
                        <texturesliderbarfocus border="0,6,0,6">dialogs/default/scrollbar.png</texturesliderbarfocus>
                        <textureslidernib>-</textureslidernib>
                        <textureslidernibfocus>-</textureslidernibfocus>
                        <onleft>10</onleft>
                        <onright>8002</onright>
                        <showonepage>false</showonepage>
                        <orientation>vertical</orientation>
                        <animation effect="fade" start="75" end="0" time="300" tween="sine" easing="inout" condition="!Control.IsVisible(61)">Conditional</animation>
                    </control>

                    <control type="group" id="8002">
                        <posx>704</posx>
                        <control type="image">
                        	<posx>0</posx>
                        	<posy>230</posy>
                        	<width>258</width>
                        	<height>181</height>
                        	<texture border="5">dialogs/default/inner.png</texture>
                        </control>
                        <control type="button" id="13">
                            <description>Add Rule Button</description>
                            <posy>230</posy>
                            <label>$LOCALIZE[15019]</label>
                            <texturefocus border="54,2,2,2">dialogs/mediasource/add-fo.png</texturefocus>
                            <texturenofocus>dialogs/mediasource/add-nf.png</texturenofocus>
                            <textcolor>FF585858</textcolor>
                            <focusedcolor>eewhite</focusedcolor>
                            <disabledcolor>FF585858</disabledcolor>
                            <shadowcolor>20FFFFFF</shadowcolor>
                            <align>left</align>
                            <font>Font-Condensed-S32</font>
                            <textoffsetx>60</textoffsetx>
                            <width>258</width>
                            <height>60</height>
                            <onup>12</onup>
                            <onleft>10</onleft>
                            <onright>10</onright>
                            <ondown>14</ondown>
                            <animation effect="fade" start="100" end="50" time="0" condition="!Control.IsEnabled(13)" reversible="false">Conditional</animation>
                        </control>
                        <control type="button" id="14">
                            <description>Remove Rule Button</description>
                            <posy>290</posy>
                            <label>$LOCALIZE[1210]</label>
                            <texturefocus border="54,2,2,2">dialogs/mediasource/remove-fo.png</texturefocus>
                            <texturenofocus>dialogs/mediasource/remove-nf.png</texturenofocus>
                            <textcolor>FF585858</textcolor>
                            <focusedcolor>eewhite</focusedcolor>
                            <disabledcolor>FF585858</disabledcolor>
                            <shadowcolor>20FFFFFF</shadowcolor>
                            <align>left</align>
                            <font>Font-Condensed-S32</font>
                            <textoffsetx>60</textoffsetx>
                            <width>257</width>
                            <height>60</height>
                            <onup>13</onup>
                            <onleft>10</onleft>
                            <onright>10</onright>
                            <ondown>15</ondown>
                            <animation effect="fade" start="100" end="50" time="0" condition="!Control.IsEnabled(14)" reversible="false">Conditional</animation>
                        </control>
                        <control type="button" id="15">
                            <description>Edit Rule Button</description>
                            <posy>350</posy>
                            <label>$LOCALIZE[21435]</label>
                            <texturefocus border="54,2,2,2">dialogs/mediasource/edit-fo.png</texturefocus>
                            <texturenofocus>dialogs/mediasource/edit-nf.png</texturenofocus>
                            <textcolor>FF585858</textcolor>
                            <focusedcolor>eewhite</focusedcolor>
                            <disabledcolor>FF585858</disabledcolor>
                            <shadowcolor>20FFFFFF</shadowcolor>
                            <align>left</align>
                            <font>Font-Condensed-S32</font>
                            <textoffsetx>60</textoffsetx>
                            <width>257</width>
                            <height>60</height>
                            <onup>14</onup>
                            <onleft>10</onleft>
                            <onright>10</onright>
                            <ondown>16</ondown>
                            <animation effect="fade" start="100" end="50" time="0" condition="!Control.IsEnabled(15)" reversible="false">Conditional</animation>
                        </control>
                    </control>
                </control>
                <control type="group">
                    <posy>424</posy>
                    <control type="label">
                        <description>Name label</description>
                        <posx>0</posx>
                        <posy>0</posy>
                        <width>922</width>
                        <height>34</height>
                        <align>left</align>
                        <textoffsetx>20</textoffsetx>
                        <label>$LOCALIZE[41716]</label>
                        <textcolor>FF585858</textcolor>
                        <shadowcolor>20FFFFFF</shadowcolor>
                        <font>Font-Condensed-S30</font>
                    </control>
                    <control type="image">
                    	<posx>0</posx>
                    	<posy>40</posy>
                    	<width>962</width>
                    	<height>121</height>
                    	<texture border="5">dialogs/default/inner.png</texture>
                    </control>
                    <control type="image">
                        <posx>0</posx>
                        <posy>41</posy>
                        <width>962</width>
                        <height>60</height>
                        <texture border="5">dialogs/default/separator.png</texture>
                    </control>
                    <control type="spincontrolex" id="16">
                        <posx>0</posx>
                        <posy>40</posy>
                        <width>962</width>
                        <label>$LOCALIZE[21424]</label>
                        <textureup>buttons/spinctrl/arrow-light-up-nf.png</textureup>
                        <texturedown>buttons/spinctrl/arrow-light-down-nf.png</texturedown>
                        <textureupfocus>buttons/spinctrl/arrow-light-up-fo.png</textureupfocus>
                        <texturedownfocus>buttons/spinctrl/arrow-light-down-fo.png</texturedownfocus>
                        <texturefocus border="2">dialogs/default/highlight.png</texturefocus>
                        <textcolor>FF585858</textcolor>
                        <focusedcolor>eewhite</focusedcolor>
                        <disabledcolor>FF585858</disabledcolor>
                        <shadowcolor>20FFFFFF</shadowcolor>
                        <textoffsetx>20</textoffsetx>
                        <spinposx>16</spinposx>
                        <onup>8001</onup>
                        <ondown>17</ondown>
                        <onleft>16</onleft>
                        <onright>16</onright>
                        <animation effect="fade" start="100" end="50" time="0" condition="!Control.IsEnabled(16)" reversible="false">Conditional</animation>
                    </control>
                    <control type="spincontrolex" id="17">
                        <posx>0</posx>
                        <posy>100</posy>
                        <width>962</width>
                        <label>$LOCALIZE[21427]</label>
                        <textureup>buttons/spinctrl/arrow-light-up-nf.png</textureup>
                        <texturedown>buttons/spinctrl/arrow-light-down-nf.png</texturedown>
                        <textureupfocus>buttons/spinctrl/arrow-light-up-fo.png</textureupfocus>
                        <texturedownfocus>buttons/spinctrl/arrow-light-down-fo.png</texturedownfocus>
                        <texturefocus border="2">dialogs/default/highlight.png</texturefocus>
                        <textcolor>FF585858</textcolor>
                        <focusedcolor>eewhite</focusedcolor>
                        <disabledcolor>FF585858</disabledcolor>
                        <shadowcolor>20FFFFFF</shadowcolor>
                        <textoffsetx>20</textoffsetx>
                        <spinposx>16</spinposx>
                        <onup>16</onup>
                        <ondown>8003</ondown>
                        <onleft>17</onleft>
                        <onright>17</onright>
                        <animation effect="fade" start="100" end="50" time="0" condition="!Control.IsEnabled(17)" reversible="false">Conditional</animation>
                    </control>
                    <control type="group" id="8003">
                        <posy>174</posy>
                        <control type="image">
                        	<posx>0</posx>
                        	<posy>0</posy>
                        	<width>690</width>
                        	<height>61</height>
                        	<texture border="5">dialogs/default/inner.png</texture>
                        </control>
                        <control type="spincontrolex" id="18">
                            <posx>0</posx>
                            <posy>0</posy>
                            <width>690</width>
                            <label>$LOCALIZE[21429]</label>
                            <textureup>buttons/spinctrl/arrow-light-up-nf.png</textureup>
                            <texturedown>buttons/spinctrl/arrow-light-down-nf.png</texturedown>
                            <textureupfocus>buttons/spinctrl/arrow-light-up-fo.png</textureupfocus>
                            <texturedownfocus>buttons/spinctrl/arrow-light-down-fo.png</texturedownfocus>
                            <texturefocus border="2">dialogs/default/highlight.png</texturefocus>
                            <textcolor>FF585858</textcolor>
                            <focusedcolor>eewhite</focusedcolor>
                            <disabledcolor>FF585858</disabledcolor>
                            <shadowcolor>20FFFFFF</shadowcolor>
                            <textoffsetx>20</textoffsetx>
                            <spinposx>16</spinposx>
                            <onup>17</onup>
                            <ondown>23</ondown>
                            <onleft>19</onleft>
                            <onright>19</onright>
                            <animation effect="fade" start="100" end="50" time="0" condition="!Control.IsEnabled(18)" reversible="false">Conditional</animation>
                        </control>
                        <control type="image">
                        	<posx>704</posx>
                        	<posy>0</posy>
                        	<width>258</width>
                        	<height>61</height>
                        	<texture border="5">dialogs/default/inner.png</texture>
                        </control>
                        <control type="togglebutton" id="19">
                            <posx>705</posx>
                            <posy>0</posy>
                            <width>258</width>
                            <height>60</height>
                            <texturefocus border="54,2,2,2">dialogs/mediasource/desc-fo.png</texturefocus>
                            <texturenofocus>dialogs/mediasource/desc-nf.png</texturenofocus>
                            <alttexturefocus border="54,2,2,2">dialogs/mediasource/asc-fo.png</alttexturefocus>
                            <alttexturenofocus>dialogs/mediasource/asc-nf.png</alttexturenofocus>
                            <textcolor>FF585858</textcolor>
                            <focusedcolor>eewhite</focusedcolor>
                            <disabledcolor>FF585858</disabledcolor>
                            <shadowcolor>20FFFFFF</shadowcolor>
                            <align>left</align>
                            <font>Font-Condensed-S32</font>
                            <textoffsetx>60</textoffsetx>
                            <label>$LOCALIZE[21431]</label>
                            <altlabel>$LOCALIZE[21430]</altlabel>
                            <onright>18</onright>
                            <onleft>18</onleft>
                            <onup>17</onup>
                            <ondown>24</ondown>
                            <animation effect="fade" start="100" end="50" time="0" condition="!Control.IsEnabled(19)" reversible="false">Conditional</animation>
                        </control>
                    </control>


                    <control type="group" id="8004">
                        <posy>248</posy>
                        <control type="image">
                            <posx>0</posx>
                            <posy>0</posy>
                            <width>690</width>
                            <height>61</height>
                            <texture border="5">dialogs/default/inner.png</texture>
                        </control>
                        <control type="spincontrolex" id="23">
                            <posx>0</posx>
                            <posy>0</posy>
                            <width>690</width>
                            <label>$LOCALIZE[21458]</label>
                            <textureup>buttons/spinctrl/arrow-light-up-nf.png</textureup>
                            <texturedown>buttons/spinctrl/arrow-light-down-nf.png</texturedown>
                            <textureupfocus>buttons/spinctrl/arrow-light-up-fo.png</textureupfocus>
                            <texturedownfocus>buttons/spinctrl/arrow-light-down-fo.png</texturedownfocus>
                            <texturefocus border="2">dialogs/default/highlight.png</texturefocus>
                            <textcolor>FF585858</textcolor>
                            <focusedcolor>eewhite</focusedcolor>
                            <disabledcolor>FF585858</disabledcolor>
                            <shadowcolor>20FFFFFF</shadowcolor>
                            <textoffsetx>20</textoffsetx>
                            <spinposx>16</spinposx>
                            <onup>18</onup>
                            <ondown>8000</ondown>
                            <onleft>24</onleft>
                            <onright>24</onright>
                            <animation effect="fade" start="100" end="50" time="0" condition="!Control.IsEnabled(23)" reversible="false">Conditional</animation>
                        </control>
                        <control type="image">
                            <posx>704</posx>
                            <posy>0</posy>
                            <width>258</width>
                            <height>61</height>
                            <texture border="5">dialogs/default/inner.png</texture>
                        </control>
                        <control type="radiobutton" id="24">
                            <posx>705</posx>
                            <posy>0</posy>
                            <width>258</width>
                            <height>60</height>
                            <texturefocus border="2">dialogs/options/buttons/default-fo.png</texturefocus>
                            <textureradioon>buttons/radio/options-radio-button-fo.png</textureradioon>
                            <textureradiooff>buttons/radio/options-radio-button-nf.png</textureradiooff>
                            <radioposx>-29</radioposx>
                            <textcolor>FF585858</textcolor>
                            <focusedcolor>eewhite</focusedcolor>
                            <disabledcolor>FF585858</disabledcolor>
                            <shadowcolor>20FFFFFF</shadowcolor>
                            <align>left</align>
                            <font>Font-Condensed-S32</font>
                            <textoffsetx>60</textoffsetx>
                            <label>$LOCALIZE[21459]</label>
                            <onright>23</onright>
                            <onleft>23</onleft>
                            <onup>19</onup>
                            <ondown>8000</ondown>
                            <animation effect="fade" start="100" end="50" time="0" condition="!Control.IsEnabled(24)" reversible="false">Conditional</animation>
                        </control>
                    </control>
                </control>
            </control>
            <control type="group" id="8000">
                <posx>466</posx>
                <posy>901</posy>
                <control type="button" id="20">
                    <description>Select</description>
                    <label>$LOCALIZE[42000]</label>
                    <texturefocus>buttons/select-fo.png</texturefocus>
                    <texturenofocus>buttons/select-nf.png</texturenofocus>
                    <include>DialogButtonDimensions</include>
                    <onleft>21</onleft>
                    <onright>21</onright>
                    <onup>8003</onup>
                    <ondown>22</ondown>
                    <animation effect="fade" start="100" end="75" time="0" condition="!Control.IsEnabled(20)">Conditional</animation>
                </control>
                <control type="button" id="21">
                    <posx>200</posx>
                    <description>Cancel</description>
                    <label>$LOCALIZE[42001]</label>
                    <texturefocus>buttons/cancel-fo.png</texturefocus>
                    <texturenofocus>buttons/cancel-nf.png</texturenofocus>
                    <include>DialogButtonDimensions</include>
                    <onleft>20</onleft>
                    <onright>20</onright>
                    <onup>8003</onup>
                    <ondown>22</ondown>
                    <animation effect="fade" start="100" end="75" time="0" condition="!Control.IsEnabled(21)">Conditional</animation>
                </control>
            </control>
        </control>
    </controls>
</window>