<?xml version="1.0" encoding="UTF-8"?>
<window>
    <defaultcontrol always="true">5</defaultcontrol>
    <allowoverlay>no</allowoverlay>
    <controls>
        <control type="group">
            <posx>0</posx>
            <posy>0</posy>
            <include>NowPlayingFullscreen</include>
            <visible>!Window.IsVisible(sliderdialog) + !Window.IsVisible(filebrowser)</visible>
            <control type="image">
                <include>FullscreenDimensions</include>
                <texture>osd/fullscreen/osdsettings.png</texture>
                <aspectratio>stretch</aspectratio>
            </control>
            <control type="image">
                <include>FullscreenDimensions</include>
                <texture>osd/fullscreen/osdsettings-separators.png</texture>
                <aspectratio>stretch</aspectratio>
            </control>
            <control type="label" id="2">
                <description>Settings</description>
                <posx>510</posx>
                <posy>245</posy>
                <width>900</width>
                <height>34</height>
                <align>center</align>
                <label>-</label>
                <font>Font-Condensed-S34-B</font>
                <textcolor>bbwhite</textcolor>
                <shadowcolor>66000000</shadowcolor>
            </control>
            <control type="group">
                <control type="grouplist" id="5">
                    <description>Control Area</description>
                    <posx>420</posx>
                    <posy>294</posy>
                    <width>1080</width>
                    <height>533</height>
                    <itemgap>-1</itemgap>
                    <orientation>vertical</orientation>
                    <pagecontrol>60</pagecontrol>
                    <onleft>60</onleft>
                    <onright>60</onright>
                    <onup>5</onup>
                    <ondown>5</ondown>
                    <scrolltime>0</scrolltime>
                </control>
                <control type="scrollbar" id="60">
                    <description>Scrollbar</description>
                    <posx>1476</posx>
                    <posy>304</posy>
                    <width>11</width>
                    <height>514</height>
                    <onleft>5</onleft>
                    <onright>5</onright>
                    <texturesliderbar border="0,6,0,6">views/other/scrollbar.png</texturesliderbar>
                    <texturesliderbarfocus border="0,6,0,6">views/other/scrollbar.png</texturesliderbarfocus>
                    <orientation>vertical</orientation>
                    <showonepage>false</showonepage>
                    <animation effect="fade" start="50" end="30" time="300" tween="sine" easing="inout" condition="!Control.HasFocus(60)">Conditional</animation>
                </control>
                <control type="button" id="7">
                    <description>Default Button</description>
                    <height>77</height>
                    <align>left</align>
                    <aligny>center</aligny>
                    <texturefocus border="150,1,150,1">windows/settings/images/right-focus.png</texturefocus>
                    <texturenofocus>-</texturenofocus>
                    <textcolor>96FFFFFF</textcolor>
                    <focusedcolor>white</focusedcolor>
                    <disabledcolor>40FFFFFF</disabledcolor>
                    <font>Font-Condensed-S30-B</font>
                    <textoffsetx>35</textoffsetx>
                </control>
                <control type="radiobutton" id="8">
                    <description>Default Radio Button</description>
                    <height>77</height>
                    <radioposx>957</radioposx>
                    <align>left</align>
                    <aligny>center</aligny>
                    <texturefocus border="150,1,150,1">windows/settings/images/right-focus.png</texturefocus>
                    <texturenofocus>-</texturenofocus>
                    <textcolor>96FFFFFF</textcolor>
                    <focusedcolor>white</focusedcolor>
                    <disabledcolor>40FFFFFF</disabledcolor>
                    <font>Font-Condensed-S30-B</font>
                    <textoffsetx>35</textoffsetx>
                </control>
                <control type="spincontrolex" id="9">
                    <description>Default Spin Control</description>
                    <height>77</height>
                    <spinposx>33</spinposx>
                    <align>left</align>
                    <aligny>center</aligny>
                    <texturefocus border="150,1,150,1">windows/settings/images/right-focus.png</texturefocus>
                    <texturenofocus>-</texturenofocus>
                    <textcolor>96FFFFFF</textcolor>
                    <focusedcolor>white</focusedcolor>
                    <disabledcolor>40FFFFFF</disabledcolor>
                    <font>Font-Condensed-S30-B</font>
                    <textoffsetx>35</textoffsetx>
                </control>
                <control type="sliderex" id="10">
                    <description>Slider</description>
                    <height>77</height>
                    <align>left</align>
                    <aligny>center</aligny>
                    <texturefocus border="150,1,150,1">windows/settings/images/right-focus.png</texturefocus>
                    <texturenofocus>-</texturenofocus>
                    <textcolor>96FFFFFF</textcolor>
                    <focusedcolor>white</focusedcolor>
                    <disabledcolor>40FFFFFF</disabledcolor>
                    <font>Font-Condensed-S30-B</font>
                    <textoffsetx>35</textoffsetx>
                    <sliderwidth>300</sliderwidth>
                    <sliderheight>35</sliderheight>
                    <texturesliderbar border="22,1,22,1">buttons/OSD/slider_back.png</texturesliderbar>
                    <textureslidernib>buttons/OSD/orb_nofo.png</textureslidernib>
                    <textureslidernibfocus>buttons/OSD/orb_fo.png</textureslidernibfocus>
                </control>
            </control>
        </control>
    </controls>
</window>