<?xml version="1.0" encoding="UTF-8"?>
<window id="1117">
    <defaultcontrol always="true">50</defaultcontrol>
    <include>OpenClose</include>
    <controls>
        <control type="label" description="Heading">
            <posx>60r</posx>
            <posy>40</posy>
            <width>720</width>
            <height>55</height>
            <font>size42B</font>
            <align>right</align>
            <textcolor>White</textcolor>
            <label>31052</label>
        </control>
        <control type="group">
            <control type="image" description="Line bottom">
                <posy>490</posy>
                <width>1920</width>
                <height>1</height>
                <texture>images/Line1.png</texture>
            </control>
            <control type="group">
                <control type="panel" id="50">
                    <width>1800</width>
                    <height>600</height>
                    <posy>518</posy>
                    <posx>60</posx>
                    <onleft>50</onleft>
                    <onright>50</onright>
                    <onup>520</onup>
                    <ondown>noop</ondown>
                    <scrolltime tween="sine" easing="inout">280</scrolltime>
                    <itemlayout height="230" width="300">
                        <control type="image" description="THMBSBASE">
                            <posx>20</posx>
                            <posy>48</posy>
                            <width>260</width>
                            <height>168</height>
                            <colordiffuse>FF666666</colordiffuse>
                            <texture>icons/base.png</texture>
                        </control>
                        <control type="Image" description="THUMB">
                            <visible>!IsEmpty(Listitem.thumb)</visible>
                            <posx>20</posx>
                            <posy>48</posy>
                            <height>168</height>
                            <width>260</width>
                            <texture diffuse="images/diffusehome.png">$INFO[ListItem.thumb]</texture>
                            <aspectratio>stretch</aspectratio>
                        </control>
                        <control type="Image" description="THUMB">
                            <visible>IsEmpty(Listitem.thumb)</visible>
                            <posx>20</posx>
                            <posy>48</posy>
                            <height>168</height>
                            <width>260</width>
                            <texture diffuse="images/diffusehome.png">$INFO[ListItem.label2]</texture>
                            <aspectratio>stretch</aspectratio>
                        </control>
                        <control type="label" description="Main Label">
                            <centerleft>150</centerleft>
                            <posy>220</posy>
                            <width>300</width>
                            <height>24</height>
                            <align>center</align>
                            <label>$INFO[ListItem.Label]</label>
                        </control>
                    </itemlayout>
                    <focusedlayout  height="230" width="370">
                        <control type="image" description="THMBSBASE">
                            <posx>20</posx>
                            <posy>48</posy>
                            <width>260</width>
                            <height>168</height>
                            <colordiffuse>FF666666</colordiffuse>
                            <texture>icons/base.png</texture>
                        </control>
                        <control type="Image" description="THUMB">
                            <visible>!IsEmpty(Listitem.thumb)</visible>
                            <posx>20</posx>
                            <posy>48</posy>
                            <height>168</height>
                            <width>260</width>
                            <texture diffuse="images/diffusehome.png">$INFO[ListItem.thumb]</texture>
                            <aspectratio>stretch</aspectratio>
                        </control>
                        <control type="Image" description="THUMB">
                            <visible>IsEmpty(Listitem.thumb)</visible>
                            <posx>20</posx>
                            <posy>48</posy>
                            <height>168</height>
                            <width>260</width>
                            <texture diffuse="images/diffusehome.png">$INFO[ListItem.label2]</texture>
                            <aspectratio>stretch</aspectratio>
                        </control>
                        <control type="image" description="Selection Overlay">
                            <posx>20</posx>
                            <posy>48</posy>
                            <height>168</height>
                            <width>260</width>
                            <texture>images/atvslider.png</texture>
                            <aspectratio>stretch</aspectratio>
                        </control>
                        <control type="label" description="Main Label">
                            <centerleft>150</centerleft>
                            <posy>220</posy>
                            <width>300</width>
                            <height>24</height>
                            <align>center</align>
                            <label>$INFO[ListItem.Label]</label>
                        </control>
                    </focusedlayout>
                    <content>
                        <item id="1013" description="VAddons">
                            <visible>!Skin.HasSetting(hidevaddons) + Skin.HasSetting(hidetv) + Skin.HasSetting(hidemovie)</visible>
                            <thumb>icons/vaddons.png</thumb>
                            <label>$LOCALIZE[157] $LOCALIZE[24001]</label>
                            <onclick>Skin.ToggleSetting(hidevaddons)</onclick>
                        </item>
                        <item id="1013" description="Movies">
                            <visible>Skin.HasSetting(hidevaddons) + Skin.HasSetting(hidetv) + Skin.HasSetting(hidemovie)</visible>
                            <thumb>help/Off.png</thumb>
                            <label>$LOCALIZE[157] $LOCALIZE[24001]</label>
                            <onclick>Skin.ToggleSetting(hidevaddons)</onclick>
                        </item>
                        <item id="1001" description="Movies">
                            <visible>!Skin.HasSetting(hidemovie)</visible>
                            <thumb>icons/movies.png</thumb>
                            <label>$LOCALIZE[20342]</label>
                            <onclick>Skin.ToggleSetting(hidemovie)</onclick>
                        </item>
                        <item id="1001" description="Movies">
                            <visible>Skin.HasSetting(hidemovie)</visible>
                            <thumb>help/Off.png</thumb>
                            <label>$LOCALIZE[20342]</label>
                            <onclick>Skin.ToggleSetting(hidemovie)</onclick>
                        </item>
                        <item id="1002" description="TV">
                            <visible>!Skin.HasSetting(hidetv)</visible>
                            <thumb>icons/tvshows.png</thumb>
                            <label>$LOCALIZE[20343]</label>
                            <onclick>Skin.ToggleSetting(hidetv)</onclick>
                        </item>
                        <item id="1002" description="TV">
                            <visible>Skin.HasSetting(hidetv)</visible>
                            <thumb>help/Off.png</thumb>
                            <label>$LOCALIZE[20343]</label>
                            <onclick>Skin.ToggleSetting(hidetv)</onclick>
                        </item>
                        <item id="1003" description="Music">
                            <visible>!Skin.HasSetting(hidemusic)</visible>
                            <thumb>icons/music.png</thumb>
                            <label>$LOCALIZE[2]</label>
                            <onclick>Skin.ToggleSetting(hidemusic)</onclick>
                        </item>
                        <item id="1003" description="Music">
                            <visible>Skin.HasSetting(hidemusic)</visible>
                            <thumb>help/Off.png</thumb>
                            <label>$LOCALIZE[2]</label>
                            <onclick>Skin.ToggleSetting(hidemusic)</onclick>
                        </item>
                        <item id="1005" description="Addons">
                            <visible>!Skin.HasSetting(hideaddon)</visible>
                            <thumb>icons/addons.png</thumb>
                            <label>$LOCALIZE[24001]</label>
                            <onclick>Skin.ToggleSetting(hideaddon)</onclick>
                        </item>
                        <item id="1005" description="Addons">
                            <visible>Skin.HasSetting(hideaddon)</visible>
                            <thumb>help/Off.png</thumb>
                            <label>$LOCALIZE[24001]</label>
                            <onclick>Skin.ToggleSetting(hideaddon)</onclick>
                        </item>
                        <item id="1004" description="Photos">
                            <visible>!Skin.HasSetting(hidepic)</visible>
                            <thumb>icons/photos.png</thumb>
                            <label>$LOCALIZE[1]</label>
                            <onclick>Skin.ToggleSetting(hidepic)</onclick>
                        </item>
                        <item id="1004" description="Photos">
                            <visible>Skin.HasSetting(hidepic)</visible>
                            <thumb>help/Off.png</thumb>
                            <label>$LOCALIZE[1]</label>
                            <onclick>Skin.ToggleSetting(hidepic)</onclick>
                        </item>
                        <item id="1006" description="Weather">
                            <visible>!Skin.HasSetting(hidewtr)</visible>
                            <thumb>icons/weather.png</thumb>
                            <label>$LOCALIZE[8]</label>
                            <onclick>Skin.ToggleSetting(hidewtr)</onclick>
                        </item>
                        <item id="1006" description="Weather">
                            <visible>Skin.HasSetting(hidewtr)</visible>
                            <thumb>help/Off.png</thumb>
                            <label>$LOCALIZE[8]</label>
                            <onclick>Skin.ToggleSetting(hidewtr)</onclick>
                        </item>
                        <item id="1010" description="Favourites">
                            <visible>!Skin.HasSetting(hidefav)</visible>
                            <thumb>icons/favs.png</thumb>
                            <label>$LOCALIZE[1036]</label>
                            <onclick>Skin.ToggleSetting(hidefav)</onclick>
                        </item>
                        <item id="1010" description="Favourites">
                            <visible>Skin.HasSetting(hidefav)</visible>
                            <thumb>help/Off.png</thumb>
                            <label>$LOCALIZE[1036]</label>
                            <onclick>Skin.ToggleSetting(hidefav)</onclick>
                        </item>
                        <!--item id="356">
                          <visible>!Skin.HasSetting(3dmovs)</visible>
                          <thumb>help/Off.png</thumb>
                          <label>3D $LOCALIZE[342]</label>
                          <onclick>Skin.ToggleSetting(3dmovs)</onclick>
                        </item>
                        <item id="356">
                          <visible>Skin.HasSetting(3dmovs)</visible>
                          <thumb>icons/3d.png</thumb>
                          <label>3D $LOCALIZE[342]</label>
                          <onclick>Skin.ToggleSetting(3dmovs)</onclick>
                        </item-->
                        <item id="1014">
                            <visible>System.GetBool(pvrmanager.enabled) + !Skin.HasSetting(PVRhide)</visible>
                            <thumb>icons/LiveTV.png</thumb>
                            <label>31059</label>
                            <onclick>Skin.ToggleSetting(PVRhide)</onclick>
                        </item>
                        <item id="1014">
                            <visible>System.GetBool(pvrmanager.enabled) + Skin.HasSetting(PVRhide)</visible>
                            <thumb>help/Off.png</thumb>
                            <label>31059</label>
                            <onclick>Skin.ToggleSetting(PVRhide)</onclick>
                        </item>
                        <item id="1014">
                            <visible>!System.GetBool(pvrmanager.enabled)</visible>
                            <thumb>help/Off.png</thumb>
                            <label>31059</label>
                            <onclick>ActivateWindow(pvrsettings)</onclick>
                        </item>
                        <item id="601" description="HomeFav">
                            <visible>!IsEmpty(Skin.String(HomeFav.1.Label))</visible>
                            <label>$INFO[Skin.String(HomeFav.1.Label)]</label>
                            <label2>+ $LOCALIZE[1036]</label2>
                            <thumb>$INFO[Skin.String(HomeFav.1.Icon)]</thumb>
                            <onclick>SetFocus(9000)</onclick>
                        </item>
                        <item id="601" description="HomeFav">
                            <visible>IsEmpty(Skin.String(HomeFav.1.Label))</visible>
                            <thumb>DefaultAddon.png</thumb>
                            <label>+ $LOCALIZE[1036]</label>
                            <onclick>RunScript(script.favourites,property=HomeFav.1)</onclick>
                        </item>
                        <item id="602" description="HomeFav">
                            <visible>!IsEmpty(Skin.String(HomeFav.2.Label))</visible>
                            <label>$INFO[Skin.String(HomeFav.2.Label)]</label>
                            <label2>+ $LOCALIZE[1036]</label2>
                            <thumb>$INFO[Skin.String(HomeFav.2.Icon)]</thumb>
                            <onclick>SetFocus(9000)</onclick>
                        </item>
                        <item id="602" description="HomeFav">
                            <visible>IsEmpty(Skin.String(HomeFav.2.Label))</visible>
                            <thumb>DefaultAddon.png</thumb>
                            <label>+ $LOCALIZE[1036]</label>
                            <onclick>RunScript(script.favourites,property=HomeFav.2)</onclick>
                        </item>
                        <item id="603" description="HomeFav">
                            <visible>!IsEmpty(Skin.String(HomeFav.3.Label))</visible>
                            <label>$INFO[Skin.String(HomeFav.3.Label)]</label>
                            <label2>+ $LOCALIZE[1036]</label2>
                            <thumb>$INFO[Skin.String(HomeFav.3.Icon)]</thumb>
                            <onclick>SetFocus(9000)</onclick>
                        </item>
                        <item id="603" description="HomeFav">
                            <visible>IsEmpty(Skin.String(HomeFav.3.Label))</visible>
                            <thumb>DefaultAddon.png</thumb>
                            <label>+ $LOCALIZE[1036]</label>
                            <onclick>RunScript(script.favourites,property=HomeFav.3)</onclick>
                        </item>
                        <item id="604" description="HomeFav">
                            <visible>!IsEmpty(Skin.String(HomeFav.4.Label))</visible>
                            <label>$INFO[Skin.String(HomeFav.4.Label)]</label>
                            <label2>+ $LOCALIZE[1036]</label2>
                            <thumb>$INFO[Skin.String(HomeFav.4.Icon)]</thumb>
                            <onclick>SetFocus(9000)</onclick>
                        </item>
                        <item id="604" description="HomeFav">
                            <visible>IsEmpty(Skin.String(HomeFav.4.Label))</visible>
                            <thumb>DefaultAddon.png</thumb>
                            <label>+ $LOCALIZE[1036]</label>
                            <onclick>RunScript(script.favourites,property=HomeFav.4)</onclick>
                        </item>
                        <item id="605" description="HomeFav">
                            <visible>!IsEmpty(Skin.String(HomeFav.5.Label))</visible>
                            <label>$INFO[Skin.String(HomeFav.5.Label)]</label>
                            <label2>+ $LOCALIZE[1036]</label2>
                            <thumb>$INFO[Skin.String(HomeFav.5.Icon)]</thumb>
                            <onclick>SetFocus(9000)</onclick>
                        </item>
                        <item id="605" description="HomeFav">
                            <visible>IsEmpty(Skin.String(HomeFav.5.Label))</visible>
                            <thumb>DefaultAddon.png</thumb>
                            <label>+ $LOCALIZE[1036]</label>
                            <onclick>RunScript(script.favourites,property=HomeFav.5)</onclick>
                        </item>
                        <item id="606" description="HomeFav">
                            <visible>!IsEmpty(Skin.String(HomeFav.6.Label))</visible>
                            <label>$INFO[Skin.String(HomeFav.6.Label)]</label>
                            <label2>+ $LOCALIZE[1036]</label2>
                            <thumb>$INFO[Skin.String(HomeFav.6.Icon)]</thumb>
                            <onclick>SetFocus(9000)</onclick>
                        </item>
                        <item id="606" description="HomeFav">
                            <visible>IsEmpty(Skin.String(HomeFav.6.Label))</visible>
                            <thumb>DefaultAddon.png</thumb>
                            <label>+ $LOCALIZE[1036]</label>
                            <onclick>RunScript(script.favourites,property=HomeFav.6)</onclick>
                        </item>
                        <item id="401" description="AddonCustom">
                            <visible>!IsEmpty(Skin.String(HomeAddon.1.Label))</visible>
                            <thumb>$INFO[Skin.String(HomeAddon.1.Icon)]</thumb>
                            <label2>$INFO[system.addonicon(Skin.String(HomeAddon.1.Label))]</label2>
                            <label>$INFO[system.addonTitle(Skin.String(HomeAddon.1.Label))]</label>
                            <onclick>SetFocus(9000)</onclick>
                        </item>
                        <item id="401" description="AddonCustom">
                            <visible>IsEmpty(Skin.String(HomeAddon.1.Label))</visible>
                            <thumb>DefaultAddon.png</thumb>
                            <label>+ $LOCALIZE[24000]</label>
                            <onclick>Skin.SetAddon(HomeAddon.1.Label,xbmc.python.pluginsource)</onclick>
                            <onclick>Skin.Reset(HomeAddon.1.Icon)</onclick>
                        </item>
                        <item id="402" description="AddonCustom">
                            <visible>!IsEmpty(Skin.String(HomeAddon.2.Label))</visible>
                            <thumb>$INFO[Skin.String(HomeAddon.2.Icon)]</thumb>
                            <label2>$INFO[system.addonicon(Skin.String(HomeAddon.2.Label))]</label2>
                            <label>$INFO[system.addonTitle(Skin.String(HomeAddon.2.Label))]</label>
                            <onclick>SetFocus(9000)</onclick>
                        </item>
                        <item id="402" description="AddonCustom">
                            <visible>IsEmpty(Skin.String(HomeAddon.2.Label))</visible>
                            <thumb>DefaultAddon.png</thumb>
                            <label>+ $LOCALIZE[24000]</label>
                            <onclick>Skin.SetAddon(HomeAddon.2.Label,xbmc.python.pluginsource)</onclick>
                            <onclick>Skin.Reset(HomeAddon.2.Icon)</onclick>
                        </item>
                        <item id="403" description="AddonCustom">
                            <visible>!IsEmpty(Skin.String(HomeAddon.3.Label))</visible>
                            <thumb>$INFO[Skin.String(HomeAddon.3.Icon)]</thumb>
                            <label2>$INFO[system.addonicon(Skin.String(HomeAddon.3.Label))]</label2>
                            <label>$INFO[system.addonTitle(Skin.String(HomeAddon.3.Label))]</label>
                            <onclick>SetFocus(9000)</onclick>
                        </item>
                        <item id="403" description="AddonCustom">
                            <visible>IsEmpty(Skin.String(HomeAddon.3.Label))</visible>
                            <thumb>DefaultAddon.png</thumb>
                            <label>+ $LOCALIZE[24000]</label>
                            <onclick>Skin.SetAddon(HomeAddon.3.Label,xbmc.python.pluginsource)</onclick>
                            <onclick>Skin.Reset(HomeAddon.3.Icon)</onclick>
                        </item>
                        <item id="404" description="AddonCustom">
                            <visible>!IsEmpty(Skin.String(HomeAddon.4.Label))</visible>
                            <thumb>$INFO[Skin.String(HomeAddon.4.Icon)]</thumb>
                            <label2>$INFO[system.addonicon(Skin.String(HomeAddon.4.Label))]</label2>
                            <label>$INFO[system.addonTitle(Skin.String(HomeAddon.4.Label))]</label>
                            <onclick>SetFocus(9000)</onclick>
                        </item>
                        <item id="404" description="AddonCustom">
                            <visible>IsEmpty(Skin.String(HomeAddon.4.Label))</visible>
                            <thumb>DefaultAddon.png</thumb>
                            <label>+ $LOCALIZE[24000]</label>
                            <onclick>Skin.SetAddon(HomeAddon.4.Label,xbmc.python.pluginsource)</onclick>
                            <onclick>Skin.Reset(HomeAddon.4.Icon)</onclick>
                        </item>
                        <item id="405" description="AddonCustom">
                            <visible>!IsEmpty(Skin.String(HomeAddon.5.Label))</visible>
                            <thumb>$INFO[Skin.String(HomeAddon.5.Icon)]</thumb>
                            <label2>$INFO[system.addonicon(Skin.String(HomeAddon.5.Label))]</label2>
                            <label>$INFO[system.addonTitle(Skin.String(HomeAddon.5.Label))]</label>
                            <onclick>SetFocus(9000)</onclick>
                        </item>
                        <item id="405" description="AddonCustom">
                            <visible>IsEmpty(Skin.String(HomeAddon.5.Label))</visible>
                            <thumb>DefaultAddon.png</thumb>
                            <label>+ $LOCALIZE[24000]</label>
                            <onclick>Skin.SetAddon(HomeAddon.5.Label,xbmc.python.pluginsource)</onclick>
                            <onclick>Skin.Reset(HomeAddon.5.Icon)</onclick>
                        </item>
                        <item id="406" description="AddonCustom">
                            <visible>!IsEmpty(Skin.String(HomeAddon.6.Label))</visible>
                            <thumb>$INFO[Skin.String(HomeAddon.6.Icon)]</thumb>
                            <label2>$INFO[system.addonicon(Skin.String(HomeAddon.6.Label))]</label2>
                            <label>$INFO[system.addonTitle(Skin.String(HomeAddon.6.Label))]</label>
                            <onclick>SetFocus(9000)</onclick>
                        </item>
                        <item id="406" description="AddonCustom">
                            <visible>IsEmpty(Skin.String(HomeAddon.6.Label))</visible>
                            <thumb>DefaultAddon.png</thumb>
                            <label>+ $LOCALIZE[24000]</label>
                            <onclick>Skin.SetAddon(HomeAddon.6.Label,xbmc.python.pluginsource)</onclick>
                            <onclick>Skin.Reset(HomeAddon.6.Icon)</onclick>
                        </item>
                        <item id="501" description="ScriptCustom">
                            <visible>!IsEmpty(Skin.String(HomeAddon.7.Label))</visible>
                            <thumb>$INFO[system.addonicon(Skin.String(HomeAddon.7.Label))]</thumb>
                            <label>$INFO[system.addonTitle(Skin.String(HomeAddon.7.Label))]</label>
                            <onclick>Skin.SetAddon(HomeAddon.7.Label,xbmc.python.script)</onclick>
                        </item>
                        <item id="501" description="ScriptCustom">
                            <visible>IsEmpty(Skin.String(HomeAddon.7.Label))</visible>
                            <thumb>DefaultAddon.png</thumb>
                            <label>+ $LOCALIZE[24009]</label>
                            <onclick>Skin.SetAddon(HomeAddon.7.Label,xbmc.python.script)</onclick>
                        </item>
                        <item id="502" description="ScriptCustom">
                            <visible>!IsEmpty(Skin.String(HomeAddon.8.Label))</visible>
                            <thumb>$INFO[system.addonicon(Skin.String(HomeAddon.8.Label))]</thumb>
                            <label>$INFO[system.addonTitle(Skin.String(HomeAddon.8.Label))]</label>
                            <onclick>Skin.SetAddon(HomeAddon.8.Label,xbmc.python.script)</onclick>
                        </item>
                        <item id="502" description="ScriptCustom">
                            <visible>IsEmpty(Skin.String(HomeAddon.8.Label))</visible>
                            <thumb>DefaultAddon.png</thumb>
                            <label>+ $LOCALIZE[24009]</label>
                            <onclick>Skin.SetAddon(HomeAddon.8.Label,xbmc.python.script)</onclick>
                        </item>
                        <item id="503" description="ScriptCustom">
                            <visible>!IsEmpty(Skin.String(HomeAddon.9.Label))</visible>
                            <thumb>$INFO[system.addonicon(Skin.String(HomeAddon.9.Label))]</thumb>
                            <label>$INFO[system.addonTitle(Skin.String(HomeAddon.9.Label))]</label>
                            <onclick>Skin.SetAddon(HomeAddon.9.Label,xbmc.python.script)</onclick>
                        </item>
                        <item id="503" description="ScriptCustom">
                            <visible>IsEmpty(Skin.String(HomeAddon.9.Label))</visible>
                            <thumb>DefaultAddon.png</thumb>
                            <label>+ $LOCALIZE[24009]</label>
                            <onclick>Skin.SetAddon(HomeAddon.9.Label,xbmc.python.script)</onclick>
                        </item>
                        <item id="504" description="ScriptCustom">
                            <visible>!IsEmpty(Skin.String(HomeAddon.10.Label))</visible>
                            <thumb>$INFO[system.addonicon(Skin.String(HomeAddon.10.Label))]</thumb>
                            <label>$INFO[system.addonTitle(Skin.String(HomeAddon.10.Label))]</label>
                            <onclick>Skin.SetAddon(HomeAddon.10.Label,xbmc.python.script)</onclick>
                        </item>
                        <item id="504" description="ScriptCustom">
                            <visible>IsEmpty(Skin.String(HomeAddon.10.Label))</visible>
                            <thumb>DefaultAddon.png</thumb>
                            <label>+ $LOCALIZE[24009]</label>
                            <onclick>Skin.SetAddon(HomeAddon.10.Label,xbmc.python.script)</onclick>
                        </item>
                        <item id="505" description="ScriptCustom">
                            <visible>!IsEmpty(Skin.String(HomeAddon.11.Label))</visible>
                            <thumb>$INFO[system.addonicon(Skin.String(HomeAddon.11.Label))]</thumb>
                            <label>$INFO[system.addonTitle(Skin.String(HomeAddon.11.Label))]</label>
                            <onclick>Skin.SetAddon(HomeAddon.11.Label,xbmc.python.script)</onclick>
                        </item>
                        <item id="505" description="ScriptCustom">
                            <visible>IsEmpty(Skin.String(HomeAddon.11.Label))</visible>
                            <thumb>DefaultAddon.png</thumb>
                            <label>+ $LOCALIZE[24009]</label>
                            <onclick>Skin.SetAddon(HomeAddon.11.Label,xbmc.python.script)</onclick>
                        </item>
                        <item id="506" description="ScriptCustom">
                            <visible>!IsEmpty(Skin.String(HomeAddon.12.Label))</visible>
                            <thumb>$INFO[system.addonicon(Skin.String(HomeAddon.12.Label))]</thumb>
                            <label>$INFO[system.addonTitle(Skin.String(HomeAddon.12.Label))]</label>
                            <onclick>Skin.SetAddon(HomeAddon.12.Label,xbmc.python.script)</onclick>
                        </item>
                        <item id="506" description="ScriptCustom">
                            <visible>IsEmpty(Skin.String(HomeAddon.12.Label))</visible>
                            <thumb>DefaultAddon.png</thumb>
                            <label>+ $LOCALIZE[24009]</label>
                            <onclick>Skin.SetAddon(HomeAddon.12.Label,xbmc.python.script)</onclick>
                        </item>
                        <item id="1007" description="Watchlist">
                            <visible>!Skin.HasSetting(hidewl)</visible>
                            <thumb>icons/watchlist.png</thumb>
                            <label>31028</label>
                            <onclick>Skin.ToggleSetting(hidewl)</onclick>
                        </item>
                        <item id="1007" description="Watchlist">
                            <visible>Skin.HasSetting(hidewl)</visible>
                            <thumb>help/Off.png</thumb>
                            <label>31028</label>
                            <onclick>Skin.ToggleSetting(hidewl)</onclick>
                        </item>
                        <item id="1008" description="Programs">
                            <visible>!Skin.HasSetting(hideprog)</visible>
                            <thumb>icons/program.png</thumb>
                            <label>$LOCALIZE[0]</label>
                            <onclick>Skin.ToggleSetting(hideprog)</onclick>
                        </item>
                        <item id="1008" description="Programs">
                            <visible>Skin.HasSetting(hideprog)</visible>
                            <thumb>help/Off.png</thumb>
                            <label>$LOCALIZE[0]</label>
                            <onclick>Skin.ToggleSetting(hideprog)</onclick>
                        </item>
                        <item id="1011" description="Sources">
                            <visible>!Skin.HasSetting(hideSources)</visible>
                            <thumb>icons/Sources.png</thumb>
                            <label>20094</label>
                            <onclick>Skin.ToggleSetting(hideSources)</onclick>
                        </item>
                        <item id="1011" description="Sources">
                            <visible>Skin.HasSetting(hideSources)</visible>
                            <thumb>help/Off.png</thumb>
                            <label>20094</label>
                            <onclick>Skin.ToggleSetting(hideSources)</onclick>
                        </item>
                        <!--<item id="1009" description="RSS">
                          <visible>!Skin.HasSetting(hiderss)</visible>
                          <thumb>icons/RSS.png</thumb>
                          <label>RSS</label>
                          <onclick>Skin.ToggleSetting(hiderss)</onclick>
                        </item>
                        <item id="1009" description="RSS">
                          <visible>Skin.HasSetting(hiderss)</visible>
                          <thumb>help/Off.png</thumb>
                          <label>RSS</label>
                          <onclick>Skin.ToggleSetting(hiderss)</onclick>
                        </item>-->

                        <item id="1012" description="Browser">
                            <visible>!Skin.HasSetting(hidebro)</visible>
                            <thumb>icons/browser.png</thumb>
                            <label>7</label>
                            <onclick>Skin.ToggleSetting(hidebro)</onclick>
                        </item>
                        <item id="1012" description="Browser">
                            <visible>Skin.HasSetting(hidebro)</visible>
                            <thumb>help/Off.png</thumb>
                            <label>7</label>
                            <onclick>Skin.ToggleSetting(hidebro)</onclick>
                        </item>
                    </content>
                </control>
            </control>
        </control>
        <control type="grouplist" id="520" description="MOVIES">
            <posy>60</posy>
            <posx>60</posx>
            <ondown>50</ondown>
            <onright>50</onright>
            <visible>Library.HasContent(Movies)</visible>
            <visible>Container(50).HasFocus(1001)</visible>
            <control type="radiobutton" id="100" description="Auto">
                <include>SettingsSubmenuButtons</include>
                <label>20386</label>
                <selected>!Skin.HasSetting(MoviesShelfWL)</selected>
                <enable>!Skin.HasSetting(hidemovie)</enable>
                <onclick>Skin.Reset(MoviesShelfWL)</onclick>
            </control>
            <control type="radiobutton" id="103" description="Movie Watchlist">
                <include>SettingsSubmenuButtons</include>
                <label>$LOCALIZE[31048] $LOCALIZE[342]</label>
                <selected>Skin.HasSetting(MoviesShelfWL)</selected>
                <enable>!Skin.HasSetting(hidemovie)</enable>
                <onclick>Skin.ToggleSetting(MoviesShelfWL)</onclick>
            </control>
            <control type="radiobutton" id="104" description="Intruder">
                <include>SettingsSubmenuButtons</include>
                <label>$LOCALIZE[31045]</label>
                <selected>!Skin.HasSetting(intruder)</selected>
                <enable>!Skin.HasSetting(hidemovie)</enable>
                <onclick>Skin.ToggleSetting(intruder)</onclick>
            </control>
        </control>
        <control type="grouplist" id="520" description="TV">
            <posy>60</posy>
            <posx>60</posx>
            <ondown>50</ondown>
            <onright>50</onright>
            <visible>Library.HasContent(TVShows)</visible>
            <visible>Container(50).HasFocus(1002)</visible>
            <control type="radiobutton" id="200" description="TV Auto">
                <include>SettingsSubmenuButtons</include>
                <label>20387</label>
                <selected>!Skin.HasSetting(TVShelf_Watchlist)</selected>
                <enable>!Skin.HasSetting(hidetv)</enable>
                <onclick>Skin.Reset(TVShelf_Watchlist)</onclick>
            </control>
            <control type="radiobutton" id="203" description="TV Watchlist">
                <include>SettingsSubmenuButtons</include>
                <label>$LOCALIZE[31048] $LOCALIZE[20364]</label>
                <selected>Skin.HasSetting(TVShelf_Watchlist)</selected>
                <enable>!Skin.HasSetting(hidetv)</enable>
                <onclick>Skin.ToggleSetting(TVShelf_Watchlist)</onclick>
            </control>
            <control type="radiobutton" id="204" description="Intruder">
                <include>SettingsSubmenuButtons</include>
                <label>$LOCALIZE[31045]</label>
                <selected>!Skin.HasSetting(intruderTV)</selected>
                <enable>!Skin.HasSetting(hidetv)</enable>
                <onclick>Skin.ToggleSetting(intruderTV)</onclick>
            </control>
        </control>
        <control type="group" id="520">
            <visible>Container(50).HasFocus(1003)</visible>
            <posy>30</posy>
            <posx>40</posx>
            <control type="label">
                <posy>40</posy>
                <posx>800</posx>
                <visible>Skin.HasSetting(MusicShelf_Custom)</visible>
                <width>1000</width>
                <textcolor>Grey2</textcolor>
                <font>Size22</font>
                <label>Scroll Right to Add > 5 Addons > 5 Favourites</label>
            </control>
            <control type="radiobutton" id="300" description="Auto">
                <visible>Library.HasContent(Music) | Library.HasContent(MusicVideos)</visible>
                <include>SettingsSubmenuButtons</include>
                <onup>50</onup>
                <ondown>303</ondown>
                <label>359</label>
                <selected>!Skin.HasSetting(MusicShelf_Custom)</selected>
                <enable>!Skin.HasSetting(hidemusic)</enable>
                <onclick>Skin.Reset(MusicShelf_Custom)</onclick>
            </control>
            <control type="radiobutton" id="303" description="Custom">
                <posy>55</posy>
                <onup>300</onup>
                <ondown>52</ondown>
                <include>SettingsSubmenuButtons</include>
                <label>31051</label>
                <onclick>Skin.ToggleSetting(MusicShelf_Custom)</onclick>
                <selected>Skin.HasSetting(MusicShelf_Custom)</selected>
                <enable>!Skin.HasSetting(hidemusic)</enable>
            </control>
        </control>
        <control type="panel" id="52">
            <enable>!Skin.HasSetting(hidemusic)</enable>
            <visible>Container(50).HasFocus(1003)</visible>
            <visible>Skin.HasSetting(MusicShelf_Custom)</visible>
            <include>CustomizerList</include>
            <content>
                <item id="1" description="ADDONS">
                    <label>$INFO[system.addonTitle(Skin.String(ShelfMusic.1.Label))]</label>
                    <label2>24000</label2>
                    <thumb>$INFO[system.addonicon(Skin.String(ShelfMusic.1.Label))]</thumb>
                    <onclick>Skin.SetAddon(ShelfMusic.1.Label,xbmc.python.pluginsource)</onclick>
                </item>
                <item id="2" description="ADDONS">
                    <label>$INFO[system.addonTitle(Skin.String(ShelfMusic.2.Label))]</label>
                    <label2>24000</label2>
                    <thumb>$INFO[system.addonicon(Skin.String(ShelfMusic.2.Label))]</thumb>
                    <onclick>Skin.SetAddon(ShelfMusic.2.Label,xbmc.python.pluginsource)</onclick>
                </item>
                <item id="3" description="ADDONS">
                    <label>$INFO[system.addonTitle(Skin.String(ShelfMusic.3.Label))]</label>
                    <label2>24000</label2>
                    <thumb>$INFO[system.addonicon(Skin.String(ShelfMusic.3.Label))]</thumb>
                    <onclick>Skin.SetAddon(ShelfMusic.3.Label,xbmc.python.pluginsource)</onclick>
                </item>
                <item id="4" description="ADDONS">
                    <label>$INFO[system.addonTitle(Skin.String(ShelfMusic.4.Label))]</label>
                    <label2>24000</label2>
                    <thumb>$INFO[system.addonicon(Skin.String(ShelfMusic.4.Label))]</thumb>
                    <onclick>Skin.SetAddon(ShelfMusic.4.Label,xbmc.python.pluginsource)</onclick>
                </item>
                <item id="5" description="ADDONS">
                    <label>$INFO[system.addonTitle(Skin.String(ShelfMusic.5.Label))]</label>
                    <label2>24000</label2>
                    <thumb>$INFO[system.addonicon(Skin.String(ShelfMusic.5.Label))]</thumb>
                    <onclick>Skin.SetAddon(ShelfMusic.5.Label,xbmc.python.pluginsource)</onclick>
                </item>
                <item id="6" description="fav">
                    <label>$INFO[Skin.String(ShelfMusic.6.Label)]</label>
                    <label2>31029</label2>
                    <thumb>$INFO[Skin.String(ShelfMusic.6.Icon)]</thumb>
                    <onclick>RunScript(script.favourites,property=ShelfMusic.6)</onclick>
                </item>
                <item id="7" description="fav">
                    <label>$INFO[Skin.String(ShelfPictures.7.Label)]</label>
                    <label2>31029</label2>
                    <thumb>$INFO[Skin.String(ShelfMusic.7.Icon)]</thumb>
                    <onclick>RunScript(script.favourites,property=ShelfMusic.7)</onclick>
                </item>
                <item id="8" description="fav">
                    <label>$INFO[Skin.String(ShelfPictures.8.Label)]</label>
                    <label2>31029</label2>
                    <thumb>$INFO[Skin.String(ShelfMusic.8.Icon)]</thumb>
                    <onclick>RunScript(script.favourites,property=ShelfMusic.8)</onclick>
                </item>
                <item id="9" description="fav">
                    <label>$INFO[Skin.String(ShelfPictures.9.Label)]</label>
                    <label2>31029</label2>
                    <thumb>$INFO[Skin.String(ShelfMusic.9.Icon)]</thumb>
                    <onclick>RunScript(script.favourites,property=ShelfMusic.9)</onclick>
                </item>
                <item id="10" description="fav">
                    <label>$INFO[Skin.String(ShelfPictures.10.Label)]</label>
                    <label2>31029</label2>
                    <thumb>$INFO[Skin.String(ShelfMusic.10.Icon)]</thumb>
                    <onclick>RunScript(script.favourites,property=ShelfMusic.10)</onclick>
                </item>
            </content>
        </control>
        <control type="group" id="520" description="PICTURES">
            <visible>Container(50).HasFocus(1004)</visible>
            <posy>30</posy>
            <posx>40</posx>
            <control type="label">
                <posy>40</posy>
                <posx>20</posx>
                <visible>Skin.HasSetting(PicturesShelf_Custom)</visible>
                <width>1000</width>
                <textcolor>Grey2</textcolor>
                <font>Size22</font>
                <label>Scroll Right to Add > 5 Addons > 5 Scripts > 3 Favourites</label>
            </control>
            <control type="radiobutton" id="303" description="Custom">
                <onup>300</onup>
                <ondown>52</ondown>
                <include>SettingsSubmenuButtons</include>
                <label>31051</label>
                <onclick>Skin.ToggleSetting(PicturesShelf_Custom)</onclick>
                <selected>Skin.HasSetting(PicturesShelf_Custom)</selected>
            </control>
        </control>
        <control type="panel" id="52">
            <enable>!Skin.HasSetting(hidepic)</enable>
            <visible>Container(50).HasFocus(1004)</visible>
            <visible>Skin.HasSetting(PicturesShelf_Custom)</visible>
            <include>CustomizerList</include>
            <content>
                <item id="1">
                    <label>$INFO[system.addonTitle(Skin.String(ShelfPictures.1.Label))]</label>
                    <label2>24000</label2>
                    <thumb>$INFO[system.addonicon(Skin.String(ShelfPictures.1.Label))]</thumb>
                    <onclick>Skin.SetAddon(ShelfPictures.1.Label,xbmc.python.pluginsource)</onclick>
                </item>
                <item id="2">
                    <label>$INFO[system.addonTitle(Skin.String(ShelfPictures.2.Label))]</label>
                    <label2>24000</label2>
                    <thumb>$INFO[system.addonicon(Skin.String(ShelfPictures.2.Label))]</thumb>
                    <onclick>Skin.SetAddon(ShelfPictures.2.Label,xbmc.python.pluginsource)</onclick>
                </item>
                <item id="3">
                    <label>$INFO[system.addonTitle(Skin.String(ShelfPictures.3.Label))]</label>
                    <label2>24000</label2>
                    <thumb>$INFO[system.addonicon(Skin.String(ShelfPictures.3.Label))]</thumb>
                    <onclick>Skin.SetAddon(ShelfPictures.3.Label,xbmc.python.pluginsource)</onclick>
                </item>
                <item id="4">
                    <label>$INFO[system.addonTitle(Skin.String(ShelfPictures.4.Label))]</label>
                    <label2>24000</label2>
                    <thumb>$INFO[system.addonicon(Skin.String(ShelfPictures.4.Label))]</thumb>
                    <onclick>Skin.SetAddon(ShelfPictures.4.Label,xbmc.python.pluginsource)</onclick>
                </item>
                <item id="5">
                    <label>$INFO[system.addonTitle(Skin.String(ShelfPictures.5.Label))]</label>
                    <label2>24000</label2>
                    <thumb>$INFO[system.addonicon(Skin.String(ShelfPictures.5.Label))]</thumb>
                    <onclick>Skin.SetAddon(ShelfPictures.5.Label,xbmc.python.pluginsource)</onclick>
                </item>
                <item id="6" description="script">
                    <label>$INFO[system.addonTitle(Skin.String(ShelfPictures.6.Label))]</label>
                    <label2>24009</label2>
                    <thumb>$INFO[system.addonicon(Skin.String(ShelfPictures.6.Label))]</thumb>
                    <onclick>Skin.SetAddon(ShelfPictures.6.Label,xbmc.python.script)</onclick>
                </item>
                <item id="7" description="script">
                    <label>$INFO[system.addonTitle(Skin.String(ShelfPictures.7.Label))]</label>
                    <label2>24009</label2>
                    <thumb>$INFO[system.addonicon(Skin.String(ShelfPictures.7.Label))]</thumb>
                    <onclick>Skin.SetAddon(ShelfPictures.7.Label,xbmc.python.script)</onclick>
                </item>
                <item id="8" description="script">
                    <label>$INFO[system.addonTitle(Skin.String(ShelfPictures.8.Label))]</label>
                    <label2>24009</label2>
                    <thumb>$INFO[system.addonicon(Skin.String(ShelfPictures.8.Label))]</thumb>
                    <onclick>Skin.SetAddon(ShelfPictures.8.Label,xbmc.python.script)</onclick>
                </item>
                <item id="9" description="script">
                    <label>$INFO[system.addonTitle(Skin.String(ShelfPictures.9.Label))]</label>
                    <label2>24009</label2>
                    <thumb>$INFO[system.addonicon(Skin.String(ShelfPictures.9.Label))]</thumb>
                    <onclick>Skin.SetAddon(ShelfPictures.9.Label,xbmc.python.script)</onclick>
                </item>
                <item id="10" description="script">
                    <label>$INFO[system.addonTitle(Skin.String(ShelfPictures.10.Label))]</label>
                    <label2>24009</label2>
                    <thumb>$INFO[system.addonicon(Skin.String(ShelfPictures.10.Label))]</thumb>
                    <onclick>Skin.SetAddon(ShelfPictures.10.Label,xbmc.python.script)</onclick>
                </item>
                <item id="11" description="fav">
                    <label>$INFO[Skin.String(ShelfPictures.11.Label)]</label>
                    <label2>31029</label2>
                    <thumb>$INFO[Skin.String(ShelfPictures.11.Icon)]</thumb>
                    <onclick>RunScript(script.favourites,property=ShelfPictures.11)</onclick>
                </item>
                <item id="12" description="fav">
                    <label>$INFO[Skin.String(ShelfPictures.12.Label)]</label>
                    <label2>31029</label2>
                    <thumb>$INFO[Skin.String(ShelfPictures.12.Icon)]</thumb>
                    <onclick>RunScript(script.favourites,property=ShelfPictures.12)</onclick>
                </item>
            </content>
        </control>
        <control type="group" id="520" description="ADDONS">
            <visible>Container(50).HasFocus(1005)</visible>
            <posy>30</posy>
            <posx>40</posx>
            <control type="label">
                <posy>40</posy>
                <posx>20</posx>
                <visible>Skin.HasSetting(AddonsShelf_Custom)</visible>
                <width>1000</width>
                <textcolor>Grey2</textcolor>
                <font>Size22</font>
                <label>Scroll Right to Add > 10 Addons > 5 Scripts > 3 Favourites</label>
            </control>
            <control type="radiobutton" id="303" description="Custom">
                <onup>300</onup>
                <ondown>52</ondown>
                <include>SettingsSubmenuButtons</include>
                <label>31051</label>
                <onclick>Skin.ToggleSetting(AddonsShelf_Custom)</onclick>
                <selected>Skin.HasSetting(AddonsShelf_Custom)</selected>
            </control>
        </control>
        <control type="panel" id="52">
            <enable>!Skin.HasSetting(hideaddon)</enable>
            <visible>Container(50).HasFocus(1005)</visible>
            <visible>Skin.HasSetting(AddonsShelf_Custom)</visible>
            <include>CustomizerList</include>
            <content>
                <item id="1">
                    <label>$INFO[system.addonTitle(Skin.String(ShelfAddons.1.Label))]</label>
                    <label2>24000</label2>
                    <thumb>$INFO[system.addonicon(Skin.String(ShelfAddons.1.Label))]</thumb>
                    <onclick>Skin.SetAddon(ShelfAddons.1.Label,xbmc.python.pluginsource)</onclick>
                </item>
                <item id="2">
                    <label>$INFO[system.addonTitle(Skin.String(ShelfAddons.2.Label))]</label>
                    <label2>24000</label2>
                    <thumb>$INFO[system.addonicon(Skin.String(ShelfAddons.2.Label))]</thumb>
                    <onclick>Skin.SetAddon(ShelfAddons.2.Label,xbmc.python.pluginsource)</onclick>
                </item>
                <item id="3">
                    <label>$INFO[system.addonTitle(Skin.String(ShelfAddons.3.Label))]</label>
                    <label2>24000</label2>
                    <thumb>$INFO[system.addonicon(Skin.String(ShelfAddons.3.Label))]</thumb>
                    <onclick>Skin.SetAddon(ShelfAddons.3.Label,xbmc.python.pluginsource)</onclick>
                </item>
                <item id="4">
                    <label>$INFO[system.addonTitle(Skin.String(ShelfAddons.4.Label))]</label>
                    <label2>24000</label2>
                    <thumb>$INFO[system.addonicon(Skin.String(ShelfAddons.4.Label))]</thumb>
                    <onclick>Skin.SetAddon(ShelfAddons.4.Label,xbmc.python.pluginsource)</onclick>
                </item>
                <item id="5">
                    <label>$INFO[system.addonTitle(Skin.String(ShelfAddons.5.Label))]</label>
                    <label2>24000</label2>
                    <thumb>$INFO[system.addonicon(Skin.String(ShelfAddons.5.Label))]</thumb>
                    <onclick>Skin.SetAddon(ShelfAddons.5.Label,xbmc.python.pluginsource)</onclick>
                </item>
                <item id="6">
                    <label>$INFO[system.addonTitle(Skin.String(ShelfAddons.6.Label))]</label>
                    <label2>24000</label2>
                    <thumb>$INFO[system.addonicon(Skin.String(ShelfAddons.6.Label))]</thumb>
                    <onclick>Skin.SetAddon(ShelfAddons.6.Label,xbmc.python.pluginsource)</onclick>
                </item>
                <item id="7">
                    <label>$INFO[system.addonTitle(Skin.String(ShelfAddons.7.Label))]</label>
                    <label2>24000</label2>
                    <thumb>$INFO[system.addonicon(Skin.String(ShelfAddons.7.Label))]</thumb>
                    <onclick>Skin.SetAddon(ShelfAddons.7.Label,xbmc.python.pluginsource)</onclick>
                </item>
                <item id="8">
                    <label>$INFO[system.addonTitle(Skin.String(ShelfAddons.8.Label))]</label>
                    <label2>24000</label2>
                    <thumb>$INFO[system.addonicon(Skin.String(ShelfAddons.8.Label))]</thumb>
                    <onclick>Skin.SetAddon(ShelfAddons.8.Label,xbmc.python.pluginsource)</onclick>
                </item>
                <item id="9">
                    <label>$INFO[system.addonTitle(Skin.String(ShelfAddons.9.Label))]</label>
                    <label2>24000</label2>
                    <thumb>$INFO[system.addonicon(Skin.String(ShelfAddons.9.Label))]</thumb>
                    <onclick>Skin.SetAddon(ShelfAddons.9.Label,xbmc.python.pluginsource)</onclick>
                </item>
                <item id="10">
                    <label>$INFO[system.addonTitle(Skin.String(ShelfAddons.10.Label))]</label>
                    <label2>24000</label2>
                    <thumb>$INFO[system.addonicon(Skin.String(ShelfAddons.10.Label))]</thumb>
                    <onclick>Skin.SetAddon(ShelfAddons.10.Label,xbmc.python.pluginsource)</onclick>
                </item>
                <item id="11">
                    <label>$INFO[system.addonTitle(Skin.String(ShelfAddons.11.Label))]</label>
                    <label2>24009</label2>
                    <thumb>$INFO[system.addonicon(Skin.String(ShelfAddons.11.Label))]</thumb>
                    <onclick>Skin.SetAddon(ShelfAddons.11.Label,xbmc.python.script)</onclick>
                </item>
                <item id="12">
                    <label>$INFO[system.addonTitle(Skin.String(ShelfAddons.12.Label))]</label>
                    <label2>24009</label2>
                    <thumb>$INFO[system.addonicon(Skin.String(ShelfAddons.12.Label))]</thumb>
                    <onclick>Skin.SetAddon(ShelfAddons.12.Label,xbmc.python.script)</onclick>
                </item>
                <item id="13">
                    <label>$INFO[system.addonTitle(Skin.String(ShelfAddons.13.Label))]</label>
                    <label2>24009</label2>
                    <thumb>$INFO[system.addonicon(Skin.String(ShelfAddons.13.Label))]</thumb>
                    <onclick>Skin.SetAddon(ShelfAddons.13.Label,xbmc.python.script)</onclick>
                </item>
                <item id="14">
                    <label>$INFO[system.addonTitle(Skin.String(ShelfAddons.14.Label))]</label>
                    <label2>24009</label2>
                    <thumb>$INFO[system.addonicon(Skin.String(ShelfAddons.14.Label))]</thumb>
                    <onclick>Skin.SetAddon(ShelfAddons.14.Label,xbmc.python.script)</onclick>
                </item>
                <item id="15">
                    <label>$INFO[system.addonTitle(Skin.String(ShelfAddons.15.Label))]</label>
                    <label2>24009</label2>
                    <thumb>$INFO[system.addonicon(Skin.String(ShelfAddons.15.Label))]</thumb>
                    <onclick>Skin.SetAddon(ShelfAddons.15.Label,xbmc.python.script)</onclick>
                </item>
                <item id="16">
                    <label>$INFO[Skin.String(ShelfAddons.16.Label)]</label>
                    <label2>31029</label2>
                    <thumb>$INFO[Skin.String(ShelfAddons.16.Icon)]</thumb>
                    <onclick>RunScript(script.favourites,property=ShelfAddons.16)</onclick>
                </item>
                <item id="17">
                    <label>$INFO[Skin.String(ShelfAddons.17.Label)]</label>
                    <label2>31029</label2>
                    <thumb>$INFO[Skin.String(ShelfAddons.17.Icon)]</thumb>
                    <onclick>RunScript(script.favourites,property=ShelfAddons.17)</onclick>
                </item>
                <item id="18">
                    <label>$INFO[Skin.String(ShelfAddons.18.Label)]</label>
                    <label2>31029</label2>
                    <thumb>$INFO[Skin.String(ShelfAddons.18.Icon)]</thumb>
                    <onclick>RunScript(script.favourites,property=ShelfAddons.18)</onclick>
                </item>
            </content>
        </control>
        <control type="group" description="VADDONS">
            <visible>Container(50).HasFocus(1013)</visible>
            <posy>30</posy>
            <posx>40</posx>
            <control type="label">
                <posy>40</posy>
                <posx>20</posx>
                <width>1000</width>
                <textcolor>Grey2</textcolor>
                <font>Size22</font>
                <label>Scroll Right to Add > 10 Addons > 5 Scripts</label>
            </control>
        </control>
        <control type="panel" id="520">
            <enable>!Skin.HasSetting(hidevaddons)</enable>
            <visible>Container(50).HasFocus(1013)</visible>
            <include>CustomizerList</include>
            <content>
                <item id="1">
                    <label>$INFO[Skin.String(ShelfVaddons.1.Label)]</label>
                    <label2>24000</label2>
                    <thumb>$INFO[system.addonicon(Skin.String(ShelfVaddons.1.Label))]</thumb>
                    <onclick>Skin.SetAddon(ShelfVaddons.1.Label,xbmc.python.pluginsource)</onclick>
                </item>
                <item id="2">
                    <label>$INFO[Skin.String(ShelfVaddons.2.Label)]</label>
                    <label2>24000</label2>
                    <thumb>$INFO[system.addonicon(Skin.String(ShelfVaddons.2.Label))]</thumb>
                    <onclick>Skin.SetAddon(ShelfVaddons.2.Label,xbmc.python.pluginsource)</onclick>
                </item>
                <item id="3">
                    <label>$INFO[Skin.String(ShelfVaddons.3.Label)]</label>
                    <label2>24000</label2>
                    <thumb>$INFO[system.addonicon(Skin.String(ShelfVaddons.3.Label))]</thumb>
                    <onclick>Skin.SetAddon(ShelfVaddons.3.Label,xbmc.python.pluginsource)</onclick>
                </item>
                <item id="4">
                    <label>$INFO[Skin.String(ShelfVaddons.4.Label)]</label>
                    <label2>24000</label2>
                    <thumb>$INFO[system.addonicon(Skin.String(ShelfVaddons.4.Label))]</thumb>
                    <onclick>Skin.SetAddon(ShelfVaddons.4.Label,xbmc.python.pluginsource)</onclick>
                </item>
                <item id="5">
                    <label>$INFO[Skin.String(ShelfVaddons.5.Label)]</label>
                    <label2>24000</label2>
                    <thumb>$INFO[system.addonicon(Skin.String(ShelfVaddons.5.Label))]</thumb>
                    <onclick>Skin.SetAddon(ShelfVaddons.5.Label,xbmc.python.pluginsource)</onclick>
                </item>
                <item id="6">
                    <label>$INFO[Skin.String(ShelfVaddons.6.Label)]</label>
                    <label2>24000</label2>
                    <thumb>$INFO[system.addonicon(Skin.String(ShelfVaddons.6.Label))]</thumb>
                    <onclick>Skin.SetAddon(ShelfVaddons.6.Label,xbmc.python.pluginsource)</onclick>
                </item>
                <item id="7">
                    <label>$INFO[Skin.String(ShelfVaddons.7.Label)]</label>
                    <label2>24000</label2>
                    <thumb>$INFO[system.addonicon(Skin.String(ShelfVaddons.7.Label))]</thumb>
                    <onclick>Skin.SetAddon(ShelfVaddons.7.Label,xbmc.python.pluginsource)</onclick>
                </item>
                <item id="8">
                    <label>$INFO[Skin.String(ShelfVaddons.8.Label)]</label>
                    <label2>24000</label2>
                    <thumb>$INFO[system.addonicon(Skin.String(ShelfVaddons.8.Label))]</thumb>
                    <onclick>Skin.SetAddon(ShelfVaddons.8.Label,xbmc.python.pluginsource)</onclick>
                </item>
                <item id="9">
                    <label>$INFO[Skin.String(ShelfVaddons.9.Label)]</label>
                    <label2>24000</label2>
                    <thumb>$INFO[system.addonicon(Skin.String(ShelfVaddons.9.Label))]</thumb>
                    <onclick>Skin.SetAddon(ShelfVaddons.9.Label,xbmc.python.pluginsource)</onclick>
                </item>
                <item id="10">
                    <label>$INFO[Skin.String(ShelfVaddons.10.Label)]</label>
                    <label2>24000</label2>
                    <thumb>$INFO[system.addonicon(Skin.String(ShelfVaddons.10.Label))]</thumb>
                    <onclick>Skin.SetAddon(ShelfVaddons.10.Label,xbmc.python.pluginsource)</onclick>
                </item>
                <item id="11">
                    <label>$INFO[Skin.String(ShelfVaddons.11.Label)]</label>
                    <label2>24009</label2>
                    <thumb>$INFO[system.addonicon(Skin.String(ShelfVaddons.11.Label))]</thumb>
                    <onclick>Skin.SetAddon(ShelfVaddons.11.Label,xbmc.python.script)</onclick>
                </item>
                <item id="12">
                    <label>$INFO[Skin.String(ShelfVaddons.12.Label)]</label>
                    <label2>24009</label2>
                    <thumb>$INFO[system.addonicon(Skin.String(ShelfVaddons.12.Label))]</thumb>
                    <onclick>Skin.SetAddon(ShelfVaddons.12.Label,xbmc.python.script)</onclick>
                </item>
                <item id="13">
                    <label>$INFO[Skin.String(ShelfVaddons.13.Label)]</label>
                    <label2>24009</label2>
                    <thumb>$INFO[system.addonicon(Skin.String(ShelfVaddons.13.Label))]</thumb>
                    <onclick>Skin.SetAddon(ShelfVaddons.13.Label,xbmc.python.script)</onclick>
                </item>
                <item id="14">
                    <label>$INFO[Skin.String(ShelfVaddons.14.Label)]</label>
                    <label2>24009</label2>
                    <thumb>$INFO[system.addonicon(Skin.String(ShelfVaddons.14.Label))]</thumb>
                    <onclick>Skin.SetAddon(ShelfVaddons.14.Label,xbmc.python.script)</onclick>
                </item>
                <item id="15">
                    <label>$INFO[Skin.String(ShelfVaddons.15.Label)]</label>
                    <label2>24009</label2>
                    <thumb>$INFO[system.addonicon(Skin.String(ShelfVaddons.15.Label))]</thumb>
                    <onclick>Skin.SetAddon(ShelfVaddons.15.Label,xbmc.python.script)</onclick>
                </item>
                <item id="16">
                    <label>$INFO[Skin.String(ShelfVaddons.16.Label)]</label>
                    <label2>31029</label2>
                    <thumb>$INFO[Skin.String(ShelfVaddons.16.Icon)]</thumb>
                    <onclick>RunScript(script.favourites,property=ShelfVaddons.16)</onclick>
                </item>
                <item id="17">
                    <label>$INFO[Skin.String(ShelfVaddons.17.Label)]</label>
                    <label2>31029</label2>
                    <thumb>$INFO[Skin.String(ShelfVaddons.17.Icon)]</thumb>
                    <onclick>RunScript(script.favourites,property=ShelfVaddons.17)</onclick>
                </item>
                <item id="18">
                    <label>$INFO[Skin.String(ShelfVaddons.18.Label)]</label>
                    <label2>31029</label2>
                    <thumb>$INFO[Skin.String(ShelfVaddons.18.Icon)]</thumb>
                    <onclick>RunScript(script.favourites,property=ShelfVaddons.18)</onclick>
                </item>
            </content>
        </control>
        <control type="group" description="ADDONS">
            <visible>[Container(50).HasFocus(601) + IsEmpty(Skin.String(HomeFav.1.Label))] | [Container(50).HasFocus(602) + IsEmpty(Skin.String(HomeFav.2.Label))] | [Container(50).HasFocus(603) + IsEmpty(Skin.String(HomeFav.3.Label))] | [Container(50).HasFocus(604) + IsEmpty(Skin.String(HomeFav.4.Label))] | [Container(50).HasFocus(605) + IsEmpty(Skin.String(HomeFav.5.Label))] | [Container(50).HasFocus(606) + IsEmpty(Skin.String(HomeFav.6.Label))]</visible>
            <posy>30</posy>
            <posx>40</posx>
            <control type="label">
                <posy>40</posy>
                <posx>20</posx>
                <width>1000</width>
                <textcolor>Grey2</textcolor>
                <font>Size22</font>
                <label>31034</label>
            </control>
        </control>
        <control type="group" description="CUSTOM ICONS FAVS">
            <visible>[Container(50).HasFocus(601) + !IsEmpty(Skin.String(HomeFav.1.Label))] | [Container(50).HasFocus(602) + !IsEmpty(Skin.String(HomeFav.2.Label))] | [Container(50).HasFocus(603) + !IsEmpty(Skin.String(HomeFav.3.Label))] | [Container(50).HasFocus(604) + !IsEmpty(Skin.String(HomeFav.4.Label))] | [Container(50).HasFocus(605) + !IsEmpty(Skin.String(HomeFav.5.Label))] | [Container(50).HasFocus(606) + !IsEmpty(Skin.String(HomeFav.6.Label))]</visible>
            <posy>30</posy>
            <posx>40</posx>
            <control type="label">
                <posy>40</posy>
                <posx>20</posx>
                <width>1000</width>
                <textcolor>Grey2</textcolor>
                <font>Size22</font>
                <label>31035</label>
            </control>
        </control>
        <control type="group" description="All dialog content">
            <visible allowhiddenfocus="true">ControlGroup(9000).HasFocus()</visible>
            <control type="image">
                <posx>444</posx>
                <posy>155</posy>
                <width>1023</width>
                <height>662</height>
                <texture border="150">images/Dialog.png</texture>
            </control>
            <control type="label" description="Dialog heading">
                <posx>615</posx>
                <posy>321</posy>
                <width>690</width>
                <height>52</height>
                <label>[B]$LOCALIZE[31029] $LOCALIZE[33063][/B]</label>
                <align>center</align>
                <aligny>center</aligny>
                <font>size36</font>
                <textcolor>White</textcolor>
                <shadowcolor>Black</shadowcolor>
            </control>
            <control type="group">
                <posx>442</posx>
                <posy>296</posy>
                <control type="grouplist" id="9000">
                    <posx>255</posx>
                    <posy>150</posy>
                    <width>525</width>
                    <height>450</height>
                    <onleft>noop</onleft>
                    <onright>noop</onright>
                    <onup>9000</onup>
                    <ondown>9000</ondown>
                    <itemgap>0</itemgap>
                    <font>size33</font>
                    <scrolltime>260</scrolltime>
                    <defaultcontrol always="true">701</defaultcontrol>
                    <control type="button" id="666">
                        <posx>700</posx>
                        <posy>140</posy>
                        <width>520</width>
                        <height>60</height>
                        <label>$LOCALIZE[31056]</label>
                        <onclick condition="Container(50).Hasfocus(601)">Skin.SetFile(HomeFav.1.Icon,.png|.jpg|.jpeg,special://skin/icons)</onclick>
                        <onclick condition="Container(50).Hasfocus(602)">Skin.SetFile(HomeFav.2.Icon,.png|.jpg|.jpeg,special://skin/icons)</onclick>
                        <onclick condition="Container(50).Hasfocus(603)">Skin.SetFile(HomeFav.3.Icon,.png|.jpg|.jpeg,special://skin/icons)</onclick>
                        <onclick condition="Container(50).Hasfocus(604)">Skin.SetFile(HomeFav.4.Icon,.png|.jpg|.jpeg,special://skin/icons)</onclick>
                        <onclick condition="Container(50).Hasfocus(605)">Skin.SetFile(HomeFav.5.Icon,.png|.jpg|.jpeg,special://skin/icons)</onclick>
                        <onclick condition="Container(50).Hasfocus(606)">Skin.SetFile(HomeFav.6.Icon,.png|.jpg|.jpeg,special://skin/icons)</onclick>
                        <onclick condition="Container(50).Hasfocus(401)">Skin.SetFile(HomeAddon.1.Icon,.png|.jpg|.jpeg,special://skin/icons)</onclick>
                        <onclick condition="Container(50).Hasfocus(402)">Skin.SetFile(HomeAddon.2.Icon,.png|.jpg|.jpeg,special://skin/icons)</onclick>
                        <onclick condition="Container(50).Hasfocus(403)">Skin.SetFile(HomeAddon.3.Icon,.png|.jpg|.jpeg,special://skin/icons)</onclick>
                        <onclick condition="Container(50).Hasfocus(404)">Skin.SetFile(HomeAddon.4.Icon,.png|.jpg|.jpeg,special://skin/icons)</onclick>
                        <onclick condition="Container(50).Hasfocus(405)">Skin.SetFile(HomeAddon.5.Icon,.png|.jpg|.jpeg,special://skin/icons)</onclick>
                        <onclick condition="Container(50).Hasfocus(406)">Skin.SetFile(HomeAddon.6.Icon,.png|.jpg|.jpeg,special://skin/icons)</onclick>
                        <onclick>SetFocus(50)</onclick>
                    </control>
                    <control type="button" id="667">
                        <posx>700</posx>
                        <posy>200</posy>
                        <width>520</width>
                        <height>60</height>
                        <label>$LOCALIZE[31057]</label>
                        <onclick condition="Container(50).Hasfocus(601)">RunScript(script.favourites,property=HomeFav.1)</onclick>
                        <onclick condition="Container(50).Hasfocus(602)">RunScript(script.favourites,property=HomeFav.2)</onclick>
                        <onclick condition="Container(50).Hasfocus(603)">RunScript(script.favourites,property=HomeFav.3)</onclick>
                        <onclick condition="Container(50).Hasfocus(604)">RunScript(script.favourites,property=HomeFav.4)</onclick>
                        <onclick condition="Container(50).Hasfocus(605)">RunScript(script.favourites,property=HomeFav.5)</onclick>
                        <onclick condition="Container(50).Hasfocus(606)">RunScript(script.favourites,property=HomeFav.6)</onclick>
                        <onclick condition="Container(50).Hasfocus(401)">Skin.SetAddon(HomeAddon.1.Label,xbmc.python.pluginsource)</onclick>
                        <onclick condition="Container(50).Hasfocus(401)">Skin.Reset(HomeAddon.1.Icon)</onclick>
                        <onclick condition="Container(50).Hasfocus(402)">Skin.SetAddon(HomeAddon.2.Label,xbmc.python.pluginsource)</onclick>
                        <onclick condition="Container(50).Hasfocus(402)">Skin.Reset(HomeAddon.2.Icon)</onclick>
                        <onclick condition="Container(50).Hasfocus(403)">Skin.SetAddon(HomeAddon.3.Label,xbmc.python.pluginsource)</onclick>
                        <onclick condition="Container(50).Hasfocus(403)">Skin.Reset(HomeAddon.3.Icon)</onclick>
                        <onclick condition="Container(50).Hasfocus(404)">Skin.SetAddon(HomeAddon.4.Label,xbmc.python.pluginsource)</onclick>
                        <onclick condition="Container(50).Hasfocus(404)">Skin.Reset(HomeAddon.4.Icon)</onclick>
                        <onclick condition="Container(50).Hasfocus(405)">Skin.SetAddon(HomeAddon.5.Label,xbmc.python.pluginsource)</onclick>
                        <onclick condition="Container(50).Hasfocus(405)">Skin.Reset(HomeAddon.5.Icon)</onclick>
                        <onclick condition="Container(50).Hasfocus(406)">Skin.SetAddon(HomeAddon.6.Label,xbmc.python.pluginsource)</onclick>
                        <onclick>SetFocus(50)</onclick>
                        <onclick condition="Container(50).Hasfocus(406)">Skin.Reset(HomeAddon.6.Icon)</onclick>
                    </control>
                </control>
            </control>
        </control>
        <control type="group" id="520" description="WEATHER">
            <posy>60</posy>
            <posx>60</posx>
            <visible>Container(50).HasFocus(1006)</visible>
            <control type="label">
                <posx>450</posx>
                <posy>80</posy>
                <width>900</width>
                <height>60</height>
                <align>center</align>
                <textcolor>Grey</textcolor>
                <font>Size26</font>
                <label>$LOCALIZE[35500]:</label>
            </control>
            <control type="label">
                <posx>450</posx>
                <posy>150</posy>
                <width>900</width>
                <height>60</height>
                <align>center</align>
                <font>Size60B</font>
                <label>$INFO[Weather.Location]</label>
            </control>
            <control type="button" id="100">
                <ondown>50</ondown>
                <posx>750</posx>
                <posy>250</posy>
                <width>300</width>
                <height>60</height>
                <align>center</align>
                <label>5</label>
                <enable>!Skin.HasSetting(hidewtr)</enable>
                <onclick>activatewindow(weathersettings)</onclick>
            </control>
        </control>
        <control type="group" id="521" description="WEATHER">
            <posy>60</posy>
            <posx>60</posx>
            <visible>Container(50).HasFocus(356)</visible>
            <control type="textbox">
                <posx>450</posx>
                <posy>100</posy>
                <width>900</width>
                <height>300</height>
                <align>center</align>
                <textcolor>Grey2</textcolor>
                <font>Size26</font>
                <label>$LOCALIZE[31061]</label>
            </control>
        </control>
    </controls>
</window>
