<?xml version="1.0" encoding="UTF-8"?>
<window id="2002">
  <type>dialog</type>
  <defaultcontrol always="true">10</defaultcontrol>
  <allowoverlay>no</allowoverlay>
  <include>DialogOpenClose</include>
  <controls>
    <control type="group">
      <posx>480</posx>
      <posy>360</posy>
      <control type="image">
        <posx>-210</posx>
        <posy>-150</posy>
        <width>1360</width>
        <height>740</height>
        <texture border="150">images/Dialog.png</texture>
      </control>
      <control type="label" id="1" description="Heading">
        <width>960</width>
        <label>-</label>
        <font>size28</font>
        <shadowcolor>black</shadowcolor>
        <align>center</align>
      </control>
      <control type="textbox" id="9" description="content">
        <posy>75</posy>
        <width>960</width>
		<height>135</height>
        <align>center</align>
        <label>-</label>
      </control>
      <control type="button" id="10" description="Ok">
        <posx>330</posx>
        <posy>330</posy>
        <width>300</width>
        <label>186</label>
        <texturenofocus border="8">images/Black.png</texturenofocus>
      </control>
    </control>
  </controls>
</window>
