<?xml version="1.0" encoding="UTF-8"?>
<window id="103">
    <defaultcontrol always="true">300</defaultcontrol>
    <animation type="WindowOpen" reversible="false">
        <effect type="slide" start="0,600" end="0,0" easing="out" tween="back" time="400" />
        <effect type="fade" start="0" end="100" time="300" />
    </animation>
    <animation type="WindowClose" reversible="false">
        <effect type="slide" start="0,0" end="0,600" easing="in" tween="back" time="400" />
        <effect type="fade" start="100" end="0" time="300" />
    </animation>
    <controls>
        <control type="group">
            <top>450</top>
            <visible>!Window.IsVisible(numericinput)</visible>
            <control type="image">
                <width>1920</width>
                <height>700</height>
                <texture border="150">images/Dialog.png</texture>
                <colordiffuse>EEFFFFFF</colordiffuse>
            </control>
            <control type="label" id="311">
                <left>600</left>
                <top>130</top>
                <width>720</width>
                <font>size33</font>
                <align>center</align>
            </control>
            <control type="image">
                <centerleft>960</centerleft>
                <top>200</top>
                <width>1500</width>
                <height>60</height>
                <aspectratio>stretch</aspectratio>
                <texture colordiffuse="black" border="10">images/textedit.png</texture>
            </control>
            <control type="edit" id="312">
                <description>Edit Text</description>
                <centerleft>960</centerleft>
                <top>199</top>
                <width>1500</width>
                <height>60</height>
                <texturefocus>-</texturefocus>
                <texturenofocus>-</texturenofocus>
                <align>center</align>
                <textcolor>black</textcolor>
            </control>
            <control type="group">
                <left>160</left>
                <top>280</top>
                <control type="grouplist">
                    <!--fila 1-->
                    <orientation>horizontal</orientation>
                    <itemgap>0</itemgap>
                    <control type="button" id="309">
                        <description>LAYOUT button</description>
                        <width>300</width>
                        <include>Keyboardbuttons</include>
                        <label>20177</label>
                        <onup>312</onup>
                        <ondown>304</ondown>
                    </control>
                    <control type="button" id="100">
                        <description>'1' button</description>
                        <left>300</left>
                        <include>Keyboardbuttons</include>
                        <onup>32</onup>
                        <ondown>120</ondown>
                    </control>
                    <control type="button" id="101">
                        <description>'2' button</description>
                        <left>430</left>
                        <include>Keyboardbuttons</include>
                        <onup>32</onup>
                        <ondown>121</ondown>
                    </control>
                    <control type="button" id="102">
                        <description>'3' button</description>
                        <left>560</left>
                        <include>Keyboardbuttons</include>
                        <onup>32</onup>
                        <ondown>122</ondown>
                    </control>
                    <control type="button" id="103">
                        <description>'4' button</description>
                        <left>690</left>
                        <posy>0</posy>
                        <include>Keyboardbuttons</include>
                        <onup>32</onup>
                        <ondown>123</ondown>
                    </control>
                    <control type="button" id="104">
                        <description>'5' button</description>
                        <left>820</left>
                        <posy>0</posy>
                        <include>Keyboardbuttons</include>
                        <onup>32</onup>
                        <ondown>124</ondown>
                    </control>
                    <control type="button" id="105">
                        <description>'6' button</description>
                        <left>950</left>
                        <include>Keyboardbuttons</include>
                        <onup>32</onup>
                        <ondown>125</ondown>
                    </control>
                    <control type="button" id="106">
                        <description>'7' button</description>
                        <left>1080</left>
                        <include>Keyboardbuttons</include>
                        <onup>305</onup>
                        <ondown>126</ondown>
                    </control>
                    <control type="button" id="107">
                        <description>'8' button</description>
                        <left>1210</left>
                        <include>Keyboardbuttons</include>
                        <onup>305</onup>
                        <ondown>127</ondown>
                    </control>
                    <control type="button" id="108">
                        <description>'9' button</description>
                        <left>1340</left>
                        <include>Keyboardbuttons</include>
                        <onup>306</onup>
                        <ondown>128</ondown>
                    </control>
                    <control type="button" id="109">
                        <description>'0' button</description>
                        <left>1470</left>
                        <include>Keyboardbuttons</include>
                        <onup>306</onup>
                        <ondown>129</ondown>
                    </control>
                </control>
                <control type="grouplist">
                    <top>50</top>
                    <orientation>horizontal</orientation>
                    <itemgap>0</itemgap>
                    <control type="radiobutton" id="304">
                        <left>0</left>
                        <posy>50</posy>
                        <width>300</width>
                        <include>Keyboardbuttons</include>
                        <label>20180</label>
                        <onup>309</onup>
                        <ondown>303</ondown>
                    </control>
                    <control type="button" id="120">
                        <left>300</left>
                        <posy>50</posy>
                        <include>Keyboardbuttons</include>
                        <onup>100</onup>
                        <ondown>140</ondown>
                    </control>
                    <control type="button" id="121">
                        <left>430</left>
                        <posy>50</posy>
                        <include>Keyboardbuttons</include>
                        <onup>101</onup>
                        <ondown>141</ondown>
                    </control>
                    <control type="button" id="122">
                        <description>'C' button</description>
                        <left>560</left>
                        <posy>50</posy>
                        <include>Keyboardbuttons</include>
                        <onup>102</onup>
                        <ondown>142</ondown>
                    </control>
                    <control type="button" id="123">
                        <description>'D' button</description>
                        <left>690</left>
                        <posy>50</posy>
                        <include>Keyboardbuttons</include>
                        <onup>103</onup>
                        <ondown>143</ondown>
                    </control>
                    <control type="button" id="124">
                        <description>'E' button</description>
                        <left>820</left>
                        <posy>50</posy>
                        <include>Keyboardbuttons</include>
                        <onup>104</onup>
                        <ondown>144</ondown>
                    </control>
                    <control type="button" id="125">
                        <description>'F' button</description>
                        <left>950</left>
                        <posy>50</posy>
                        <include>Keyboardbuttons</include>
                        <onup>105</onup>
                        <ondown>145</ondown>
                    </control>
                    <control type="button" id="126">
                        <left>1080</left>
                        <posy>50</posy>
                        <include>Keyboardbuttons</include>
                        <onup>106</onup>
                        <ondown>146</ondown>
                    </control>
                    <control type="button" id="127">
                        <left>1210</left>
                        <posy>50</posy>
                        <include>Keyboardbuttons</include>
                        <onup>107</onup>
                        <ondown>147</ondown>
                    </control>
                    <control type="button" id="128">
                        <left>1340</left>
                        <posy>50</posy>
                        <include>Keyboardbuttons</include>
                        <onup>108</onup>
                        <ondown>148</ondown>
                    </control>
                    <control type="button" id="129">
                        <left>1470</left>
                        <posy>50</posy>
                        <include>Keyboardbuttons</include>
                        <onup>109</onup>
                        <ondown>149</ondown>
                    </control>
                </control>
                <control type="grouplist">
                    <top>100</top>
                    <orientation>horizontal</orientation>
                    <itemgap>0</itemgap>
                    <control type="radiobutton" id="303">
                        <description>CAPS LOCK button</description>
                        <left>0</left>
                        <posy>100</posy>
                        <width>300</width>
                        <include>Keyboardbuttons</include>
                        <label>20179</label>
                        <onup>304</onup>
                        <ondown>302</ondown>
                    </control>
                    <control type="button" id="140">
                        <include>Keyboardbuttons</include>
                        <onup>120</onup>
                        <ondown>160</ondown>
                    </control>
                    <control type="button" id="141">
                        <include>Keyboardbuttons</include>
                        <onup>121</onup>
                        <ondown>161</ondown>
                    </control>
                    <control type="button" id="142">
                        <include>Keyboardbuttons</include>
                        <onup>122</onup>
                        <ondown>162</ondown>
                    </control>
                    <control type="button" id="143">
                        <include>Keyboardbuttons</include>
                        <onup>123</onup>
                        <ondown>163</ondown>
                    </control>
                    <control type="button" id="144">
                        <include>Keyboardbuttons</include>
                        <onup>124</onup>
                        <ondown>164</ondown>
                    </control>
                    <control type="button" id="145">
                        <include>Keyboardbuttons</include>
                        <onup>125</onup>
                        <ondown>165</ondown>
                    </control>
                    <control type="button" id="146">
                        <include>Keyboardbuttons</include>
                        <onup>126</onup>
                        <ondown>166</ondown>
                    </control>
                    <control type="button" id="147">
                        <include>Keyboardbuttons</include>
                        <onup>127</onup>
                        <ondown>167</ondown>
                    </control>
                    <control type="button" id="148">
                        <include>Keyboardbuttons</include>
                        <onup>128</onup>
                        <ondown>168</ondown>
                    </control>
                    <control type="button" id="149">
                        <include>Keyboardbuttons</include>
                        <onup>129</onup>
                        <ondown>169</ondown>
                    </control>
                </control>
                <control type="grouplist">
                    <itemgap>0</itemgap>
                    <orientation>horizontal</orientation>
                    <top>150</top>

                    <control type="radiobutton" id="302">
                        <description>SHIFT button</description>
                        <left>0</left>
                        <posy>150</posy>
                        <width>300</width>
                        <include>Keyboardbuttons</include>
                        <label>20178</label>
                        <onup>303</onup>
                        <ondown>307</ondown>
                    </control>
                    <control type="button" id="160">
                        <include>Keyboardbuttons</include>
                        <onup>140</onup>
                        <ondown>300</ondown>
                    </control>
                    <control type="button" id="161">
                        <include>Keyboardbuttons</include>
                        <onup>141</onup>
                        <ondown>32</ondown>
                    </control>
                    <control type="button" id="162">
                        <include>Keyboardbuttons</include>
                        <onup>142</onup>
                        <ondown>32</ondown>
                    </control>
                    <control type="button" id="163">
                        <include>Keyboardbuttons</include>
                        <onup>143</onup>
                        <ondown>32</ondown>
                        <textoffsetx>0</textoffsetx>
                        <focusedcolor>black</focusedcolor>
                    </control>
                    <control type="button" id="164">
                        <include>Keyboardbuttons</include>
                        <onup>144</onup>
                        <ondown>306</ondown>
                    </control>
                    <control type="button" id="165">
                        <include>Keyboardbuttons</include>
                        <onup>145</onup>
                        <ondown>306</ondown>
                    </control>
                    <control type="button" id="166">
                        <include>Keyboardbuttons</include>
                        <onup>146</onup>
                        <ondown>306</ondown>
                    </control>
                    <control type="button" id="167">
                        <include>Keyboardbuttons</include>
                        <onup>147</onup>
                        <ondown>300</ondown>
                    </control>
                    <control type="button" id="168">
                        <include>Keyboardbuttons</include>
                        <onup>148</onup>
                        <ondown>300</ondown>
                    </control>
                    <control type="button" id="169">
                        <include>Keyboardbuttons</include>
                        <onup>149</onup>
                        <ondown>300</ondown>
                    </control>
                </control>
                <control type="grouplist">
                    <orientation>horizontal</orientation>
                    <itemgap>0</itemgap>
                    <top>200</top>
                    <control type="button" id="300">
                        <description>DONE button</description>
                        <width>320</width>
                        <include>Keyboardbuttons</include>
                        <label>20177</label>
                        <onup>302</onup>
                    </control>
                    <control type="button" id="307">
                        <description>IP ADDRESS button</description>
                        <width>320</width>
                        <include>Keyboardbuttons</include>
                        <label>1006</label>
                        <textoffsetx>0</textoffsetx>
                        <onup>160</onup>
                        <ondown></ondown>
                        <focusedcolor>black</focusedcolor>
                    </control>
                    <control type="button" id="32">
                        <description>SPACE button</description>
                        <width>320</width>
                        <include>Keyboardbuttons</include>
                        <label>20182</label>
                        <textoffsetx>0</textoffsetx>
                        <focusedcolor>black</focusedcolor>
                        <onleft>307</onleft>
                        <onright>305</onright>
                        <onup>163</onup>
                        <ondown></ondown>
                    </control>
                     <control type="button" id="8">
                        <description>SPACE button</description>
                        <width>320</width>
                        <include>Keyboardbuttons</include>
                        <label>20181</label>
                        <textoffsetx>0</textoffsetx>
                        <focusedcolor>black</focusedcolor>
                        <onleft>307</onleft>
                        <onright>305</onright>
                        <onup>163</onup>
                        <ondown></ondown>
                    </control>
                    <control type="button" id="305">
                        <description>PREVIOUS button</description>
                        <width>160</width>
                        <include>Keyboardbuttons</include>
                        <label>&lt;</label>
                        <focusedcolor>black</focusedcolor>
                        <onleft>32</onleft>
                        <onright>306</onright>
                        <onup>164</onup>
                        <ondown></ondown>
                    </control>
                    <control type="button" id="306">
                        <description>NEXT button</description>
                        <width>160</width>
                        <include>Keyboardbuttons</include>
                        <label>&gt;</label>
                        <focusedcolor>black</focusedcolor>
                        <onleft>305</onleft>
                        <onright>307</onright>
                        <onup>166</onup>
                        <ondown></ondown>
                    </control>

                </control>
            </control>
        </control>
    </controls>
</window>
