<?xml version="1.0" encoding="UTF-8"?>
<window type="dialog" id="143">
  <include>OpenClose</include>
  <controls>
    <control type="group">
      <posx>459</posx>
      <posy>250</posy>
      <control type="image" description="List back">
        <width>1002</width>
        <height>560</height>
        <aspectratio>stretch</aspectratio>
        <texture border="150">images/Dialog.png</texture>
      </control>
      <control type="grouplist" id="9000">
        <posx>210</posx>
        <posy>152</posy>
        <control type="label" id="1">
          <description>header label</description>
          <width>615</width>
          <font>size39B</font>
          <label>31002</label>
          <align>center</align>
        </control>
        <control type="label" id="401">
          <description>Song Number Label</description>
          <width>615</width>
          <align>center</align>
        </control>
        <control type="label" id="402">
          <description>Song Name Label</description>
          <width>615</width>
          <align>center</align>
          <textcolor>Silver</textcolor>
          <scroll>true</scroll>
        </control>
      </control>
    </control>
  </controls>
</window>
