<?xml version="1.0" encoding="UTF-8"?>
<window id="107">
  <type>dialog</type>
  <zorder>2</zorder>
  <allowoverlay>no</allowoverlay>
<backgroundcolor>0xffffffff</backgroundcolor>
  <controls>
   <control type="group">
      <posx>1230</posx>
      <posy>965</posy>
	  <animation effect="slide" start="710,0" end="0,0" time="450">WindowOpen</animation>
      <animation effect="slide" start="0,0" end="710,0" time="450">WindowClose</animation>
      <control type="image" description="Dialog BG">
        <posx>0</posx>
        <posy>0</posy>
        <width>700</width>
        <height>108</height>
        <texture border="30">images/ProgressBG.png</texture>
      </control>
      <control type="group">
        <posx>20</posx>
        <posy>14</posy>
        <control type="image" id="400" description="File Icon">
          <width>80</width>
          <height>80</height>
          <aspectratio align="left" aligny="center">keep</aspectratio>
          <texture>DefaultIconInfo.png</texture>
        </control>
        <control type="image" id="403" description="Default Icon">
          <width>80</width>
          <height>80</height>
          <aspectratio align="left" aligny="center">keep</aspectratio>
          <visible>false</visible>
          <texture>DefaultIconInfo.png</texture>
        </control>
        <control type="image" id="404" description="Default Warning">
          <width>80</width>
          <height>80</height>
          <aspectratio align="left" aligny="center">keep</aspectratio>
          <visible>false</visible>
          <texture>DefaultIconWarning.png</texture>
        </control>
        <control type="image" id="405" description="Default Error">
          <width>80</width>
          <height>80</height>
          <aspectratio>keep</aspectratio>
          <visible>false</visible>
          <texture>DefaultIconError.png</texture>
        </control>
        <control type="label" id="401" description="Heading">
          <posx>90</posx>
          <posy>3</posy>
          <width>610</width>
          <height>27</height>
          <font>size26</font>
          <align>left</align>
          <aligny>bottom</aligny>
          <scroll>true</scroll>
          <label>-</label>
        </control>
        <control type="label" id="402" description="Message">
          <posx>90</posx>
          <posy>34</posy>
          <width>610</width>
          <height>70</height>
          <scroll>true</scroll>
          <font>size26</font>
          <align>left</align>
          <aligny>bottom</aligny>
          <label>-</label>
        </control>
      </control>
    </control>
  </controls>
</window>
