<?xml version="1.0" encoding="UTF-8"?>
<window id="2008">
    <defaultcontrol always="true">450</defaultcontrol>
    <allowoverlay>yes</allowoverlay>
    <include>OpenClose</include>
    <controls>
        <control type="group">
            <posx>510</posx>
            <posy>210</posy>
            <control type="image">
                <posx>-30</posx>
                <posy>-30</posy>
                <width>1440</width>
                <height>744</height>
                <texture border="22">images/Dialog.png</texture>
            </control>
            <control type="label">
                <posx>15</posx>
                <posy>48</posy>
                <width>873</width>
                <align>center</align>
                <info>ListItem.Label</info>
            </control>
            <control type="list" id="450">
                <posx>15</posx>
                <posy>117</posy>
                <width>870</width>
                <height>552</height>
                <onleft>450</onleft>
                <onright>450</onright>
                <onup>450</onup>
                <ondown>450</ondown>
                <itemlayout height="69">
                    <control type="image">
                        <width>870</width>
                        <height>66</height>
                        <texture border="2">images/Black.png</texture>
                    </control>
                    <control type="label">
                        <posx>30</posx>
                        <width>810</width>
                        <info>ListItem.Label</info>
                    </control>
                </itemlayout>
                <focusedlayout height="69">
                    <control type="image">
                        <width>870</width>
                        <height>66</height>
                        <texture border="8">images/Buttonselect.png</texture>
                    </control>
                    <control type="label">
                        <posx>30</posx>
                        <width>810</width>
                        <info>ListItem.Label</info>
                    </control>
                </focusedlayout>
            </control>
        </control>
    </controls>
</window>
