<?xml version="1.0" encoding="UTF-8"?>
<window id="502">
  <defaultcontrol always="true">50</defaultcontrol>
  <allowoverlay>no</allowoverlay>
  <views>50,52,53,501,500,510</views>
  <controls>
    <include>BlackBackground</include>
    <include>Musicviews</include>
    <control type="group" description="Side menu 9000 group">
      <visible allowhiddenfocus="true">ControlGroup(9000).HasFocus()</visible>
      <include>DialogOpenCloseVisible</include>
      <control type="image" description="List back">
        <posx>459</posx>
        <posy>150</posy>
        <width>1002</width>
        <height>798</height>
        <aspectratio>stretch</aspectratio>
        <texture border="150">images/Dialog.png</texture>
      </control>
      <control type="grouplist" id="9000">
	  <posy>330</posy>
	  <height>auto</height>
        <include>DialogGLs</include>
        <control type="button" id="2" description="Views">
          <texturenofocus>-</texturenofocus>
          <include>DialogButt</include>
        </control>
        <control type="button" id="3" description="Sort">
          <include>DialogButt</include>
        </control>
        <control type="togglebutton" id="16" description="PartyMode">
          <include>DialogButt</include>
          <label>$LOCALIZE[589]: $LOCALIZE[1223]</label>
          <altlabel>$LOCALIZE[589]: $LOCALIZE[305]</altlabel>
        </control>
        <control type="button" id="698" description="Files">
          <include>DialogButt</include>
          <label>$LOCALIZE[1024] $LOCALIZE[744]</label>
          <onclick>ActivateWindow(MusicFiles,root)</onclick>
        </control>
        <control type="togglebutton" id="699" description="Playing">
          <enable>Player.HasMedia</enable>
          <include>DialogButt</include>
          <label>$LOCALIZE[16003]</label>
          <altlabel>$LOCALIZE[31055]</altlabel>
          <usealttexture>Player.HasMedia</usealttexture>
          <onclick>fullscreen</onclick>
          <altclick>fullscreen</altclick>
          <animation effect="fade" start="100" end="60" time="100" condition="!Player.HasMedia">Conditional</animation>
        </control>
		<control type="togglebutton" id="20">
          <description>Update library</description>
          <include>DialogButt</include>
          <label>653</label>
          <altlabel>13353</altlabel>
          <usealttexture>library.isscanningvideo</usealttexture>
        </control>
      </control>
    </control>
    <control type="group">
      <control type="label" description="Heading">
        <visible>IsEmpty(Container.FolderName) + !Control.IsVisible(500)</visible>
        <include>HeadingR</include>
        <label>2</label>
      </control>
      <control type="label" description="Clock">
        <visible>Skin.HasSetting(ShowClock)</visible>
        <posx>50r</posx>
        <posy>3</posy>
        <width>500</width>
        <height>75</height>
        <align>right</align>
        <aligny>center</aligny>
        <font>size33B</font>
        <textcolor>White</textcolor>
        <label>$INFO[System.Time]</label>
      </control>
    </control>
  </controls>
</window>
