<?xml version="1.0" encoding="UTF-8"?>
<window id="2">
  <defaultcontrol always="true">50</defaultcontrol>
  <allowoverlay>no</allowoverlay>
  <controls>
  <include>BlackBackground</include>
    <control type="group" description="List 50">
      <visible>Control.IsVisible(50)</visible>
      <control type="group" description="Thumbs">
        <posy>40</posy>
        <animation effect="fade" time="400">Visible</animation>
        <animation effect="fade" time="0">Hidden</animation>
        <control type="image" description="Thumb">
          <posx>160</posx>
          <width>660</width>
          <height>1000</height>
          <include>Icon_Fade</include>
          <texture fallback="PhotoFolder.png" background="true">$INFO[ListItem.Icon]</texture>
          <aspectratio aligny="center">keep</aspectratio>
        </control>
      </control>
      <control type="group" description="Slider and List">
        <include>SlimListItemCount</include>
        <posx>1020</posx>
      <posy>131</posy>
        <include>SlimListSlider</include>
        <control type="fixedlist" id="50">
          <posx>0</posx>
          <posy>0</posy>
          <width>802</width>
          <height>891</height>
          <onleft condition="!Skin.HasSetting(ViewsMenuOff)">9000</onleft>
          <onright condition="Skin.HasSetting(Scrollbars_Active)">60</onright>
          <onup>50</onup>
          <ondown>50</ondown>
          <pagecontrol>60</pagecontrol>
          <viewtype label="535">List</viewtype>
          <focusposition>5</focusposition>
          <movement>5</movement>
          <preloaditems>2</preloaditems>
          <scrolltime tween="sine" easing="inout">280</scrolltime>
          <itemlayout width="802" height="81">
            <include>ArrowNF</include>
            <control type="label" description="Main Label">
              <include>52MainLabel</include>
              <label>$INFO[ListItem.Label]</label>
            </control>
          </itemlayout>
          <focusedlayout width="802" height="81">
            <include>ArrowFO</include>
            <control type="label" description="Main Label">
              <include>52MainLabelFO</include>
              <label>$INFO[ListItem.Label]</label>
            </control>
          </focusedlayout>
        </control>
      </control>
      <include>ListFade</include>
      <control type="scrollbar" id="60">
        <posx>51r</posx>
        <posy>147</posy>
        <height>882</height>
        <onleft>50</onleft>
        <onright>noop</onright>
      </control>
    </control>
    <control type="group">
      <visible>Control.IsVisible(53)</visible>
      <control type="group" description="Container and frame">
        <control type="panel" id="53" description="icons">
          <viewtype label="536">Icons</viewtype>
          <posx>60</posx>
          <posy>140</posy>
          <width>1800</width>
          <height>897</height>
          <orientation>vertical</orientation>
          <onup>noop</onup>
          <ondown>noop</ondown>
          <onleft condition="!Skin.HasSetting(ViewsMenuOff)">9000</onleft>
          <onright condition="Skin.HasSetting(Scrollbars_Active)">60</onright>
          <preloaditems>4</preloaditems>
          <pagecontrol>60</pagecontrol>
          <scrolltime>400</scrolltime>
          <itemlayout height="345" width="300">
            <control type="image">
              <visible>!StringCompare(ListItem.Label,..)</visible>
              <posx>9</posx>
              <posy>11</posy>
              <width>281</width>
              <height>281</height>
              <texture diffuse="images/diffusepic.png" background="true" fallback="PhotoFolder.png">$INFO[ListItem.Thumb]</texture>
              <aspectratio scalediffuse="false">scale</aspectratio>
            </control>
            <control type="image">
              <visible>StringCompare(ListItem.Label,..)</visible>
              <posx>9</posx>
              <posy>11</posy>
              <width>281</width>
              <height>281</height>
              <texture diffuse="images/diffusepic.png" >$INFO[ListItem.Icon]</texture>
              <aspectratio scalediffuse="false">scale</aspectratio>
            </control>
          </itemlayout>
          <focusedlayout height="345" width="300">
            <control type="image">
              <visible>!StringCompare(ListItem.Label,..)</visible>
              <posx>9</posx>
              <posy>11</posy>
              <width>281</width>
              <height>281</height>
              <texture diffuse="images/diffusepic.png" background="true" fallback="PhotoFolder.png">$INFO[ListItem.Thumb]</texture>
              <aspectratio scalediffuse="false">scale</aspectratio>
            </control>
            <control type="image">
              <visible>StringCompare(ListItem.Label,..)</visible>
              <posx>9</posx>
              <posy>11</posy>
              <width>281</width>
              <height>281</height>
              <texture diffuse="images/diffusepic.png" >$INFO[ListItem.Icon]</texture>
              <aspectratio scalediffuse="false">scale</aspectratio>
            </control>
            <control type="label">
              <animation effect="fade" start="0" end="100" time="200" delay="100">Focus</animation>
              <posx>150</posx>
              <posy>290</posy>
              <width>270</width>
              <height>45</height>
              <font>size22</font>
              <textcolor>White</textcolor>
              <shadowcolor>Black</shadowcolor>
              <align>center</align>
              <label>[B]$INFO[ListItem.Label][/B]</label>
            </control>
            <control type="image" description="selection">
              <animation effect="fade" start="0" end="100" time="500" delay="50" reversible="false">Focus</animation>
              <animation effect="fade" start="100" end="0" time="50" reversible="false">unFocus</animation>
              <posx>9</posx>
              <posy>11</posy>
              <width>281</width>
              <height>281</height>
              <texture>images/picselection.png</texture>
            </control>
          </focusedlayout>
        </control>
      </control>
      <control type="image" description="Line Split">
        <posx>82</posx>
        <posy>134</posy>
        <width>1748</width>
        <height>1</height>
        <texture>images/LineL.png</texture>
        <aspectratio>stretch</aspectratio>
      </control>
      <control type="grouplist" description="Media Header">
        <posx>82</posx>
        <posy>15</posy>
        <width>930</width>
        <height>75</height>
        <align>left</align>
        <aligny>bottom</aligny>
        <orientation>horizontal</orientation>
        <control type="label" id="7777" description="Heading">
          <width min="60" max="930">auto</width>
          <height>75</height>
          <textcolor>White2</textcolor>
          <font>size42</font>
          <label>$VAR[RootLabel]</label>
        </control>
        <control type="label" description="Number of files">
          <visible>!IsEmpty(Control.GetLabel(7777))</visible>
          <width min="60" max="120">auto</width>
          <height>81</height>
          <font>size26</font>
          <textcolor>Grey</textcolor>
          <label>$INFO[Container.NumItems,  (,)]</label>
        </control>
      </control>
      <control type="label" description="Media details">
        <posx>82</posx>
        <posy>87</posy>
        <width>1200</width>
        <textcolor>Silver</textcolor>
        <include>Genre51Commons</include>
        <label>$INFO[ListItem.label][COLOR=Grey]$VAR[TopLabel,  ][/COLOR]</label>
      </control>
      <control type="scrollbar" id="60">
        <posx>45r</posx>
        <posy>144</posy>
        <height>900</height>
        <onleft>53</onleft>
        <onright>9000</onright>
      </control>
    </control>
    <control type="group" description="Side menu 9000 group">
      <visible allowhiddenfocus="true">ControlGroup(9000).HasFocus()</visible>
      <include>DialogOpenCloseVisible</include>
      <control type="image" description="List back">
        <posx>459</posx>
        <posy>168</posy>
        <width>1002</width>
        <height>762</height>
        <aspectratio>stretch</aspectratio>
        <texture border="150">images/Dialog.png</texture>
      </control>
      <control type="grouplist" id="9000">
        <include>DialogGLs</include>
        <control type="button" id="2" description="Views">
          <include>DialogButt</include>
        </control>
        <control type="button" id="3" description="Sort">
          <include>DialogButt</include>
        </control>
        <control type="button" id="6" description="Slideshow">
          <disabledcolor>Disabled</disabledcolor>
          <include>DialogButt</include>
          <label>108</label>
          <visible>!ListItem.IsFolder</visible>
        </control>
        <control type="button" id="7" description="Recursive slideshow">
          <disabledcolor>Disabled</disabledcolor>
          <include>DialogButt</include>
          <label>13318</label>
          <visible>ListItem.IsFolder</visible>
        </control>
        <control type="radiobutton" id="9" description="Randomize">
          <include>DialogButt</include>
          <label>13319</label>
        </control>
        <control type="togglebutton" id="699" description="Playing">
          <enable>Player.HasMedia</enable>
          <include>DialogButt</include>
          <label>$LOCALIZE[16003]</label>
          <altlabel>$LOCALIZE[31055]</altlabel>
          <usealttexture>Player.HasMedia</usealttexture>
          <onclick>fullscreen</onclick>
          <altclick>fullscreen</altclick>
          <animation effect="fade" start="100" end="60" time="100" condition="!Player.HasMedia">Conditional</animation>
        </control>
      </control>
    </control>
    <include>WindowsTopInfos</include>
  </controls>
</window>
