<?xml version="1.0" encoding="UTF-8"?>
<window id="2600">
    <defaultcontrol always="true">3</defaultcontrol>
    <allowoverlay>no</allowoverlay>
    <include>OpenClose</include>
    <controls>
        <include>BlackBackground</include>
        <control type="image">
            <width>1920</width>
            <height>1080</height>
            <texture>images/weatherback.png</texture>
            <aspectratio>stretch</aspectratio>
        </control>
        <include>Clock</include>
        <control type="group" description="Bottom">
            <control type="label" description="last updated label">
                <posx>1400</posx>
                <posy>960</posy>
                <width>400</width>
                <height>45</height>
                <label>$LOCALIZE[31016]</label>
                <font>size26</font>
                <textcolor>Grey</textcolor>
            </control>
            <control type="label" id="11" description="last update">
                <posx>1400</posx>
                <posy>990</posy>
                <width>400</width>
                <height>45</height>
                <label>-</label>
                <font>size26</font>
                <textcolor>Grey</textcolor>
            </control>
            <control type="spincontrolex" id="3">
                <visible>!StringCompare(Weather.Plugin,weather.weatherplus)</visible>
                <description>Location</description>
                <colordiffuse>FFFFAA00</colordiffuse>
                <posx>200</posx>
                <posy>200</posy>
                <width>500</width>
                <visible>true</visible>
                <texturefocus></texturefocus>
                <texturenofocus></texturenofocus>
                <label>-</label>
                <font>size42B</font>
                <shadowcolor>-</shadowcolor>
                <ondown>150</ondown>
            </control>
        </control>
        <control type="button" id="2" description="Refresh">
            <posy>980</posy>
            <centerleft>960</centerleft>
            <onright>noop</onright>
            <onleft>noop</onleft>
            <onup>150</onup>
            <width>300</width>
            <font>size39B</font>
            <label>-</label>
            <align>center</align>
        </control>
        <control type="group" id="51">
            <visible>!StringCompare(Weather.Plugin,weather.weatherplus)</visible>
            <posx>200</posx>
            <posy>160</posy>
            <control type="label" description="Temp value">
                <posx>950</posx>
                <posy>80</posy>
                <width>500</width>
                <font>size212</font>
                <align>center</align>
                <shadowcolor>-</shadowcolor>
                <height>30</height>
                <label>$INFO[Window.Property(Current.Temperature)]$INFO[System.TemperatureUnits]</label>
            </control>
            <control type="label" description="Feels like label">
                <posx>950</posx>
                <posy>170</posy>
                <width>500</width>
                <height>30</height>
                <align>center</align>
                <shadowcolor>-</shadowcolor>
                <label>$LOCALIZE[402] : $INFO[Window.Property(Current.FeelsLike)]°</label>
            </control>
            <control type="label" description="Current dew value">
                <posx>950</posx>
                <posy>210</posy>
                <width>500</width>
                <height>30</height>
                <align>center</align>
                <shadowcolor>-</shadowcolor>
                <label>$LOCALIZE[405] : $INFO[Window.Property(Current.DewPoint)]</label>
            </control>
            <control type="label" description="Current humidity value">
                <posy>120</posy>
                <width>600</width>
                <height>30</height>
                <align>center</align>
                <shadowcolor>-</shadowcolor>
                <label>$LOCALIZE[406] : $INFO[Window.Property(Current.Humidity)]</label>
            </control>
            <control type="label" description="Current uv label">
                <posy>160</posy>
                <width>600</width>
                <height>30</height>
                <align>center</align>
                <shadowcolor>-</shadowcolor>
                <label>$LOCALIZE[403] : $INFO[Window.Property(Current.UVIndex)]</label>
            </control>
            <control type="label" description="Current wind value">
                <posx>20</posx>
                <posy>200</posy>
                <width>600</width>
                <height>30</height>
                <align>center</align>
                <shadowcolor>-</shadowcolor>
                <label>$LOCALIZE[404] : $INFO[Window.Property(Current.Wind)]</label>
            </control>
        </control>
        <control type="list" id="150" description="DAYS">
            <posx>210</posx>
            <posy>460</posy>
            <width>1500</width>
            <height>490</height>
            <onup>3</onup>
            <ondown>2</ondown>
            <onleft>150</onleft>
            <onright>150</onright>
            <orientation>horizontal</orientation>
            <itemlayout width="250">
                <control type="label">
                    <centerleft>125</centerleft>
                    <height>120</height>
                    <width>220</width>
                    <align>center</align>
                    <font>size36</font>
                    <shadowcolor>-</shadowcolor>
                    <label>$INFO[ListItem.label]</label>
                </control>
                <control type="label" description="temps">
                    <centerleft>125</centerleft>
                    <posy>300</posy>
                    <height>100</height>
                    <width>220</width>
                    <align>center</align>
                    <shadowcolor>-</shadowcolor>
                    <label>$INFO[ListItem.label2]</label>
                </control>
                <control type="label" description="Conditions">
                    <centerleft>125</centerleft>
                    <posy>400</posy>
                    <height>45</height>
                    <width>220</width>
                    <font>size21</font>
                    <align>center</align>
                    <shadowcolor>-</shadowcolor>
                    <label>$INFO[ListItem.Property(Conditions)]</label>
                </control>
                <control type="image" description="Dayicon">
                    <posx>25</posx>
                    <posy>122</posy>
                    <height>220</height>
                    <width>220</width>
                    <texture>$INFO[ListItem.thumb]</texture>
                    <aspectratio align="center">keep</aspectratio>
                </control>
                <control type="image">
                    <posx>250</posx>
                    <width>5</width>
                    <height>500</height>
                    <texture>images/LineV.png</texture>
                </control>
            </itemlayout>
            <focusedlayout width="250">
                <control type="label">
                    <centerleft>125</centerleft>
                    <height>120</height>
                    <width>220</width>
                    <align>center</align>
                    <font>size36</font>
                    <textcolor>Yellow</textcolor>
                    <shadowcolor>-</shadowcolor>
                    <label>$INFO[ListItem.label]</label>
                </control>
                <control type="label" description="temps">
                    <centerleft>125</centerleft>
                    <posy>300</posy>
                    <height>100</height>
                    <width>220</width>
                    <align>center</align>
                    <shadowcolor>-</shadowcolor>
                    <label>$INFO[ListItem.label2]</label>
                </control>
                <control type="label" description="Conditions">
                    <centerleft>125</centerleft>
                    <posy>400</posy>
                    <height>45</height>
                    <width>220</width>
                    <font>size21</font>
                    <align>center</align>
                    <shadowcolor>-</shadowcolor>
                    <label>$INFO[ListItem.Property(Conditions)]</label>
                </control>
                <control type="image" description="Dayicon">
                    <posx>25</posx>
                    <posy>122</posy>
                    <height>220</height>
                    <width>220</width>
                    <texture>$INFO[ListItem.thumb]</texture>
                    <aspectratio align="center">keep</aspectratio>
                </control>
                <control type="image">
                    <posx>250</posx>
                    <width>5</width>
                    <height>500</height>
                    <texture>images/LineV.png</texture>
                </control>
            </focusedlayout>
            <content>
                <item id="0">
                    <label>33006</label>
                    <label2>Min:  $INFO[Window.Property(Day0.LowTemp)] [CR] Max:  $INFO[Window.Property(Day0.HighTemp)]</label2>
                    <property name="Conditions">$INFO[Window.Property(Day0.Outlook)]</property>
                    <thumb>$INFO[Window.Property(Day0.OutlookIcon)]</thumb>
                    <onclick>noop</onclick>
                </item>
                <item id="1">
                    <label>$INFO[Window.Property(Day1.Title)]</label>
                    <label2>Min:  $INFO[Window.Property(Day1.LowTemp)] [CR] Max:  $INFO[Window.Property(Day1.HighTemp)]</label2>
                    <property name="Conditions">$INFO[Window(Weather).Property(Day1.Outlook)]</property>
                    <thumb>$INFO[Window.Property(Day1.OutlookIcon)]</thumb>
                    <onclick>noop</onclick>
                </item>
                <item id="2">
                    <label>$INFO[Window.Property(Day2.Title)]</label>
                    <label2>Min:  $INFO[Window.Property(Day2.LowTemp)] [CR] Max:  $INFO[Window.Property(Day2.HighTemp)]</label2>
                    <property name="Conditions">$INFO[Window(Weather).Property(Day2.Outlook)]</property>
                    <thumb>$INFO[Window.Property(Day2.OutlookIcon)]</thumb>
                    <onclick>noop</onclick>
                </item>
                <item id="3">
                    <label>$INFO[Window.Property(Day3.Title)]</label>
                    <label2>Min:  $INFO[Window.Property(Day3.LowTemp)] [CR] Max:  $INFO[Window.Property(Day3.HighTemp)]</label2>
                    <property name="Conditions">$INFO[Window(Weather).Property(Day3.Outlook)]</property>
                    <thumb>$INFO[Window.Property(Day3.OutlookIcon)]</thumb>
                    <onclick>noop</onclick>
                </item>
                <item id="4">
                    <label>$INFO[Window.Property(Day4.Title)]</label>
                    <label2>Min:  $INFO[Window.Property(Day4.LowTemp)] [CR] Max:  $INFO[Window.Property(Day4.HighTemp)]</label2>
                    <property name="Conditions">$INFO[Window(Weather).Property(Day4.Outlook)]</property>
                    <thumb>$INFO[Window.Property(Day4.OutlookIcon)]</thumb>
                    <onclick>noop</onclick>
                </item>
                <item id="5">
                    <label>$INFO[Window.Property(Day5.Title)]</label>
                    <label2>Min:  $INFO[Window.Property(Day5.LowTemp)] [CR] Max:  $INFO[Window.Property(Day5.HighTemp)]</label2>
                    <property name="Conditions">$INFO[Window(Weather).Property(Day5.Outlook)]</property>
                    <thumb>$INFO[Window.Property(Day5.OutlookIcon)]</thumb>
                    <onclick>noop</onclick>
                </item>
                <item id="6">
                    <label>$INFO[Window.Property(Day6.Title)]</label>
                    <label2>Min:  $INFO[Window.Property(Day6.LowTemp)] [CR] Max:  $INFO[Window.Property(Day6.HighTemp)]</label2>
                    <property name="Conditions">$INFO[Window(Weather).Property(Day6.Outlook)]</property>
                    <thumb>$INFO[Window.Property(Day6.OutlookIcon)]</thumb>
                    <onclick>noop</onclick>
                </item>
            </content>
        </control>
        <control type="image" description="Current weather OVERLAY">
            <height>1080</height>
            <width>1920</width>
            <aspectratio>stretch</aspectratio>
            <texture>$INFO[Window.Property(Current.FanartCode),weather/,.png]</texture>
        </control>
        <!--<control type="multiimage">
        <width>320</width>
        <height>200</height>
        <imagepath>$INFO[Window.Property(MapPath)]</imagepath>
        </control>-->
    </controls>
</window>
