<?xml version="1.0" encoding="UTF-8"?>
<window id="12">
    <defaultcontrol always="true">3</defaultcontrol>
    <allowoverlay>no</allowoverlay>
    <include>OpenClose</include>
    <controls>
        <include>BlackBackground</include>
        <control type="image" description="Line Split">
            <posx>0</posx>
            <posy>150</posy>
            <width>1920</width>
            <height>1</height>
            <aspectratio>stretch</aspectratio>
            <texture>images/Line.png</texture>
        </control>
        <control type="image" description="Line Split">
            <posx>0</posx>
            <posy>80</posy>
            <width>1920</width>
            <height>1</height>
            <aspectratio>stretch</aspectratio>
            <texture>images/Line.png</texture>
        </control>
        <control type="label" id="2" description="Heading">
            <include>Heading</include>
            <label>-</label>
        </control>
        <control type="grouplist" id="3" description="TopMenu">
            <posx>0</posx>
            <posy>78</posy>
            <width>auto</width>
            <align>center</align>
            <height>80</height>
            <itemgap>5</itemgap>
            <onup>20</onup>
            <ondown>5</ondown>
            <orientation>horizontal</orientation>
        </control>
        <control type="grouplist" id="5" description="Stage">
            <posx>250</posx>
            <posy>200</posy>
            <width>1420</width>
            <height>860</height>
            <onright>60</onright>
            <onup>3</onup>
            <ondown>5</ondown>
            <onright>3</onright>
            <onleft>3</onleft>
            <pagecontrol>60</pagecontrol>
            <orientation>vertical</orientation>
        </control>
        <control type="button" id="7" description="Button">
            <width>1260</width>
            <texturenofocus>-</texturenofocus>
            <texturefocus border="8">images/Buttonselect.png</texturefocus>
            <font>size34</font>
            <align>left</align>
        </control>
        <control type="radiobutton" id="8" description="Radio Button">
            <width>1260</width>
            <texturenofocus>-</texturenofocus>
            <texturefocus border="8">images/Buttonselect.png</texturefocus>
            <radioposx>1197</radioposx>
            <font>size34</font>
            <align>left</align>
        </control>
        <control type="spincontrolex" id="9" description="Spin control">
            <width>1260</width>
            <texturenofocus>-</texturenofocus>
            <texturefocus border="8">images/Buttonselect.png</texturefocus>
            <align>left</align>
            <font>size34</font>
        </control>
        <control type="button" id="10" description="Category Button">
            <texturenofocus>-</texturenofocus>
            <texturefocus border="4">images/backfocus.png</texturefocus>
            <textoffsetx>20</textoffsetx>
            <align>center</align>
            <aligny>center</aligny>
            <font>size34</font>
        </control>
        <control type="sliderex" id="13">
            <description>Default Slider</description>
            <font>size34</font>
            <texturenofocus>-</texturenofocus>
            <texturefocus border="8">images/Buttonselect.png</texturefocus>
            <aligny>center</aligny>
        </control>
        <control type="scrollbar" id="60">
            <posx>39r</posx>
            <posy>159</posy>
            <height>861</height>
            <onleft>5</onleft>
            <onright>noop</onright>
        </control>
        <control type="button" id="20">
            <description>Settings Level</description>
            <width>350</width>
            <height>80</height>
            <font>Size26</font>
            <onclick>SettingsLevelChange</onclick>
            <ondown>3</ondown>
        </control>
    </controls>
</window>
