<?xml version="1.0" encoding="UTF-8" standalone="yes"?>
<addon id="repository.welldone.videoaddons" name="Welldone Collection精品插件库" version="0.0.1" provider-name="Goodboy">
	<extension point="xbmc.addon.repository" name="welldone Add-on Repository">
		<info compressed="false">http://10.10.2.39:9000/addons.xml</info>
		<checksum>http://10.10.2.39:9000/addons.xml.md5</checksum>
		<datadir zip="true">http://10.10.2.39:9000/repo</datadir>
	</extension>
	<extension point="xbmc.addon.metadata">
		<summary>Install Add-ons from welldone videoaddons repository</summary>
		<summary lang="zh">从welldone插件库安装XBMC扩展功能</summary>
		<description>Download and install add-ons for welldone addons repository.</description>
		<description lang="zh">从welldone插件测试库下载安装XBMC扩展功能模块。</description>
		<disclaimer>All media is collected from Internet.</disclaimer>
		<disclaimer lang="zh">您所看到的所有内容均来自互联网</disclaimer>
		<platform>all</platform>
	</extension>
</addon>