<?xml version="1.0" encoding="UTF-8" standalone="yes"?>
<addon id="plugin.video.phstreams"
	name="Phoenix"
	version="1.1.5"
	provider-name="Blazetamer">
  <requires>
    <import addon="script.module.simplejson" version="3.3.0"/>
    <import addon="xbmc.python" version="2.1.0"/>
    <import addon="script.module.t0mm0.common" version="2.0.0"/>
    <import addon="plugin.video.youtube" version="3.0.0"/>
    <import addon="script.module.urlresolver"  version="2.1.2"/>
    <import addon="script.common.plugin.cache" version="2.5.2"/>
    <import addon="script.module.addon.common" version="2.0.0"/>
    <import addon="script.module.simple.downloader" version="1.9.4" />
  </requires>
  <extension point="xbmc.python.pluginsource" library="default.py">
    <provides>video</provides>
  </extension>
  <extension point="xbmc.addon.metadata">
    <summary lang="en">Phoenix</summary>
    <description lang="en">Discover Great Live Streaming Playlists Exclusive to XBMC, Please visit www.tvaddons.ag for help and support!</description>
    <platform>all</platform>
    <forum> http://forums.tvaddons.ag/forums/220-PHOENIX-LIVE-STREAMS</forum>
    <website>http://www.tvaddons.ag/</website>
  </extension>
</addon>
