<?xml version="1.0" encoding="UTF-8"?>
<addon id="plugin.video.zdf_de_lite" name="ZDF Mediathek" version="2.1.3" provider-name="AddonScriptorDE">
       <extension point="xbmc.python.pluginsource" library="default.py">
        <provides>video</provides>
    </extension>
    <extension point="xbmc.addon.metadata">
        <platform>all</platform>
        <summary lang="de">ZDF, ZDFneo, ZDFkultur, ZDFinfo und 3sat Mediathek</summary>
        <summary lang="en">ZDF, ZDFneo, ZDFkultur, ZDFinfo and 3sat Media Library</summary>
        <language>de</language>
        <description lang="de">ZDF, ZDFneo, ZDFkultur, ZDFinfo und 3sat Mediathek</description>
        <description lang="en">ZDF, ZDFneo, ZDFkultur, ZDFinfo and 3sat Media Library</description>
        <disclaimer lang="en">Some parts of this addon may not be legal in your country of residence - please check with your local laws before installing.</disclaimer>
        <license>GNU GENERAL PUBLIC LICENSE. Version 2, June 1991</license>
        <source>https://github.com/AddonScriptorDE/plugin.video.zdf_de_lite</source>
        <forum>http://forum.xbmc.org/showthread.php?tid=132563</forum>
        <email>AddonScriptorDE at yahoo dot de</email>
        <website>http://www.zdf.de/ZDFmediathek</website>
    </extension>
</addon>
