﻿<?xml version="1.0" encoding="UTF-8" standalone="yes"?>
<addon id="plugin.video.youkuhd"
    name="HDP优酷高清"
    version="1.1.1"
    provider-name="Wenl">
    <extension
        point="xbmc.python.pluginsource"
        library="default.py">
        <provides>video</provides>
    </extension>
    <extension point="xbmc.addon.metadata">
        <summary lang="en">YouKuHD video plugin</summary>
        <summary lang="zh">优酷视频高清版</summary>
        <description lang="en">online video from youku</description>
        <description lang="zh">优酷，2006年12月21日正式推出。优酷以 "快者为王"为产品理 念，凭借"快速播放，快速发布，快速搜索"的产品特性，充分满足用户日益增长的互动需求及多元化视频体验，现已成为中国互联网领域最具影响力、最受用户喜爱的视频媒体。更多xbmc优秀插件分享，插件编写教程请上高清范网站 http://www.hdpfans.com</description>
        <platform>all</platform>
    </extension>
</addon>