<?xml version="1.0" encoding="UTF-8" standalone="yes"?>
<addon	id="service.playback.sleeptimer"
				name="Playback sleep timer Service"
				version="1.0.0"
				provider-name="Software Schlosser">
	<requires>
		<import addon="xbmc.python" version="2.1.0"/>
		<import addon="xbmc.addon" version="12.0.0"/>
		<import addon="script.module.simplejson"	version="2.0.10"/>
	</requires>
	<extension point="xbmc.service"
		library="default.py" start="login">
	</extension>
	<extension point="xbmc.addon.metadata">
		<summary lang="en">Playback sleep timer Service</summary>
		<description lang="en">Script stop playback when no user actions occur for a given time.</description>
		<platform>all</platform>
		<language>en</language>
		<license>GNU GENERAL PUBLIC LICENSE. Version 2, June 1991</license>
		<forum></forum>
		<website></website>
		<email>info@software-schlosser.de</email>
		<source>"http://software-schlosser.de/downloads/xbmc/"</source>
	</extension>
</addon>
