<streamingInfos>

<streaminginfo>
<cname>ERI.TV</cname>
<url>1793</url>
</streaminginfo>

<streaminginfo>
<cname>4Music</cname>
<url>95</url>
</streaminginfo>

<streaminginfo>
<cname>BBC</cname>
<title>Music Magazine</title>
<url>1309</url>
</streaminginfo>

<streaminginfo>
<cname>BBC</cname>
<title>North Ireland</title>
<url>361</url>
</streaminginfo>

<streaminginfo>
<cname>BBC</cname>
<title>BBC Two</title>
<url>25</url>
</streaminginfo>
<streaminginfo>
<cname>BBC</cname>
<title>BBC Parliament</title>
<url>166</url>
</streaminginfo>

<streaminginfo>
<cname>BBC</cname>
<title>CBEEBIES/BBC Four</title>
<url>103</url>
</streaminginfo>

<streaminginfo>
<cname>BBC</cname>
<title>Three</title>
<url>113</url>
</streaminginfo>

<streaminginfo>
<cname>BBC</cname>
<title>BBC One</title>
<url>14</url>
</streaminginfo>

<streaminginfo>
<cname>BBC</cname>
<title>BBC News</title>
<url>27</url>
</streaminginfo>

<streaminginfo>
	<cname>FRANCE 2</cname>
	<url>1717</url>
</streaminginfo>
<streaminginfo>
	<cname>FRANCE 3</cname>
	<url>1723</url>
</streaminginfo>
<streaminginfo>
	<cname>FRANCE 5</cname>
	<url>1720</url>
</streaminginfo>
<streaminginfo>
	<cname>TV 5 MONDE</cname>
	<url>517</url>
</streaminginfo>
<streaminginfo>
	<cname>Euronews fr</cname>
	<url>2900</url>
</streaminginfo>
<streaminginfo>
	<cname>BFMTV</cname>
	<url>2765</url>
</streaminginfo>
<streaminginfo>
	<cname>France 24 FR</cname>
	<url>298</url>
</streaminginfo>

<streaminginfo>
	<cname>EuroSport German</cname>
	<url>2771</url>
</streaminginfo>

<streaminginfo>
	<cname>Rotana Cinema</cname>
	<title>link1</title>
	<url>2618</url>
</streaminginfo>

<streaminginfo>
	<cname>DW Arabia</cname>
	<url>2693</url>
</streaminginfo>
<streaminginfo>
	<cname>Rotana Clip</cname>
	<url>2603</url>
</streaminginfo>
<streaminginfo>
	<cname>Infinity</cname>
	<url>1766</url>
</streaminginfo>
<streaminginfo>
	<cname>Rotana Cinema</cname>
	<title>link2</title>
	<url>2615</url>
</streaminginfo>
<streaminginfo>
	<cname>Rotana Classic</cname>
	<url>2609</url>
</streaminginfo>
<streaminginfo>
	<cname>Rotana Khaligi</cname>
	<url>2606</url>
</streaminginfo>
<streaminginfo>
	<cname>Rotana Music</cname>
	<url>2600</url>
</streaminginfo>
<streaminginfo>
	<cname>MBC 1</cname>
	<url>367</url>
</streaminginfo>
<streaminginfo>
	<cname>Alarabiya</cname>
	<url>366</url>
</streaminginfo>
<streaminginfo>
	<cname>MBC 2</cname>
	<url>368</url>
</streaminginfo>

<streaminginfo>
	<cname>Al Fayhaa</cname>
	<url>1790</url>
</streaminginfo>
<streaminginfo>
	<cname>Suroyo</cname>
	<url>1796</url>
</streaminginfo>

<streaminginfo>
	<cname>Aljazeera Doc</cname>
	<url>3029</url>
</streaminginfo>

<streaminginfo>
	<cname>Aljazeera Mubasher</cname>
	<url>3032</url>
</streaminginfo>

<streaminginfo>
	<cname>Aljazeera</cname>
	<url>3035</url>
</streaminginfo>
<streaminginfo>
	<cname>Aljazeera Mubasher Masr</cname>
	<url>3041</url>
</streaminginfo>
<streaminginfo>
	<cname>Aljazeera US</cname>
	<url>3044</url>
</streaminginfo>
<streaminginfo>
	<cname>KSA 2</cname>
	<url>1778</url>
</streaminginfo>
<streaminginfo>
	<cname>Saudia Sport</cname>
	<url>1781</url>
</streaminginfo>

<streaminginfo>
	<cname>Rotana Masriya</cname>
	<url>2612</url>
</streaminginfo>
<streaminginfo>
	<cname>KSA 1</cname>
	<url>1775</url>
</streaminginfo>

<streaminginfo>
	<cname>iFilm English</cname>
	<url>908</url>
</streaminginfo>

<streaminginfo>
	<cname>Dubai Sport 1</cname>
	<url>79</url>
</streaminginfo>


<streaminginfo>
	<cname>BBC One</cname>
	<url>14</url>
</streaminginfo>
<streaminginfo>
	<cname>BBC Two</cname>
	<url>25</url>
</streaminginfo>
	<streaminginfo>
		<cname>ITV 1</cname>
		<url>11</url>
</streaminginfo>



	<streaminginfo>
		<cname>ZDF</cname>
		<url>2759</url>
</streaminginfo>

	<streaminginfo>
		<cname>arte</cname>
		<url>1729</url>
</streaminginfo>

<streaminginfo>
	<cname>MBC Action</cname>
	<url>369</url>
</streaminginfo>

<streaminginfo>
	<cname>National Geo Ad</cname>
	<url>1763</url>
</streaminginfo>

<streaminginfo>
	<cname>Ajman</cname>
	<url>1769</url>
</streaminginfo>
<streaminginfo>
	<cname>Noor Dubai</cname>
	<url>1772</url>
</streaminginfo>
<streaminginfo>
	<cname>Aljazeera Children</cname>
	<url>1814</url>
</streaminginfo>
<streaminginfo>
	<cname>Abu Dhabi Sports 1</cname>
	<url>369</url>
</streaminginfo>
<streaminginfo>
	<cname>Animal Planet</cname>
	<title>Animal Atlas</title>
	<url>799</url>
</streaminginfo>

</streamingInfos>
