<?xml version="1.0" encoding="UTF-8"?>
<overrides>
	<groupings>

    <!-- ====== -->
    <!-- Common -->
    <!-- ====== -->
		<node label="32029">
			<content>common</content>
		</node>

    <!-- ============= -->
    <!-- Video Library -->
    <!-- ============= -->
		<node label="32030">
			<content>video</content>
			<content>customvideonode</content>
      <!-- Custom Shortcuts -->
	    <shortcut label="::LOCAL::31244" type="::LOCAL::342" grouping="customvideonode" icon="DefaultInProgressMovies.png" condition="Library.HasContent(movies)">ActivateWindow(Videos,special://skin/extras/playlists/Movies_InProgress.xsp,return)</shortcut>
      <shortcut label="::LOCAL::31265" type="::LOCAL::342" grouping="customvideonode" icon="DefaultMovies.png" condition="Library.HasContent(movies)">ActivateWindow(Videos,special://skin/extras/playlists/Movies_Unwatched.xsp,return)</shortcut>
	    <shortcut label="::LOCAL::31266" type="::LOCAL::31002" grouping="customvideonode" icon="DefaultTVShows.png" condition="Library.HasContent(tvshows)">ActivateWindow(Videos,special://skin/extras/playlists/TVShows_Unwatched.xsp,return)</shortcut>
	    <shortcut label="::LOCAL::31267" type="::LOCAL::31002" grouping="customvideonode" icon="DefaultTVShows.png" condition="Library.HasContent(tvshows)">ActivateWindow(Videos,special://skin/extras/playlists/Episodes_Unwatched.xsp,return)</shortcut>
	    <shortcut label="::LOCAL::31001" type="::LOCAL::31002" grouping="customvideonode" icon="DefaultTVShows.png" condition="System.HasAddon(script.tv.show.next.aired) + Library.HasContent(TVShows)">RunAddon(script.tv.show.next.aired)</shortcut>
      <!-- Video Addons -->
			<node label="32010">
				<content>addon-video</content>
			</node>
      <!-- Video Playlists -->
			<node label="32040">
				<content>playlist-video</content>
			</node>
      <!-- Video sources -->
			<node label="32075">
				<content>videosources</content>
			</node>
		</node>

    <!-- ============= -->
    <!-- Music Library -->
    <!-- ============= -->
		<node label="32031">
			<content>music</content>
      <!-- Custom Shortcuts -->
    	<shortcut label="Virgin TV" type="::LOCAL::33002" grouping="musicvideo" icon="DefaultMusicVideos.png">PlayMedia("special://skin/extras/streams/VirginTV.strm")</shortcut>
    	<shortcut label="Radio105 TV" type="::LOCAL::33002" grouping="musicvideo" icon="DefaultMusicVideos.png">PlayMedia("special://skin/extras/streams/Radio105TV.strm")</shortcut>
    	<shortcut label="Radio Montecarlo TV" type="::LOCAL::33002" grouping="musicvideo" icon="DefaultMusicVideos.png">PlayMedia("special://skin/extras/streams/RadioMontecarloTV.strm")</shortcut>
			<node label="32040">
				<content>playlist-audio</content>
			</node>
			<node label="32011">
				<shortcut label="1038" type="32019" icon="DefaultAddonMusic.png">ActivateWindow(MusicLibrary,Addons,return)</shortcut>
				<content>addon-audio</content>
			</node>
			<node label="32075">
				<content>musicsources</content>
				<content>upnp-music</content>
			</node>
		</node>

    <!-- === -->
    <!-- PVR -->
    <!-- === -->
		<node label="32017" condition="PVR.HasTVChannels" version="14">
			<content>pvr</content>
			<node label="19023">
				<content>pvr-tv</content>
			</node>
		</node>
		<node label="32087" condition="PVR.HasRadioChannels" version="14">
			<content>radio</content>
			<node label="19024">
				<content>pvr-radio</content>
			</node>
		</node>

    <!-- ======== -->
    <!-- Pictures -->
    <!-- ======== -->
		<node label="32020">
			<content>picturesources</content>
		</node>

    <!-- ======= -->
    <!-- Add-Ons -->
    <!-- ======= -->
		<node label="32007">
			<node label="32009">
				<shortcut label="10001" type="32021" icon="DefaultAddonProgram.png">ActivateWindow(Programs,Addons,return)</shortcut>
				<content>addon-program</content>
			</node>
			<node label="32010">
				<shortcut label="1037" type="32014" icon="DefaultAddonVideo.png">ActivateWindow(Videos,Addons,return)</shortcut>
				<content>addon-video</content>
			</node>
			<node label="32011">
				<shortcut label="1038" type="32019" icon="DefaultAddonMusic.png">ActivateWindow(MusicLibrary,Addons,return)</shortcut>
				<content>addon-audio</content>
			</node>
			<node label="32012">
				<shortcut label="1039" type="32020" icon="DefaultAddonPicture.png">ActivateWindow(Pictures,Addons,return)</shortcut>
				<content>addon-image</content>
			</node>
		</node>

    <!-- ========== -->
    <!-- Favourites -->
    <!-- ========== -->
		<node label="32006">
			<content>favourite</content>
		</node>

    <!-- ======== -->
    <!-- Settings -->
    <!-- ======== -->
		<node label="10004">
			<content>settings</content>
		</node>

    <!-- ============= -->
    <!-- Kodi Commands -->
    <!-- ============= -->
		<node label="32054">
			<content>commands</content>
		</node>
	</groupings>


  <!-- =============== -->
  <!-- Shortcuts Check -->
  <!-- =============== -->
  <checkforshortcut property="trailers">ActivateWindow(videos,plugin://$INFO[Skin.String(TrailersAddon_Path)])</checkforshortcut>


  <!-- =========== -->
  <!-- Backgrounds -->
  <!-- =========== -->
  <backgroundBrowse default="special://skin/extras/backgrounds/">True</backgroundBrowse>
  <background label="Movies Fanart" condition="System.HasAddon(script.grab.fanart)">$INFO[Window(Home).Property(script.grab.fanart.Movie.FanArt)]</background>
  <background label="TV Shows Fanart" condition="System.HasAddon(script.grab.fanart)">$INFO[Window(Home).Property(script.grab.fanart.TV.FanArt)]</background>
  <background label="Videos Fanart" condition="System.HasAddon(script.grab.fanart)">$INFO[Window(Home).Property(script.grab.fanart.Video.FanArt)]</background>
  <background label="Music Fanart" condition="System.HasAddon(script.grab.fanart)">$INFO[Window(Home).Property(script.grab.fanart.Music.FanArt)]</background>
  <background label="Mixed Fanart" condition="System.HasAddon(script.grab.fanart)">$INFO[Window(Home).Property(script.grab.fanart.Global.FanArt)]</background>


  <!-- =============== -->
  <!-- Icons Overrides -->
  <!-- =============== -->
  <icon labelID="settings">special://skin/extras/icons/Settings.png</icon>
  <icon labelID="7">special://skin/extras/icons/FileManager.png</icon>
	<icon labelID="10007">special://skin/extras/icons/SystemInfo.png</icon>
	<icon labelID="dvd">DefaultDVD.png</icon>
	<icon labelID="32033">DefaultDVD.png</icon>
	<icon labelID="13200">DefaultActor.png</icon>
  <icon labelID="1036">special://skin/extras/icons/Favourites.png</icon>
  <icon labelID="weather">special://skin/extras/icons/Weather.png</icon>
  <icon labelID="32046">special://skin/extras/icons/UpdateVideoLibrary.png</icon>
  <icon labelID="32047">special://skin/extras/icons/UpdateMusicLibrary.png</icon>
  <icon labelID="32055">special://skin/extras/icons/CleanVideoLibrary.png</icon>
  <icon labelID="32056">special://skin/extras/icons/CleanMusicLibrary.png</icon>
  <icon labelID="livetv">DefaultLiveTV.png</icon>
  <icon labelID="19023">DefaultLiveTV.png</icon>
  <icon labelID="19024">DefaultLiveTV.png</icon>
  <icon labelID="19183">DefaultLiveTV.png</icon>
  <icon labelID="19069">DefaultLiveTV.png</icon>
  <icon labelID="19163">DefaultLiveTV.png</icon>
  <icon labelID="32023">DefaultLiveTV.png</icon>
  <icon labelID="32066">DefaultLiveTV.png</icon>
  <icon labelID="32067">DefaultLiveTV.png</icon>
  <icon labelID="32068">DefaultLiveTV.png</icon>
  <icon labelID="32076">DefaultLiveTV.png</icon>
  <icon labelID="32077">DefaultLiveTV.png</icon>
  <icon labelID="744">DefaultFile.png</icon>
  <icon labelID="1037">DefaultAddon.png</icon>
  <icon labelID="1038">DefaultAddon.png</icon>
  <icon labelID="1039">DefaultAddon.png</icon>
  <icon labelID="32023">DefaultAddon.png</icon>
	<icon labelID="480">special://skin/extras/icons/Appearance.png</icon>
	<icon labelID="3">DefaultVideo.png</icon>
	<icon labelID="19020">DefaultLiveTV.png</icon>
	<icon labelID="2">DefaultAudio.png</icon>
	<icon labelID="1">DefaultPicture.png</icon>
	<icon labelID="8">special://skin/extras/icons/Weather.png</icon>
	<icon labelID="24001">DefaultAddon.png</icon>
	<icon labelID="14036">DefaultNetwork.png</icon>
	<icon labelID="13000">special://skin/extras/icons/System.png</icon>
	<icon labelID="20077">special://skin/extras/icons/Skin.png</icon>

</overrides>
